Concelho;15 - 19 anos-1:Nenhum;15 - 19 anos-2:Ensino básico;15 - 19 anos-21:1.º ciclo;15 - 19 anos-22:2.º ciclo;15 - 19 anos-23:3.º ciclo;15 - 19 anos-3:Ensino secundário;15 - 19 anos-4:Ensino pós-secundário;15 - 19 anos-5:Ensino superior;15 - 19 anos-51:Curso técnico superior profissional;15 - 19 anos-52:Bacharelato;15 - 19 anos-53:Licenciatura;15 - 19 anos-54:Mestrado;15 - 19 anos-55:Doutoramento;20 - 24 anos-1:Nenhum;20 - 24 anos-2:Ensino básico;20 - 24 anos-21:1.º ciclo;20 - 24 anos-22:2.º ciclo;20 - 24 anos-23:3.º ciclo;20 - 24 anos-3:Ensino secundário;20 - 24 anos-4:Ensino pós-secundário;20 - 24 anos-5:Ensino superior;20 - 24 anos-51:Curso técnico superior profissional;20 - 24 anos-52:Bacharelato;20 - 24 anos-53:Licenciatura;20 - 24 anos-54:Mestrado;20 - 24 anos-55:Doutoramento;25 - 29 anos-1:Nenhum;25 - 29 anos-2:Ensino básico;25 - 29 anos-21:1.º ciclo;25 - 29 anos-22:2.º ciclo;25 - 29 anos-23:3.º ciclo;25 - 29 anos-3:Ensino secundário;25 - 29 anos-4:Ensino pós-secundário;25 - 29 anos-5:Ensino superior;25 - 29 anos-51:Curso técnico superior profissional;25 - 29 anos-52:Bacharelato;25 - 29 anos-53:Licenciatura;25 - 29 anos-54:Mestrado;25 - 29 anos-55:Doutoramento;30 - 34 anos-1:Nenhum;30 - 34 anos-2:Ensino básico;30 - 34 anos-21:1.º ciclo;30 - 34 anos-22:2.º ciclo;30 - 34 anos-23:3.º ciclo;30 - 34 anos-3:Ensino secundário;30 - 34 anos-4:Ensino pós-secundário;30 - 34 anos-5:Ensino superior;30 - 34 anos-51:Curso técnico superior profissional;30 - 34 anos-52:Bacharelato;30 - 34 anos-53:Licenciatura;30 - 34 anos-54:Mestrado;30 - 34 anos-55:Doutoramento;35 - 39 anos-1:Nenhum;35 - 39 anos-2:Ensino básico;35 - 39 anos-21:1.º ciclo;35 - 39 anos-22:2.º ciclo;35 - 39 anos-23:3.º ciclo;35 - 39 anos-3:Ensino secundário;35 - 39 anos-4:Ensino pós-secundário;35 - 39 anos-5:Ensino superior;35 - 39 anos-51:Curso técnico superior profissional;35 - 39 anos-52:Bacharelato;35 - 39 anos-53:Licenciatura;35 - 39 anos-54:Mestrado;35 - 39 anos-55:Doutoramento;40 - 44 anos-1:Nenhum;40 - 44 anos-2:Ensino básico;40 - 44 anos-21:1.º ciclo;40 - 44 anos-22:2.º ciclo;40 - 44 anos-23:3.º ciclo;40 - 44 anos-3:Ensino secundário;40 - 44 anos-4:Ensino pós-secundário;40 - 44 anos-5:Ensino superior;40 - 44 anos-51:Curso técnico superior profissional;40 - 44 anos-52:Bacharelato;40 - 44 anos-53:Licenciatura;40 - 44 anos-54:Mestrado;40 - 44 anos-55:Doutoramento;45 - 49 anos-1:Nenhum;45 - 49 anos-2:Ensino básico;45 - 49 anos-21:1.º ciclo;45 - 49 anos-22:2.º ciclo;45 - 49 anos-23:3.º ciclo;45 - 49 anos-3:Ensino secundário;45 - 49 anos-4:Ensino pós-secundário;45 - 49 anos-5:Ensino superior;45 - 49 anos-51:Curso técnico superior profissional;45 - 49 anos-52:Bacharelato;45 - 49 anos-53:Licenciatura;45 - 49 anos-54:Mestrado;45 - 49 anos-55:Doutoramento;50 - 54 anos-1:Nenhum;50 - 54 anos-2:Ensino básico;50 - 54 anos-21:1.º ciclo;50 - 54 anos-22:2.º ciclo;50 - 54 anos-23:3.º ciclo;50 - 54 anos-3:Ensino secundário;50 - 54 anos-4:Ensino pós-secundário;50 - 54 anos-5:Ensino superior;50 - 54 anos-51:Curso técnico superior profissional;50 - 54 anos-52:Bacharelato;50 - 54 anos-53:Licenciatura;50 - 54 anos-54:Mestrado;50 - 54 anos-55:Doutoramento;55 - 59 anos-1:Nenhum;55 - 59 anos-2:Ensino básico;55 - 59 anos-21:1.º ciclo;55 - 59 anos-22:2.º ciclo;55 - 59 anos-23:3.º ciclo;55 - 59 anos-3:Ensino secundário;55 - 59 anos-4:Ensino pós-secundário;55 - 59 anos-5:Ensino superior;55 - 59 anos-51:Curso técnico superior profissional;55 - 59 anos-52:Bacharelato;55 - 59 anos-53:Licenciatura;55 - 59 anos-54:Mestrado;55 - 59 anos-55:Doutoramento;60 - 64 anos-1:Nenhum;60 - 64 anos-2:Ensino básico;60 - 64 anos-21:1.º ciclo;60 - 64 anos-22:2.º ciclo;60 - 64 anos-23:3.º ciclo;60 - 64 anos-3:Ensino secundário;60 - 64 anos-4:Ensino pós-secundário;60 - 64 anos-5:Ensino superior;60 - 64 anos-51:Curso técnico superior profissional;60 - 64 anos-52:Bacharelato;60 - 64 anos-53:Licenciatura;60 - 64 anos-54:Mestrado;60 - 64 anos-55:Doutoramento;65 - 69 anos-1:Nenhum;65 - 69 anos-2:Ensino básico;65 - 69 anos-21:1.º ciclo;65 - 69 anos-22:2.º ciclo;65 - 69 anos-23:3.º ciclo;65 - 69 anos-3:Ensino secundário;65 - 69 anos-4:Ensino pós-secundário;65 - 69 anos-5:Ensino superior;65 - 69 anos-51:Curso técnico superior profissional;65 - 69 anos-52:Bacharelato;65 - 69 anos-53:Licenciatura;65 - 69 anos-54:Mestrado;65 - 69 anos-55:Doutoramento;70 - 74 anos-1:Nenhum;70 - 74 anos-2:Ensino básico;70 - 74 anos-21:1.º ciclo;70 - 74 anos-22:2.º ciclo;70 - 74 anos-23:3.º ciclo;70 - 74 anos-3:Ensino secundário;70 - 74 anos-4:Ensino pós-secundário;70 - 74 anos-5:Ensino superior;70 - 74 anos-51:Curso técnico superior profissional;70 - 74 anos-52:Bacharelato;70 - 74 anos-53:Licenciatura;70 - 74 anos-54:Mestrado;70 - 74 anos-55:Doutoramento;75 ou mais anos-1:Nenhum;75 ou mais anos-2:Ensino básico;75 ou mais anos-21:1.º ciclo;75 ou mais anos-22:2.º ciclo;75 ou mais anos-23:3.º ciclo;75 ou mais anos-3:Ensino secundário;75 ou mais anos-4:Ensino pós-secundário;75 ou mais anos-5:Ensino superior;75 ou mais anos-51:Curso técnico superior profissional;75 ou mais anos-52:Bacharelato;75 ou mais anos-53:Licenciatura;75 ou mais anos-54:Mestrado;75 ou mais anos-55:Doutoramento;HM-1:Solteiro-T:Total;HM-2:Casado-T:Total;HM-3:Viúvo-T:Total;HM-4:Divorciado-T:Total;Taxa_imigrantes_2011;Taxa_imigrantes_2021;S7A2021:2021-T:HM;Poder_de_compra;H:0 - 14 anos;H:15 - 24 anos;H:25 - 64 anos;H:65 e mais anos;M:0 - 14 anos;M:15 - 24 anos;M:25 - 64 anos;M:65 e mais anos;Taxa_criminalidade;Partido_Vencedor_#NAME?;Partido_Vencedor_FAP;Partido_Vencedor_IN-OV;Partido_Vencedor_MCPE;Partido_Vencedor_MUB;Partido_Vencedor_Manteigas 2030;Partido_Vencedor_PCP-PEV;Partido_Vencedor_PS;Partido_Vencedor_PSD/CDS;Partido_Vencedor_UPF;Partido_Vencedor_VM;Partido_Vencedor_[MMMI];Limite;A_2022;ADN_2022;B.E._2022;CDS-PP_2022;CH_2022;E_2022;EMBRANCO_2022;IL_2022;JPP_2022;L_2022;MAS_2022;MPT_2022;NC_2022;NULOS_2022;PAN_2022;PCP-PEV_2022;PCTP/MRPP_2022;PPD/PSD_2022;PPD/PSD.CDS-PP_2022;PPD/PSD.CDS-PP.PPM_2022;PPM_2022;PS_2022;PTP_2022;R.I.R._2022;VP_2022;A_2021;B.E._2021;CH_2021;E_2021;IL_2021;JPP_2021;L_2021;MAS_2021;MPT_2021;NC_2021;PAN_2021;PCTP/MRPP_2021;PDR_2021;PPM_2021;PS_2021;PTP_2021;R.I.R._2021;VP_2021;PCP-PEV_2021;[NC/A]_2021;IN-OV_2021;VM_2021;[MCCP]_2021;[AFE]_2021;[CPC]_2021;[MMMI]_2021;AP_2021;MIPA_2021;[SPCVB]_2021;[S-MI]_2021;[UTV]_2021;[MVR]_2021;[MC21]_2021;[MCPE]_2021;[CLIP]_2021;[MPNT]_2021;[MOVE]_2021;[MAiSines]_2021;MUB_2021;R_2021;FAP_2021;#NAME?_2021;Manteigas 2030_2021;UPF_2021;MMMF_2021;MOV.PT_2021;I-Góis_2021;M51_2021;JÁ!_2021;U.C._2021;UCPT_2021;CICC_2021;jmfv_2021;MFI_2021;MCPE_2021;JPNT_2021;MLP_2021;GCA_2021;MP_2021;CIC_2021;Unnamed: 65_2021;VA_2021;PV_2021;[ALTERNATIVAcom_2021;Unnamed: 69_2021;CICF_2021;CPM_2021;[MPT/PPM/A_2021;UPM_2021;MSU_2021;CIMB_2021;sum_columns_2021;PSD/CDS_2021;Distrito_Aveiro;Distrito_Açores;Distrito_Beja;Distrito_Braga;Distrito_Bragança;Distrito_Castelo Branco;Distrito_Coimbra;Distrito_Faro;Distrito_Guarda;Distrito_Leiria;Distrito_Lisboa;Distrito_Madeira;Distrito_Portalegre;Distrito_Porto;Distrito_Santarém;Distrito_Setúbal;Distrito_Viana do Castelo;Distrito_Vila Real;Distrito_Viseu;Distrito_Évora
ABRANTES;19.0;1101.0;19.0;174.0;908.0;479.0;0.0;2.0;2.0;0.0;0.0;0.0;0.0;14.0;265.0;10.0;52.0;203.0;930.0;23.0;374.0;22.0;0.0;303.0;49.0;0.0;17.0;233.0;15.0;40.0;178.0;560.0;37.0;453.0;13.0;0.0;266.0;171.0;3.0;29.0;384.0;19.0;81.0;284.0;476.0;39.0;422.0;11.0;6.0;256.0;145.0;4.0;31.0;552.0;39.0;114.0;399.0;576.0;56.0;453.0;2.0;15.0;327.0;106.0;3.0;38.0;822.0;90.0;202.0;530.0;736.0;38.0;501.0;0.0;33.0;410.0;53.0;5.0;56.0;1094.0;180.0;368.0;546.0;729.0;37.0;540.0;0.0;53.0;426.0;57.0;4.0;88.0;1355.0;294.0;428.0;633.0;605.0;38.0;387.0;0.0;44.0;291.0;45.0;7.0;97.0;1688.0;514.0;517.0;657.0;587.0;5.0;371.0;0.0;31.0;293.0;39.0;8.0;126.0;1845.0;823.0;385.0;637.0;528.0;0.0;292.0;0.0;32.0;229.0;27.0;4.0;140.0;2027.0;1448.0;194.0;385.0;287.0;0.0;236.0;0.0;61.0;160.0;12.0;3.0;166.0;1886.0;1420.0;163.0;303.0;136.0;0.0;145.0;0.0;53.0;86.0;4.0;2.0;1367.0;3988.0;3402.0;230.0;356.0;141.0;0.0;168.0;0.0;84.0;78.0;4.0;2.0;12742.0;15033.0;3739.0;2815.0;1.33;1.66;1.66;0.0;1794.0;1716.0;8418.0;4506.0;1720.0;1491.0;8503.0;6181.0;0.0;0.0;0.0;0.0;0.0;0.0;0.0;0.0;1.0;0.0;0.0;0.0;0.0;0.0;0.0;0.0;5.41;1.32;10.82;0.12;1.27;2.15;0.0;0.79;0.15;0.1;0.0;1.15;0.96;4.85;0.0;21.07;0.0;0.0;0.0;48.95;0.09;0.63;0.15;0.0;6.47;5.51;0.0;0.0;0.0;0.0;0.0;0.0;0.0;0.0;0.0;0.0;0.0;58.14;0.0;0.0;0.0;5.44;0.0;0.0;0.0;0.0;0.0;0.0;0.0;0.0;0.0;0.0;0.0;0.0;0.0;0.0;0.0;0.0;0.0;0.0;0.0;0.0;0.0;0.0;0.0;0.0;0.0;0.0;0.0;0.0;0.0;0.0;0.0;0.0;0.0;0.0;0.0;0.0;0.0;0.0;0.0;0.0;0.0;0.0;0.0;0.0;9.8;0.0;0.0;0.0;0.0;0.0;0.0;0.0;99.99;14.63;0;0;0;0;0;0;0;0;0;0;0;0;0;0;1;0;0;0;0;0
AGUEDA;22.0;1351.0;5.0;136.0;1210.0;806.0;4.0;6.0;6.0;0.0;0.0;0.0;0.0;22.0;338.0;14.0;25.0;299.0;1371.0;59.0;553.0;30.0;0.0;435.0;87.0;1.0;38.0;474.0;16.0;72.0;386.0;887.0;84.0;767.0;19.0;0.0;444.0;298.0;6.0;32.0;705.0;20.0;117.0;568.0;809.0;99.0;757.0;14.0;6.0;444.0;277.0;16.0;35.0;968.0;30.0;209.0;729.0;906.0;88.0;768.0;12.0;31.0;552.0;158.0;15.0;48.0;1285.0;116.0;432.0;737.0;964.0;92.0;770.0;3.0;75.0;575.0;104.0;13.0;67.0;1768.0;271.0;762.0;735.0;834.0;61.0;712.0;0.0;87.0;537.0;76.0;12.0;107.0;2109.0;537.0;896.0;676.0;711.0;45.0;435.0;0.0;56.0;322.0;47.0;10.0;101.0;2490.0;903.0;917.0;670.0;597.0;5.0;321.0;0.0;35.0;231.0;39.0;16.0;124.0;2405.0;1152.0;686.0;567.0;472.0;0.0;233.0;0.0;38.0;165.0;23.0;7.0;180.0;2607.0;1929.0;315.0;363.0;238.0;0.0;253.0;0.0;91.0;146.0;12.0;4.0;206.0;2401.0;1928.0;212.0;261.0;133.0;0.0;138.0;0.0;50.0;78.0;8.0;2.0;1194.0;4215.0;3732.0;198.0;285.0;124.0;0.0;169.0;0.0;86.0;73.0;6.0;4.0;17949.0;21094.0;3488.0;3588.0;2.28;3.51;3.51;0.0;2875.0;2260.0;11697.0;5293.0;2681.0;2272.0;12476.0;6565.0;29.8;0.0;0.0;0.0;0.0;0.0;0.0;0.0;0.0;1.0;0.0;0.0;0.0;1.0;0.0;0.15;3.94;2.82;7.27;0.1;1.57;3.61;0.04;0.49;0.1;0.1;0.0;0.89;0.85;1.4;0.37;37.3;0.0;0.0;0.0;38.55;0.0;0.36;0.09;0.0;2.08;3.95;0.0;0.0;0.0;0.0;0.0;0.0;0.0;0.0;0.0;0.0;0.0;31.16;0.0;0.0;0.0;1.78;0.0;0.0;0.0;0.0;0.0;0.0;0.0;0.0;0.0;0.0;0.0;0.0;0.0;0.0;0.0;0.0;0.0;0.0;0.0;0.0;0.0;0.0;0.0;0.0;0.0;0.0;0.0;0.0;0.0;0.0;0.0;0.0;0.0;0.0;0.0;0.0;0.0;0.0;0.0;0.0;0.0;0.0;0.0;0.0;0.0;0.0;0.0;0.0;0.0;0.0;0.0;0.0;100.0;61.03;1;0;0;0;0;0;0;0;0;0;0;0;0;0;0;0;0;0;0;0
AGUIAR DA BEIRA;1.0;123.0;1.0;12.0;110.0;67.0;1.0;0.0;0.0;0.0;0.0;0.0;0.0;2.0;18.0;1.0;2.0;15.0;150.0;4.0;48.0;1.0;0.0;41.0;6.0;0.0;5.0;31.0;0.0;2.0;29.0;84.0;3.0;79.0;1.0;0.0;47.0;29.0;2.0;4.0;54.0;5.0;11.0;38.0;58.0;8.0;58.0;0.0;0.0;38.0;19.0;1.0;3.0;72.0;6.0;23.0;43.0;74.0;2.0;58.0;0.0;0.0;45.0;13.0;0.0;10.0;132.0;17.0;49.0;66.0;99.0;2.0;46.0;0.0;2.0;40.0;3.0;1.0;13.0;175.0;44.0;65.0;66.0;71.0;4.0;34.0;0.0;4.0;26.0;4.0;0.0;25.0;237.0;91.0;80.0;66.0;45.0;0.0;18.0;0.0;1.0;15.0;2.0;0.0;35.0;338.0;211.0;62.0;65.0;40.0;0.0;11.0;0.0;0.0;8.0;3.0;0.0;31.0;377.0;289.0;55.0;33.0;23.0;0.0;11.0;0.0;2.0;9.0;0.0;0.0;39.0;399.0;345.0;29.0;25.0;16.0;0.0;15.0;0.0;7.0;8.0;0.0;0.0;63.0;362.0;331.0;17.0;14.0;6.0;0.0;8.0;0.0;3.0;5.0;0.0;0.0;459.0;629.0;567.0;38.0;24.0;2.0;0.0;14.0;0.0;8.0;6.0;0.0;0.0;1574.0;2825.0;656.0;176.0;1.17;1.19;1.19;0.0;216.0;224.0;1152.0;864.0;219.0;190.0;1218.0;1148.0;26.3;0.0;0.0;0.0;0.0;0.0;0.0;0.0;1.0;0.0;0.0;0.0;0.0;0.0;0.0;0.0;2.01;3.2;6.28;0.22;1.28;1.54;0.0;0.26;0.15;0.27;0.0;0.89;0.72;0.41;0.0;44.58;0.0;0.0;0.0;37.56;0.08;0.34;0.19;0.0;0.0;4.32;0.0;0.0;0.0;0.0;0.0;0.0;0.0;0.0;0.0;0.0;0.0;53.92;0.0;0.0;0.0;0.37;0.0;0.0;0.0;0.0;0.0;0.0;0.0;0.0;0.0;0.0;0.0;0.0;0.0;0.0;0.0;0.0;0.0;0.0;0.0;0.0;0.0;0.0;0.0;0.0;0.0;0.0;0.0;0.0;0.0;0.0;0.0;0.0;0.0;0.0;0.0;0.0;0.0;0.0;0.0;0.0;0.0;0.0;0.0;0.0;0.0;0.0;0.0;0.0;0.0;0.0;0.0;0.0;100.0;41.39;0;0;0;0;0;0;0;0;1;0;0;0;0;0;0;0;0;0;0;0
ALANDROAL;0.0;122.0;1.0;19.0;102.0;61.0;1.0;0.0;0.0;0.0;0.0;0.0;0.0;0.0;34.0;2.0;5.0;27.0;143.0;5.0;31.0;2.0;0.0;28.0;1.0;0.0;2.0;46.0;1.0;9.0;36.0;91.0;4.0;37.0;0.0;0.0;31.0;6.0;0.0;1.0;68.0;4.0;13.0;51.0;98.0;8.0;36.0;0.0;0.0;26.0;10.0;0.0;4.0;136.0;15.0;41.0;80.0;78.0;15.0;42.0;0.0;1.0;33.0;7.0;1.0;3.0;152.0;23.0;46.0;83.0;97.0;8.0;44.0;0.0;1.0;33.0;10.0;0.0;9.0;201.0;40.0;92.0;69.0;78.0;8.0;46.0;0.0;4.0;37.0;5.0;0.0;15.0;274.0;99.0;92.0;83.0;64.0;4.0;24.0;0.0;5.0;15.0;3.0;1.0;18.0;318.0;147.0;101.0;70.0;52.0;0.0;20.0;0.0;2.0;11.0;6.0;1.0;20.0;309.0;181.0;68.0;60.0;47.0;0.0;22.0;0.0;3.0;12.0;6.0;1.0;29.0;273.0;214.0;30.0;29.0;16.0;0.0;21.0;0.0;2.0;13.0;4.0;2.0;30.0;259.0;212.0;26.0;21.0;12.0;0.0;7.0;0.0;3.0;3.0;0.0;1.0;400.0;545.0;508.0;13.0;24.0;8.0;0.0;8.0;0.0;5.0;2.0;0.0;1.0;1884.0;2210.0;593.0;327.0;1.47;2.01;2.01;69.78;243.0;209.0;1293.0;687.0;267.0;188.0;1206.0;921.0;0.0;0.0;0.0;0.0;0.0;0.0;0.0;0.0;1.0;0.0;0.0;0.0;0.0;0.0;0.0;0.0;2.46;0.57;9.96;0.1;1.06;1.3;0.0;0.27;0.0;0.09;0.0;0.67;0.52;14.62;0.0;12.8;0.0;0.0;0.0;54.86;0.05;0.36;0.32;0.0;0.0;0.0;0.0;0.0;0.0;0.0;0.0;0.0;20.48;0.0;0.0;0.0;0.0;58.8;0.0;0.0;0.0;13.25;0.0;0.0;0.0;0.0;0.0;0.0;0.0;0.0;0.0;0.0;0.0;0.0;0.0;0.0;0.0;0.0;0.0;0.0;0.0;0.0;0.0;0.0;0.0;0.0;0.0;0.0;0.0;0.0;0.0;0.0;0.0;0.0;0.0;0.0;0.0;0.0;0.0;0.0;0.0;0.0;0.0;0.0;0.0;0.0;0.0;0.0;0.0;0.0;0.0;0.0;0.0;0.0;99.99;7.46;0;0;0;0;0;0;0;0;0;0;0;0;0;0;0;0;0;0;0;1
ALBERGARIA-A-VELHA;10.0;762.0;0.0;100.0;662.0;460.0;5.0;2.0;2.0;0.0;0.0;0.0;0.0;13.0;219.0;2.0;28.0;189.0;818.0;28.0;311.0;22.0;0.0;246.0;43.0;0.0;25.0;303.0;5.0;40.0;258.0;546.0;38.0;386.0;16.0;0.0;211.0;159.0;0.0;32.0;420.0;18.0;69.0;333.0;442.0;51.0;325.0;7.0;4.0;194.0;119.0;1.0;31.0;555.0;20.0;123.0;412.0;530.0;43.0;397.0;9.0;16.0;274.0;88.0;10.0;41.0;801.0;66.0;279.0;456.0;536.0;45.0;426.0;2.0;52.0;309.0;55.0;8.0;40.0;964.0;145.0;425.0;394.0;502.0;23.0;400.0;0.0;47.0;299.0;44.0;10.0;52.0;1243.0;317.0;545.0;381.0;367.0;25.0;224.0;0.0;24.0;168.0;26.0;6.0;60.0;1322.0;436.0;549.0;337.0;272.0;1.0;153.0;0.0;16.0;115.0;18.0;4.0;74.0;1300.0;616.0;386.0;298.0;249.0;0.0;111.0;0.0;17.0;90.0;2.0;2.0;73.0;1235.0;899.0;156.0;180.0;134.0;0.0;110.0;0.0;27.0;76.0;4.0;3.0;82.0;1212.0;992.0;108.0;112.0;50.0;0.0;67.0;0.0;25.0;26.0;13.0;3.0;521.0;2050.0;1833.0;80.0;137.0;55.0;0.0;77.0;0.0;37.0;36.0;2.0;2.0;10107.0;10980.0;1803.0;1950.0;2.13;3.01;3.01;0.0;1630.0;1356.0;6540.0;2543.0;1561.0;1272.0;6815.0;3123.0;31.7;0.0;0.0;0.0;0.0;0.0;0.0;0.0;0.0;1.0;0.0;0.0;0.0;1.0;0.0;0.21;3.67;6.41;7.39;0.03;1.34;3.24;0.03;0.65;0.08;0.15;0.0;0.92;1.08;1.52;0.32;32.82;0.0;0.0;0.0;39.49;0.0;0.57;0.06;0.0;1.4;1.96;0.0;0.0;0.0;0.0;0.0;0.0;0.0;0.0;0.0;0.0;0.0;7.13;0.0;0.0;0.0;1.65;0.0;0.0;0.0;0.0;0.0;0.0;0.0;0.0;0.0;0.0;0.0;0.0;0.0;0.0;0.0;0.0;0.0;0.0;0.0;0.0;0.0;0.0;0.0;0.0;0.0;0.0;0.0;0.0;0.0;0.0;0.0;0.0;0.0;0.0;0.0;0.0;0.0;0.0;0.0;0.0;0.0;0.0;0.0;0.0;0.0;0.0;0.0;0.0;0.0;0.0;0.0;0.0;99.99;87.85;1;0;0;0;0;0;0;0;0;0;0;0;0;0;0;0;0;0;0;0
ALBUFEIRA;30.0;1499.0;21.0;204.0;1274.0;721.0;1.0;3.0;3.0;0.0;0.0;0.0;0.0;85.0;553.0;24.0;69.0;460.0;1310.0;38.0;399.0;19.0;0.0;322.0;58.0;0.0;150.0;636.0;45.0;68.0;523.0;1155.0;82.0;677.0;16.0;0.0;484.0;176.0;1.0;207.0;751.0;39.0;134.0;578.0;1082.0;88.0;682.0;13.0;15.0;480.0;171.0;3.0;179.0;870.0;54.0;149.0;667.0;1113.0;101.0;782.0;6.0;74.0;554.0;138.0;10.0;189.0;1158.0;103.0;272.0;783.0;1247.0;103.0;905.0;5.0;101.0;664.0;118.0;17.0;193.0;1436.0;201.0;440.0;795.0;1175.0;77.0;697.0;0.0;101.0;490.0;90.0;16.0;193.0;1664.0;371.0;568.0;725.0;1002.0;49.0;483.0;0.0;74.0;329.0;66.0;14.0;216.0;1810.0;583.0;537.0;690.0;892.0;7.0;379.0;0.0;67.0;249.0;50.0;13.0;276.0;1732.0;812.0;381.0;539.0;688.0;0.0;281.0;0.0;46.0;170.0;48.0;17.0;339.0;1500.0;984.0;194.0;322.0;443.0;0.0;278.0;0.0;61.0;165.0;36.0;16.0;273.0;1409.0;953.0;139.0;317.0;182.0;0.0;198.0;0.0;50.0;98.0;32.0;18.0;837.0;2215.0;1802.0;133.0;280.0;177.0;0.0;166.0;0.0;51.0;84.0;19.0;12.0;0.0;0.0;0.0;0.0;17.53;20.03;20.03;107.03;3163.0;2456.0;12273.0;3733.0;2938.0;2183.0;13134.0;4284.0;78.2;0.0;0.0;0.0;0.0;0.0;0.0;0.0;0.0;1.0;0.0;0.0;0.0;0.0;0.0;0.7;5.11;1.14;15.14;0.14;1.29;5.38;0.0;0.85;0.13;0.18;0.0;1.18;2.46;3.43;0.0;25.29;0.0;0.0;0.0;36.87;0.15;0.46;0.09;0.0;2.17;5.95;0.0;0.0;0.0;0.0;0.0;0.0;0.0;1.96;0.0;0.0;0.0;26.51;0.0;0.0;0.0;2.99;0.0;0.0;0.0;0.0;0.0;0.0;0.0;10.81;16.51;0.0;0.0;0.0;0.0;0.0;0.0;0.0;0.0;0.0;0.0;0.0;0.0;0.0;0.0;0.0;0.0;0.0;0.0;0.0;0.0;0.0;0.0;0.0;0.0;0.0;0.0;0.0;0.0;0.0;0.0;0.0;0.0;0.0;0.0;0.0;0.0;0.0;0.0;0.0;0.0;0.0;0.0;0.0;99.99;33.09;0;0;0;0;0;0;0;1;0;0;0;0;0;0;0;0;0;0;0;0
ALCACER DO SAL;7.0;341.0;4.0;56.0;281.0;174.0;1.0;0.0;0.0;0.0;0.0;0.0;0.0;3.0;110.0;4.0;17.0;89.0;269.0;8.0;83.0;8.0;0.0;62.0;13.0;0.0;8.0;105.0;7.0;13.0;85.0;185.0;12.0;106.0;1.0;0.0;72.0;33.0;0.0;14.0;154.0;14.0;43.0;97.0;168.0;20.0;102.0;1.0;0.0;65.0;35.0;1.0;11.0;234.0;12.0;65.0;157.0;219.0;17.0;129.0;0.0;5.0;106.0;17.0;1.0;18.0;359.0;29.0;121.0;209.0;222.0;12.0;127.0;1.0;6.0;95.0;22.0;3.0;25.0;408.0;65.0;144.0;199.0;246.0;7.0;112.0;0.0;5.0;91.0;15.0;1.0;25.0;399.0;114.0;160.0;125.0;156.0;6.0;90.0;0.0;12.0;65.0;10.0;3.0;34.0;531.0;223.0;176.0;132.0;134.0;1.0;77.0;0.0;8.0;59.0;9.0;1.0;41.0;717.0;429.0;176.0;112.0;127.0;0.0;67.0;0.0;5.0;55.0;4.0;3.0;74.0;725.0;561.0;95.0;69.0;45.0;0.0;43.0;0.0;10.0;29.0;4.0;0.0;103.0;705.0;608.0;46.0;51.0;27.0;0.0;25.0;0.0;5.0;16.0;4.0;0.0;673.0;985.0;880.0;49.0;56.0;18.0;0.0;34.0;0.0;19.0;14.0;0.0;1.0;4472.0;4592.0;1190.0;858.0;2.45;3.17;3.17;87.7;620.0;543.0;2709.0;1500.0;614.0;453.0;2716.0;1957.0;0.0;0.0;0.0;0.0;0.0;0.0;0.0;1.0;0.0;0.0;0.0;0.0;0.0;1.0;0.0;0.13;3.21;1.37;5.9;0.01;0.84;1.49;0.08;0.48;0.02;0.1;0.12;1.44;0.67;22.63;1.12;9.07;0.0;0.0;0.0;50.92;0.07;0.29;0.04;0.0;0.0;2.39;0.0;0.0;0.0;0.0;0.0;0.0;0.0;0.0;0.0;0.0;0.0;45.27;0.0;0.0;0.0;49.49;0.0;0.0;0.0;0.0;0.0;0.0;0.0;0.0;0.0;0.0;0.0;0.0;0.0;0.0;0.0;0.0;0.0;0.0;0.0;0.0;0.0;0.0;0.0;0.0;0.0;0.0;0.0;0.0;0.0;0.0;0.0;0.0;0.0;0.0;0.0;0.0;0.0;0.0;0.0;0.0;0.0;0.0;0.0;0.0;0.0;0.0;0.0;0.0;0.0;0.0;0.0;0.0;100.0;2.85;0;0;0;0;0;0;0;0;0;0;0;0;0;0;0;1;0;0;0;0
ALCANENA;9.0;427.0;2.0;34.0;391.0;187.0;0.0;0.0;0.0;0.0;0.0;0.0;0.0;1.0;66.0;0.0;4.0;62.0;386.0;16.0;132.0;6.0;0.0;104.0;22.0;0.0;8.0;110.0;2.0;12.0;96.0;210.0;13.0;149.0;5.0;0.0;91.0;52.0;1.0;8.0;140.0;3.0;21.0;116.0;209.0;32.0;136.0;2.0;2.0;90.0;41.0;1.0;8.0;239.0;9.0;52.0;178.0;248.0;22.0;164.0;1.0;6.0;124.0;32.0;1.0;11.0;338.0;25.0;99.0;214.0;274.0;24.0;190.0;0.0;11.0;154.0;24.0;1.0;19.0;423.0;60.0;166.0;197.0;283.0;13.0;163.0;0.0;16.0;128.0;18.0;1.0;15.0;512.0;120.0;196.0;196.0;254.0;14.0;104.0;0.0;12.0;78.0;11.0;3.0;18.0;614.0;179.0;210.0;225.0;201.0;2.0;94.0;0.0;9.0;74.0;10.0;1.0;44.0;666.0;300.0;199.0;167.0;151.0;0.0;84.0;0.0;11.0;63.0;8.0;2.0;56.0;689.0;473.0;94.0;122.0;87.0;0.0;59.0;0.0;14.0;40.0;4.0;1.0;64.0;719.0;570.0;63.0;86.0;44.0;0.0;26.0;0.0;8.0;12.0;6.0;0.0;386.0;1348.0;1220.0;63.0;65.0;40.0;0.0;29.0;0.0;15.0;14.0;0.0;0.0;4919.0;5291.0;1158.0;1104.0;2.8;3.41;3.41;0.0;762.0;650.0;3057.0;1525.0;732.0;574.0;3150.0;2022.0;0.0;0.0;0.0;0.0;0.0;0.0;0.0;0.0;0.0;1.0;0.0;0.0;0.0;0.0;0.0;0.0;3.71;1.84;8.67;0.12;1.78;4.14;0.0;0.85;0.1;0.24;0.0;0.92;0.84;4.28;0.0;30.98;0.0;0.0;0.0;40.46;0.13;0.74;0.2;0.0;0.0;3.61;0.0;0.0;0.0;0.0;0.0;0.0;0.0;0.0;0.0;0.0;0.0;40.97;0.0;0.0;0.0;7.02;0.0;0.0;0.0;0.0;0.0;0.0;0.0;0.0;0.0;0.0;0.0;0.0;0.0;0.0;0.0;0.0;0.0;0.0;0.0;0.0;0.0;0.0;0.0;0.0;0.0;0.0;0.0;0.0;0.0;0.0;0.0;0.0;0.0;0.0;0.0;0.0;0.0;0.0;0.0;0.0;0.0;0.0;0.0;0.0;0.0;0.0;0.0;0.0;0.0;0.0;0.0;0.0;99.99;48.39;0;0;0;0;0;0;0;0;0;0;0;0;0;0;1;0;0;0;0;0
ALCOBACA;14.0;1819.0;4.0;222.0;1593.0;962.0;1.0;0.0;0.0;0.0;0.0;0.0;0.0;16.0;408.0;16.0;54.0;338.0;1721.0;63.0;774.0;47.0;0.0;632.0;95.0;0.0;39.0;518.0;26.0;74.0;418.0;1143.0;126.0;919.0;22.0;0.0;613.0;278.0;6.0;48.0;678.0;38.0;109.0;531.0;1000.0;127.0;811.0;9.0;4.0;536.0;254.0;8.0;36.0;1017.0;36.0;210.0;771.0;1034.0;116.0;815.0;11.0;46.0;585.0;156.0;17.0;67.0;1423.0;97.0;419.0;907.0;1206.0;96.0;944.0;4.0;72.0;734.0;124.0;10.0;86.0;2023.0;303.0;769.0;951.0;1152.0;65.0;730.0;0.0;88.0;539.0;95.0;8.0;97.0;2590.0;705.0;885.0;1000.0;996.0;43.0;525.0;0.0;60.0;395.0;57.0;13.0;122.0;2783.0;1140.0;760.0;883.0;837.0;6.0;413.0;0.0;38.0;317.0;49.0;9.0;170.0;2752.0;1549.0;544.0;659.0;599.0;0.0;332.0;0.0;54.0;231.0;39.0;8.0;260.0;2917.0;2202.0;288.0;427.0;359.0;0.0;289.0;0.0;65.0;189.0;25.0;10.0;242.0;2754.0;2256.0;187.0;311.0;185.0;0.0;207.0;0.0;71.0;115.0;15.0;6.0;1768.0;4916.0;4350.0;205.0;361.0;172.0;0.0;198.0;0.0;83.0;104.0;4.0;7.0;22356.0;23395.0;4613.0;4601.0;2.65;4.72;4.72;0.0;3232.0;3047.0;13951.0;6263.0;3204.0;2731.0;14533.0;8004.0;0.0;0.0;0.0;0.0;0.0;0.0;0.0;0.0;0.0;1.0;0.0;0.0;0.0;0.0;0.0;0.26;3.84;2.24;8.35;0.09;1.51;4.72;0.0;0.89;0.08;0.09;0.33;1.41;1.14;2.91;0.0;35.04;0.0;0.0;0.0;36.42;0.04;0.54;0.09;0.0;0.0;4.99;0.0;3.68;0.0;0.0;0.0;0.0;4.74;0.0;0.0;0.0;0.0;32.03;0.0;0.0;0.0;3.67;0.0;0.0;0.0;0.0;0.0;0.0;0.0;0.0;0.0;0.0;0.0;0.0;0.0;0.0;0.0;0.0;0.0;0.0;0.0;0.0;0.0;0.0;0.0;0.0;0.0;0.0;0.0;0.0;0.0;0.0;0.0;0.0;0.0;0.0;0.0;0.0;0.0;0.0;0.0;0.0;0.0;0.0;0.0;0.0;0.0;0.0;0.0;0.0;0.0;0.0;0.0;0.0;100.01;50.9;0;0;0;0;0;0;0;0;0;1;0;0;0;0;0;0;0;0;0;0
ALCOCHETE;4.0;780.0;1.0;89.0;690.0;431.0;1.0;3.0;3.0;0.0;0.0;0.0;0.0;8.0;133.0;1.0;12.0;120.0;624.0;14.0;271.0;8.0;0.0;227.0;36.0;0.0;14.0;160.0;1.0;27.0;132.0;382.0;24.0;271.0;6.0;0.0;148.0;116.0;1.0;15.0;181.0;11.0;30.0;140.0;316.0;43.0;363.0;4.0;0.0;230.0;125.0;4.0;14.0;263.0;18.0;57.0;188.0;352.0;45.0;494.0;2.0;20.0;329.0;135.0;8.0;25.0;391.0;40.0;95.0;256.0;499.0;36.0;739.0;1.0;40.0;571.0;109.0;18.0;26.0;518.0;64.0;156.0;298.0;563.0;39.0;793.0;0.0;77.0;582.0;111.0;23.0;32.0;541.0;98.0;190.0;253.0;461.0;20.0;482.0;0.0;54.0;337.0;72.0;19.0;36.0;574.0;177.0;154.0;243.0;333.0;4.0;291.0;0.0;34.0;201.0;49.0;7.0;40.0;503.0;211.0;142.0;150.0;259.0;0.0;193.0;0.0;28.0;119.0;27.0;19.0;48.0;590.0;371.0;97.0;122.0;125.0;0.0;115.0;0.0;18.0;75.0;16.0;6.0;55.0;721.0;528.0;70.0;123.0;79.0;0.0;67.0;0.0;12.0;47.0;5.0;3.0;328.0;1143.0;942.0;69.0;132.0;64.0;0.0;72.0;0.0;30.0;38.0;1.0;3.0;9037.0;7192.0;1073.0;1841.0;4.46;6.07;6.07;118.86;1560.0;1159.0;4985.0;1500.0;1572.0;1110.0;5350.0;1907.0;0.0;0.0;0.0;0.0;0.0;0.0;0.0;0.0;1.0;0.0;0.0;0.0;0.0;0.0;0.0;0.36;4.67;1.58;10.12;0.03;1.2;6.84;0.09;1.37;0.05;0.08;0.05;0.64;1.79;8.24;0.43;21.09;0.0;0.0;0.0;40.98;0.03;0.29;0.08;0.0;0.0;5.42;0.0;0.0;0.0;0.0;0.0;0.0;0.0;0.0;0.0;0.0;0.0;54.76;0.0;0.0;0.0;22.95;0.0;0.0;0.0;0.0;0.0;0.0;0.0;0.0;0.0;0.0;0.0;0.0;0.0;0.0;0.0;0.0;0.0;0.0;0.0;0.0;0.0;0.0;0.0;0.0;0.0;0.0;0.0;0.0;0.0;0.0;0.0;0.0;0.0;0.0;0.0;0.0;0.0;0.0;0.0;0.0;0.0;0.0;0.0;0.0;0.0;0.0;0.0;0.0;0.0;0.0;0.0;0.0;100.01;16.88;0;0;0;0;0;0;0;0;0;0;0;0;0;0;0;1;0;0;0;0
ALCOUTIM;0.0;59.0;0.0;5.0;54.0;21.0;0.0;0.0;0.0;0.0;0.0;0.0;0.0;0.0;8.0;0.0;0.0;8.0;55.0;1.0;24.0;2.0;0.0;19.0;3.0;0.0;0.0;19.0;0.0;1.0;18.0;28.0;4.0;21.0;0.0;0.0;17.0;4.0;0.0;0.0;12.0;0.0;2.0;10.0;27.0;5.0;22.0;0.0;1.0;17.0;4.0;0.0;0.0;35.0;2.0;4.0;29.0;25.0;1.0;15.0;0.0;1.0;11.0;3.0;0.0;1.0;57.0;1.0;15.0;41.0;42.0;0.0;23.0;0.0;0.0;19.0;4.0;0.0;2.0;73.0;13.0;28.0;32.0;46.0;1.0;14.0;0.0;0.0;12.0;2.0;0.0;3.0;88.0;17.0;44.0;27.0;46.0;1.0;17.0;0.0;1.0;13.0;3.0;0.0;7.0;129.0;49.0;42.0;38.0;27.0;0.0;15.0;0.0;2.0;12.0;1.0;0.0;9.0;141.0;79.0;33.0;29.0;30.0;0.0;12.0;0.0;2.0;8.0;2.0;0.0;21.0;179.0;121.0;31.0;27.0;19.0;0.0;14.0;0.0;5.0;5.0;3.0;1.0;21.0;212.0;164.0;26.0;22.0;11.0;0.0;16.0;0.0;7.0;9.0;0.0;0.0;280.0;402.0;354.0;28.0;20.0;13.0;0.0;11.0;0.0;4.0;6.0;1.0;0.0;0.0;0.0;0.0;0.0;1.85;5.23;5.23;70.99;83.0;89.0;525.0;539.0;75.0;79.0;473.0;660.0;41.2;0.0;0.0;0.0;0.0;0.0;0.0;0.0;1.0;0.0;0.0;0.0;0.0;0.0;0.0;0.52;1.91;0.92;6.28;0.1;1.58;1.22;0.0;0.28;0.05;0.04;0.0;1.64;0.3;4.84;0.0;33.44;0.0;0.0;0.0;46.49;0.09;0.28;0.05;0.0;0.0;1.11;0.0;0.0;0.0;0.0;0.0;0.0;0.0;0.0;0.0;0.0;0.0;57.06;0.0;0.0;0.0;3.15;0.0;0.0;0.0;0.0;0.0;0.0;0.0;0.0;0.0;0.0;0.0;0.0;0.0;0.0;0.0;0.0;0.0;0.0;0.0;0.0;0.0;0.0;0.0;0.0;0.0;0.0;0.0;0.0;0.0;0.0;0.0;0.0;0.0;0.0;0.0;0.0;0.0;0.0;0.0;0.0;0.0;0.0;0.0;0.0;0.0;0.0;0.0;0.0;0.0;0.0;0.0;0.0;100.0;38.68;0;0;0;0;0;0;0;1;0;0;0;0;0;0;0;0;0;0;0;0
ALENQUER;16.0;1658.0;8.0;211.0;1439.0;823.0;3.0;7.0;7.0;0.0;0.0;0.0;0.0;34.0;475.0;12.0;55.0;408.0;1352.0;60.0;530.0;30.0;0.0;424.0;76.0;0.0;48.0;526.0;20.0;60.0;446.0;965.0;73.0;670.0;15.0;0.0;417.0;231.0;7.0;56.0;766.0;41.0;132.0;593.0;906.0;93.0;663.0;9.0;7.0;436.0;201.0;10.0;85.0;1029.0;46.0;221.0;762.0;1117.0;85.0;702.0;15.0;40.0;517.0;119.0;11.0;64.0;1318.0;120.0;363.0;835.0;1337.0;75.0;792.0;4.0;57.0;606.0;111.0;14.0;75.0;1688.0;309.0;572.0;807.0;1221.0;72.0;708.0;0.0;73.0;539.0;87.0;9.0;68.0;1773.0;484.0;610.0;679.0;840.0;40.0;440.0;0.0;49.0;316.0;58.0;17.0;91.0;1848.0;733.0;562.0;553.0;652.0;8.0;308.0;0.0;35.0;227.0;35.0;11.0;138.0;1865.0;951.0;479.0;435.0;415.0;0.0;213.0;0.0;33.0;151.0;25.0;4.0;134.0;1827.0;1406.0;182.0;239.0;234.0;0.0;147.0;0.0;33.0;96.0;12.0;6.0;200.0;1851.0;1552.0;111.0;188.0;117.0;0.0;98.0;0.0;26.0;60.0;6.0;6.0;1124.0;3064.0;2710.0;162.0;192.0;98.0;0.0;94.0;0.0;34.0;48.0;3.0;9.0;19867.0;17770.0;3119.0;3686.0;6.4;7.06;7.06;0.0;3421.0;2595.0;11627.0;3935.0;3242.0;2363.0;12206.0;5053.0;0.0;0.0;0.0;0.0;0.0;0.0;0.0;0.0;1.0;0.0;0.0;0.0;0.0;1.0;0.06;0.13;4.32;1.68;9.55;0.02;1.04;3.47;0.16;1.03;0.08;0.08;0.07;0.77;1.27;7.01;0.94;20.87;0.0;0.0;0.0;46.86;0.06;0.47;0.06;0.0;5.99;7.85;0.0;0.0;0.0;0.0;0.0;0.0;0.0;0.0;0.0;0.0;0.0;44.71;0.0;0.0;0.0;12.1;0.0;0.0;0.0;0.0;7.22;0.0;0.0;0.0;0.0;0.0;0.0;0.0;0.0;0.0;0.0;0.0;0.0;0.0;0.0;0.0;0.0;0.0;0.0;0.0;0.0;0.0;0.0;0.0;0.0;0.0;0.0;0.0;0.0;0.0;0.0;0.0;0.0;0.0;0.0;0.0;0.0;0.0;0.0;0.0;0.0;0.0;0.0;0.0;0.0;0.0;0.0;0.0;99.99;22.12;0;0;0;0;0;0;0;0;0;0;1;0;0;0;0;0;0;0;0;0
ALFANDEGA DA FE;3.0;90.0;0.0;17.0;73.0;60.0;0.0;0.0;0.0;0.0;0.0;0.0;0.0;2.0;29.0;2.0;4.0;23.0;90.0;5.0;47.0;4.0;0.0;35.0;8.0;0.0;1.0;45.0;0.0;10.0;35.0;56.0;4.0;74.0;1.0;0.0;52.0;21.0;0.0;5.0;54.0;5.0;14.0;35.0;60.0;7.0;61.0;0.0;0.0;39.0;20.0;2.0;8.0;68.0;1.0;22.0;45.0;65.0;2.0;54.0;0.0;1.0;48.0;5.0;0.0;15.0;83.0;6.0;20.0;57.0;84.0;1.0;48.0;0.0;2.0;40.0;5.0;1.0;10.0;99.0;24.0;25.0;50.0;63.0;2.0;35.0;0.0;4.0;28.0;2.0;1.0;13.0;163.0;46.0;58.0;59.0;60.0;0.0;26.0;0.0;3.0;20.0;2.0;1.0;17.0;244.0;93.0;77.0;74.0;74.0;1.0;16.0;0.0;3.0;12.0;1.0;0.0;23.0;283.0;156.0;62.0;65.0;64.0;0.0;19.0;0.0;3.0;15.0;0.0;1.0;20.0;307.0;239.0;28.0;40.0;32.0;0.0;30.0;0.0;8.0;18.0;3.0;1.0;41.0;266.0;224.0;25.0;17.0;8.0;0.0;21.0;0.0;8.0;13.0;0.0;0.0;294.0;588.0;538.0;26.0;24.0;11.0;0.0;20.0;0.0;9.0;11.0;0.0;0.0;1425.0;2157.0;525.0;217.0;1.31;2.24;2.24;0.0;177.0;156.0;993.0;763.0;176.0;170.0;1014.0;875.0;0.0;0.0;0.0;0.0;0.0;0.0;0.0;0.0;1.0;0.0;0.0;0.0;0.0;0.0;0.0;0.0;2.19;2.2;6.85;0.15;0.73;1.01;0.0;0.12;0.04;0.1;0.0;0.92;0.54;1.2;0.0;36.3;0.0;0.0;0.0;47.46;0.0;0.18;0.0;0.0;0.0;0.0;0.0;0.0;0.0;0.0;0.0;0.0;0.0;0.0;0.0;0.0;0.0;53.94;0.0;0.0;0.0;1.28;0.0;0.0;0.0;0.0;0.0;0.0;0.0;0.0;0.0;0.0;0.0;0.0;0.0;0.0;0.0;0.0;0.0;0.0;0.0;0.0;0.0;0.0;0.0;0.0;0.0;0.0;0.0;0.0;0.0;0.0;0.0;0.0;0.0;0.0;0.0;0.0;0.0;0.0;0.0;0.0;0.0;0.0;0.0;0.0;0.0;0.0;0.0;0.0;0.0;0.0;0.0;0.0;100.0;44.78;0;0;0;0;1;0;0;0;0;0;0;0;0;0;0;0;0;0;0;0
ALIJO;3.0;270.0;1.0;30.0;239.0;176.0;0.0;2.0;2.0;0.0;0.0;0.0;0.0;5.0;58.0;1.0;7.0;50.0;281.0;8.0;112.0;11.0;0.0;88.0;13.0;0.0;3.0;98.0;1.0;22.0;75.0;150.0;14.0;120.0;6.0;0.0;74.0;38.0;2.0;12.0;179.0;12.0;56.0;111.0;167.0;17.0;102.0;3.0;0.0;70.0;27.0;2.0;15.0;213.0;30.0;59.0;124.0;172.0;7.0;110.0;2.0;2.0;78.0;26.0;2.0;24.0;290.0;46.0;96.0;148.0;199.0;8.0;102.0;0.0;5.0;81.0;14.0;2.0;29.0;369.0;109.0;141.0;119.0;129.0;5.0;96.0;0.0;11.0;69.0;16.0;0.0;40.0;529.0;253.0;168.0;108.0;134.0;3.0;51.0;0.0;8.0;37.0;5.0;1.0;48.0;690.0;413.0;163.0;114.0;91.0;0.0;38.0;0.0;4.0;27.0;7.0;0.0;79.0;723.0;497.0;127.0;99.0;64.0;0.0;40.0;0.0;3.0;33.0;4.0;0.0;97.0;666.0;566.0;45.0;55.0;31.0;0.0;43.0;0.0;11.0;30.0;1.0;1.0;86.0;690.0;586.0;49.0;55.0;22.0;0.0;21.0;0.0;7.0;14.0;0.0;0.0;495.0;1248.0;1129.0;56.0;63.0;21.0;0.0;34.0;0.0;19.0;13.0;1.0;1.0;3722.0;4970.0;1183.0;611.0;0.85;0.89;0.89;0.0;475.0;481.0;2622.0;1538.0;482.0;434.0;2538.0;1916.0;0.0;0.0;0.0;0.0;0.0;0.0;0.0;0.0;0.0;1.0;0.0;0.0;0.0;0.0;0.0;0.0;1.69;2.08;6.95;0.07;0.98;1.81;0.0;0.58;0.29;0.07;0.15;1.48;0.74;1.82;0.0;37.18;0.0;0.0;0.0;43.49;0.0;0.57;0.04;0.0;0.0;2.03;0.0;0.0;0.0;0.0;0.0;0.0;0.0;0.0;0.0;0.0;0.0;32.65;0.0;0.0;0.0;1.87;0.0;0.0;0.0;0.0;0.0;0.0;0.0;0.0;0.0;0.0;0.0;0.0;0.0;0.0;0.0;0.0;0.0;0.0;0.0;0.0;0.0;0.0;0.0;0.0;0.0;0.0;0.0;0.0;0.0;0.0;0.0;0.0;0.0;0.0;0.0;0.0;0.0;0.0;0.0;0.0;0.0;0.0;0.0;0.0;0.0;0.0;0.0;0.0;0.0;0.0;0.0;0.0;100.0;63.45;0;0;0;0;0;0;0;0;0;0;0;0;0;0;0;0;0;1;0;0
ALJEZUR;2.0;161.0;2.0;16.0;143.0;72.0;0.0;0.0;0.0;0.0;0.0;0.0;0.0;4.0;56.0;1.0;4.0;51.0;133.0;5.0;48.0;3.0;0.0;41.0;4.0;0.0;15.0;62.0;4.0;11.0;47.0;122.0;10.0;67.0;3.0;0.0;47.0;17.0;0.0;12.0;79.0;4.0;21.0;54.0;136.0;2.0;95.0;2.0;2.0;59.0;31.0;1.0;15.0;112.0;5.0;27.0;80.0;148.0;6.0;97.0;1.0;12.0;57.0;26.0;1.0;24.0;138.0;5.0;29.0;104.0;136.0;15.0;125.0;0.0;13.0;79.0;30.0;3.0;18.0;175.0;18.0;62.0;95.0;152.0;8.0;124.0;0.0;17.0;76.0;29.0;2.0;27.0;206.0;31.0;86.0;89.0;102.0;5.0;78.0;0.0;10.0;54.0;13.0;1.0;30.0;250.0;94.0;61.0;95.0;88.0;0.0;46.0;0.0;5.0;27.0;12.0;2.0;50.0;251.0;138.0;41.0;72.0;71.0;0.0;67.0;0.0;12.0;45.0;8.0;2.0;59.0;233.0;169.0;22.0;42.0;68.0;0.0;38.0;0.0;9.0;16.0;10.0;3.0;64.0;254.0;183.0;18.0;53.0;40.0;0.0;22.0;0.0;3.0;11.0;7.0;1.0;323.0;452.0;383.0;25.0;44.0;39.0;0.0;34.0;0.0;10.0;13.0;6.0;5.0;0.0;0.0;0.0;0.0;21.63;25.66;25.66;71.57;401.0;253.0;1603.0;762.0;373.0;228.0;1561.0;864.0;54.5;0.0;0.0;0.0;0.0;0.0;0.0;0.0;1.0;0.0;0.0;0.0;0.0;0.0;0.0;0.56;5.38;1.28;8.16;0.09;1.69;3.32;0.0;0.84;0.41;0.28;0.0;1.46;2.36;7.9;0.0;21.33;0.0;0.0;0.0;44.27;0.2;0.46;0.0;0.0;0.0;1.44;0.0;0.0;0.0;0.0;0.0;0.0;0.0;0.0;0.0;0.0;0.0;46.05;0.0;0.0;0.0;4.39;0.0;0.0;0.0;0.0;0.0;0.0;0.0;0.0;0.0;0.0;0.0;0.0;0.0;0.0;0.0;0.0;0.0;0.0;0.0;0.0;43.02;0.0;0.0;0.0;0.0;0.0;0.0;0.0;0.0;0.0;0.0;0.0;0.0;0.0;0.0;0.0;0.0;0.0;0.0;0.0;0.0;0.0;0.0;0.0;0.0;0.0;0.0;0.0;0.0;0.0;0.0;0.0;100.01;5.11;0;0;0;0;0;0;0;1;0;0;0;0;0;0;0;0;0;0;0;0
ALJUSTREL;6.0;252.0;8.0;44.0;200.0;111.0;0.0;0.0;0.0;0.0;0.0;0.0;0.0;5.0;97.0;4.0;18.0;75.0;217.0;10.0;76.0;3.0;0.0;65.0;8.0;0.0;15.0;98.0;8.0;18.0;72.0;166.0;10.0;98.0;3.0;0.0;73.0;22.0;0.0;14.0;159.0;7.0;43.0;109.0;168.0;18.0;103.0;0.0;1.0;72.0;29.0;1.0;11.0;210.0;22.0;46.0;142.0;164.0;5.0;120.0;2.0;2.0;86.0;27.0;3.0;13.0;240.0;17.0;79.0;144.0;179.0;12.0;119.0;0.0;11.0;88.0;18.0;2.0;19.0;317.0;58.0;97.0;162.0;161.0;3.0;92.0;0.0;9.0;73.0;9.0;1.0;19.0;393.0;110.0;116.0;167.0;127.0;4.0;75.0;0.0;10.0;59.0;6.0;0.0;28.0;429.0;144.0;136.0;149.0;139.0;0.0;48.0;0.0;2.0;40.0;5.0;1.0;43.0;524.0;234.0;140.0;150.0;108.0;0.0;49.0;0.0;5.0;41.0;3.0;0.0;36.0;578.0;396.0;76.0;106.0;40.0;0.0;52.0;0.0;12.0;34.0;6.0;0.0;46.0;502.0;415.0;29.0;58.0;18.0;0.0;29.0;0.0;13.0;13.0;1.0;2.0;449.0;748.0;695.0;31.0;22.0;10.0;0.0;33.0;0.0;19.0;13.0;1.0;0.0;3773.0;3640.0;935.0;526.0;1.09;2.85;2.85;84.21;524.0;391.0;2353.0;1110.0;535.0;383.0;2147.0;1431.0;0.0;0.0;0.0;0.0;0.0;0.0;0.0;0.0;1.0;0.0;0.0;0.0;0.0;0.0;0.0;0.0;3.47;0.56;8.22;0.04;0.57;1.0;0.0;0.4;0.12;0.05;0.0;0.84;0.42;27.25;0.92;7.11;0.0;0.0;0.0;48.64;0.07;0.1;0.21;0.0;0.0;1.56;0.0;0.0;0.0;0.0;0.0;0.0;0.0;0.0;0.0;0.0;0.0;48.68;0.0;0.0;0.0;47.0;0.0;0.0;0.0;0.0;0.0;0.0;0.0;0.0;0.0;0.0;0.0;0.0;0.0;0.0;0.0;0.0;0.0;0.0;0.0;0.0;0.0;0.0;0.0;0.0;0.0;0.0;0.0;0.0;0.0;0.0;0.0;0.0;0.0;0.0;0.0;0.0;0.0;0.0;0.0;0.0;0.0;0.0;0.0;0.0;0.0;0.0;0.0;0.0;0.0;0.0;0.0;0.0;100.0;2.76;0;0;1;0;0;0;0;0;0;0;0;0;0;0;0;0;0;0;0;0
ALMADA;62.0;5880.0;72.0;905.0;4903.0;3090.0;9.0;9.0;9.0;0.0;0.0;0.0;0.0;117.0;1742.0;68.0;315.0;1359.0;5297.0;176.0;2299.0;97.0;0.0;1782.0;414.0;6.0;197.0;1740.0;106.0;318.0;1316.0;3434.0;310.0;3815.0;66.0;0.0;2152.0;1567.0;30.0;258.0;1908.0;134.0;389.0;1385.0;3334.0;348.0;4196.0;43.0;49.0;2405.0;1606.0;93.0;270.0;2551.0;185.0;525.0;1841.0;3360.0;333.0;4581.0;51.0;277.0;2917.0;1194.0;142.0;294.0;3211.0;342.0;744.0;2125.0;4042.0;323.0;5122.0;10.0;360.0;3713.0;886.0;153.0;333.0;3939.0;561.0;1124.0;2254.0;4183.0;264.0;4880.0;0.0;450.0;3630.0;656.0;144.0;345.0;4537.0;949.0;1420.0;2168.0;3569.0;174.0;3232.0;0.0;357.0;2292.0;455.0;128.0;406.0;5267.0;1514.0;1399.0;2354.0;3299.0;28.0;2651.0;0.0;266.0;1841.0;397.0;147.0;469.0;5777.0;2324.0;1193.0;2260.0;2952.0;0.0;2221.0;0.0;328.0;1502.0;277.0;114.0;578.0;6409.0;3654.0;926.0;1829.0;2082.0;0.0;1718.0;0.0;292.0;1171.0;173.0;82.0;569.0;7321.0;4428.0;814.0;2079.0;1195.0;0.0;1164.0;0.0;247.0;771.0;82.0;64.0;2854.0;15724.0;11692.0;1312.0;2720.0;1278.0;0.0;1293.0;0.0;440.0;743.0;62.0;48.0;84830.0;61634.0;13257.0;17517.0;6.55;8.42;8.42;104.49;12491.0;9587.0;43309.0;17821.0;11728.0;9094.0;48844.0;24364.0;0.0;0.0;0.0;0.0;0.0;0.0;0.0;0.0;1.0;0.0;0.0;0.0;0.0;0.0;0.0;0.32;5.87;1.14;7.6;0.08;0.9;5.71;0.05;1.76;0.08;0.13;0.06;0.8;2.29;8.83;0.43;17.46;0.0;0.0;0.0;46.0;0.07;0.3;0.14;0.0;7.02;5.81;0.0;2.03;0.0;0.0;0.0;0.0;0.0;2.38;0.0;0.0;0.0;41.09;0.0;0.0;0.0;30.64;0.0;0.0;0.0;0.0;0.0;0.0;0.0;0.0;0.0;0.0;0.0;0.0;0.0;0.0;0.0;0.0;0.0;0.0;0.0;0.0;0.0;0.0;0.0;0.0;0.0;0.0;0.0;0.0;0.0;0.0;0.0;0.0;0.0;0.0;0.0;0.0;0.0;0.0;0.0;0.0;0.0;0.0;0.0;0.0;0.0;0.0;0.0;0.0;0.0;0.0;0.0;0.0;100.0;11.03;0;0;0;0;0;0;0;0;0;0;0;0;0;0;0;1;0;0;0;0
ALMEIDA;1.0;104.0;1.0;14.0;89.0;72.0;1.0;1.0;1.0;0.0;0.0;0.0;0.0;5.0;26.0;0.0;5.0;21.0;121.0;3.0;78.0;4.0;0.0;67.0;7.0;0.0;4.0;39.0;5.0;3.0;31.0;67.0;7.0;63.0;0.0;0.0;41.0;21.0;1.0;2.0;57.0;5.0;4.0;48.0;56.0;9.0;64.0;0.0;0.0;47.0;15.0;2.0;11.0;81.0;2.0;8.0;71.0;86.0;4.0;54.0;0.0;2.0;48.0;4.0;0.0;9.0;115.0;12.0;29.0;74.0;79.0;3.0;47.0;1.0;5.0;31.0;10.0;0.0;17.0;132.0;17.0;49.0;66.0;83.0;2.0;41.0;0.0;11.0;25.0;5.0;0.0;13.0;235.0;53.0;89.0;93.0;107.0;2.0;55.0;0.0;8.0;36.0;9.0;2.0;15.0;303.0;116.0;90.0;97.0;81.0;1.0;35.0;0.0;4.0;28.0;3.0;0.0;17.0;403.0;227.0;61.0;115.0;84.0;0.0;34.0;0.0;6.0;24.0;3.0;1.0;22.0;401.0;297.0;45.0;59.0;38.0;0.0;45.0;0.0;13.0;30.0;2.0;0.0;41.0;432.0;344.0;35.0;53.0;21.0;0.0;25.0;0.0;12.0;12.0;1.0;0.0;439.0;1064.0;957.0;47.0;60.0;26.0;0.0;44.0;0.0;31.0;13.0;0.0;0.0;1820.0;2826.0;942.0;299.0;2.0;2.09;2.09;0.0;183.0;208.0;1284.0;1073.0;177.0;204.0;1233.0;1525.0;49.7;0.0;0.0;0.0;0.0;0.0;0.0;0.0;0.0;1.0;0.0;0.0;0.0;0.0;0.0;0.0;3.01;3.06;9.56;0.31;1.26;1.81;0.0;0.5;0.08;0.04;0.0;1.51;0.2;1.97;0.0;32.31;0.0;0.0;0.0;43.5;0.11;0.62;0.15;0.0;0.0;0.0;0.0;0.0;0.0;0.0;0.0;0.0;0.0;0.0;0.0;0.0;0.0;44.88;0.0;0.0;0.0;2.76;0.0;0.0;0.0;0.0;0.0;0.0;0.0;0.0;0.0;0.0;0.0;0.0;0.0;0.0;0.0;0.0;0.0;0.0;0.0;0.0;0.0;0.0;0.0;0.0;0.0;0.0;0.0;0.0;0.0;0.0;0.0;0.0;0.0;0.0;0.0;0.0;0.0;0.0;0.0;0.0;0.0;0.0;0.0;0.0;0.0;0.0;0.0;0.0;0.0;0.0;0.0;0.0;100.0;52.36;0;0;0;0;0;0;0;0;1;0;0;0;0;0;0;0;0;0;0;0
ALMEIRIM;9.0;766.0;13.0;100.0;653.0;360.0;0.0;2.0;2.0;0.0;0.0;0.0;0.0;28.0;232.0;8.0;24.0;200.0;602.0;25.0;229.0;17.0;0.0;191.0;21.0;0.0;29.0;209.0;12.0;44.0;153.0;393.0;25.0;302.0;12.0;0.0;199.0;88.0;3.0;46.0;283.0;20.0;54.0;209.0;379.0;34.0;288.0;14.0;2.0;203.0;68.0;1.0;35.0;462.0;42.0;100.0;320.0;430.0;47.0;344.0;8.0;12.0;254.0;66.0;4.0;31.0;610.0;72.0;160.0;378.0;549.0;29.0;453.0;1.0;23.0;381.0;44.0;4.0;34.0;796.0;133.0;278.0;385.0;483.0;28.0;354.0;0.0;33.0;276.0;38.0;7.0;51.0;875.0;260.0;283.0;332.0;374.0;17.0;255.0;0.0;30.0;197.0;28.0;0.0;52.0;972.0;387.0;297.0;288.0;292.0;3.0;172.0;0.0;14.0;135.0;20.0;3.0;68.0;1019.0;506.0;244.0;269.0;202.0;0.0;129.0;0.0;23.0;91.0;11.0;4.0;97.0;1000.0;791.0;95.0;114.0;137.0;0.0;121.0;0.0;32.0;79.0;10.0;0.0;151.0;1120.0;923.0;67.0;130.0;63.0;0.0;59.0;0.0;19.0;34.0;5.0;1.0;977.0;1806.0;1647.0;64.0;95.0;59.0;0.0;85.0;0.0;32.0;49.0;1.0;3.0;9100.0;8864.0;1947.0;2101.0;3.02;3.89;3.89;88.28;1484.0;1166.0;5378.0;2424.0;1446.0;1087.0;5776.0;3251.0;0.0;0.0;0.0;0.0;0.0;0.0;0.0;0.0;1.0;0.0;0.0;0.0;0.0;1.0;0.0;0.0;3.7;1.12;12.41;0.1;1.05;2.9;0.0;0.71;0.2;0.12;0.0;1.1;0.62;6.21;0.0;17.9;0.0;0.0;0.0;51.19;0.03;0.56;0.07;0.0;0.0;8.25;0.0;0.0;0.0;0.0;0.0;0.0;0.0;0.0;0.0;0.0;0.0;71.27;0.0;0.0;0.0;11.12;0.0;0.0;0.0;0.0;0.0;0.0;0.0;0.0;0.0;0.0;0.0;0.0;0.0;0.0;0.0;0.0;0.0;0.0;0.0;0.0;0.0;0.0;0.0;0.0;0.0;0.0;0.0;0.0;0.0;0.0;0.0;0.0;0.0;0.0;0.0;0.0;0.0;0.0;0.0;0.0;0.0;0.0;0.0;0.0;0.0;0.0;0.0;0.0;0.0;0.0;0.0;0.0;99.99;9.35;0;0;0;0;0;0;0;0;0;0;0;0;0;0;1;0;0;0;0;0
ALMODOVAR;2.0;195.0;1.0;28.0;166.0;93.0;1.0;0.0;0.0;0.0;0.0;0.0;0.0;3.0;33.0;0.0;7.0;26.0;194.0;2.0;53.0;2.0;0.0;39.0;11.0;1.0;8.0;42.0;0.0;5.0;37.0;133.0;8.0;68.0;1.0;0.0;51.0;15.0;1.0;9.0;88.0;1.0;6.0;81.0;139.0;11.0;55.0;0.0;0.0;42.0;13.0;0.0;12.0;136.0;5.0;19.0;112.0;148.0;8.0;69.0;0.0;4.0;58.0;7.0;0.0;10.0;199.0;19.0;38.0;142.0;141.0;11.0;74.0;1.0;3.0;61.0;9.0;0.0;10.0;214.0;34.0;58.0;122.0;130.0;5.0;60.0;0.0;9.0;42.0;9.0;0.0;24.0;306.0;103.0;72.0;131.0;112.0;1.0;35.0;0.0;1.0;28.0;6.0;0.0;21.0;316.0;140.0;64.0;112.0;78.0;0.0;41.0;0.0;2.0;31.0;6.0;2.0;26.0;376.0;208.0;57.0;111.0;52.0;0.0;39.0;0.0;3.0;32.0;4.0;0.0;46.0;396.0;279.0;49.0;68.0;30.0;0.0;27.0;0.0;8.0;17.0;1.0;1.0;56.0;434.0;339.0;34.0;61.0;13.0;0.0;9.0;0.0;5.0;4.0;0.0;0.0;540.0;611.0;556.0;39.0;16.0;16.0;0.0;12.0;0.0;6.0;5.0;1.0;0.0;2789.0;2814.0;768.0;341.0;1.7;2.86;2.86;80.38;372.0;299.0;1655.0;982.0;359.0;277.0;1560.0;1208.0;0.0;0.0;0.0;0.0;0.0;0.0;0.0;0.0;1.0;0.0;0.0;0.0;0.0;1.0;0.0;0.0;4.12;0.12;8.0;0.16;0.95;1.14;0.0;0.64;0.02;0.34;0.0;1.66;0.68;5.29;0.34;20.24;0.0;0.0;0.0;55.5;0.04;0.44;0.32;0.0;2.75;0.0;0.0;0.0;0.0;0.0;0.0;0.0;0.0;0.0;0.0;0.0;0.0;73.65;0.0;0.0;0.0;1.7;0.0;0.0;0.0;0.0;0.0;0.0;0.0;0.0;0.0;0.0;0.0;0.0;0.0;0.0;0.0;0.0;0.0;0.0;0.0;0.0;0.0;0.0;0.0;0.0;0.0;0.0;0.0;0.0;0.0;0.0;0.0;0.0;0.0;0.0;0.0;0.0;0.0;0.0;0.0;0.0;0.0;0.0;0.0;0.0;0.0;0.0;0.0;0.0;0.0;0.0;0.0;0.0;99.99;21.89;0;0;1;0;0;0;0;0;0;0;0;0;0;0;0;0;0;0;0;0
ALPIARCA;1.0;217.0;0.0;25.0;192.0;130.0;0.0;1.0;1.0;0.0;0.0;0.0;0.0;2.0;62.0;0.0;9.0;53.0;201.0;4.0;79.0;3.0;0.0;65.0;10.0;1.0;3.0;62.0;0.0;7.0;55.0;120.0;14.0;83.0;5.0;0.0;49.0;28.0;1.0;7.0;67.0;0.0;12.0;55.0;103.0;14.0;79.0;0.0;0.0;55.0;23.0;1.0;4.0;118.0;5.0;37.0;76.0;117.0;14.0;110.0;1.0;2.0;85.0;20.0;2.0;6.0;211.0;21.0;58.0;132.0;159.0;14.0;122.0;0.0;11.0;89.0;21.0;1.0;11.0;232.0;39.0;73.0;120.0;137.0;7.0;105.0;0.0;11.0;79.0;15.0;0.0;14.0;273.0;64.0;94.0;115.0;114.0;8.0;82.0;0.0;8.0;68.0;5.0;1.0;17.0;312.0;109.0;105.0;98.0;104.0;0.0;47.0;0.0;5.0;36.0;3.0;3.0;16.0;332.0;178.0;72.0;82.0;83.0;0.0;47.0;0.0;6.0;29.0;8.0;4.0;39.0;390.0;291.0;32.0;67.0;39.0;0.0;40.0;0.0;8.0;30.0;0.0;2.0;52.0;404.0;353.0;16.0;35.0;24.0;0.0;18.0;0.0;8.0;9.0;1.0;0.0;330.0;687.0;642.0;18.0;27.0;15.0;0.0;17.0;0.0;8.0;4.0;3.0;2.0;2594.0;2952.0;779.0;650.0;2.58;3.35;3.35;81.27;478.0;375.0;1618.0;855.0;377.0;322.0;1750.0;1200.0;0.0;0.0;0.0;0.0;0.0;0.0;0.0;0.0;1.0;0.0;0.0;0.0;0.0;0.0;0.0;0.0;4.28;0.71;7.98;0.03;1.18;3.4;0.0;0.63;0.08;0.05;0.0;0.74;0.79;20.01;0.0;13.87;0.0;0.0;0.0;45.97;0.03;0.16;0.08;0.0;0.0;3.15;0.0;0.0;0.0;0.0;0.0;0.0;0.0;0.0;0.0;0.0;0.0;45.13;0.0;0.0;0.0;42.01;0.0;0.0;0.0;0.0;0.0;0.0;0.0;0.0;0.0;0.0;0.0;0.0;0.0;0.0;0.0;0.0;0.0;0.0;0.0;0.0;0.0;0.0;0.0;0.0;0.0;0.0;0.0;0.0;0.0;0.0;0.0;0.0;0.0;0.0;0.0;0.0;0.0;0.0;0.0;0.0;0.0;0.0;0.0;0.0;0.0;0.0;0.0;0.0;0.0;0.0;0.0;0.0;100.0;9.71;0;0;0;0;0;0;0;0;0;0;0;0;0;0;1;0;0;0;0;0
ALTER DO CHAO;2.0;93.0;2.0;9.0;82.0;38.0;0.0;0.0;0.0;0.0;0.0;0.0;0.0;0.0;24.0;7.0;0.0;17.0;83.0;3.0;16.0;1.0;0.0;13.0;2.0;0.0;6.0;30.0;4.0;9.0;17.0;40.0;5.0;29.0;0.0;0.0;20.0;9.0;0.0;3.0;32.0;2.0;13.0;17.0;40.0;6.0;28.0;2.0;0.0;18.0;7.0;1.0;5.0;55.0;2.0;8.0;45.0;47.0;4.0;36.0;0.0;3.0;23.0;9.0;1.0;8.0;64.0;8.0;19.0;37.0;60.0;4.0;39.0;0.0;1.0;32.0;4.0;2.0;9.0;78.0;16.0;20.0;42.0;48.0;1.0;30.0;0.0;4.0;20.0;5.0;1.0;5.0;110.0;27.0;51.0;32.0;42.0;2.0;23.0;0.0;3.0;17.0;3.0;0.0;5.0;161.0;44.0;61.0;56.0;50.0;2.0;26.0;0.0;1.0;22.0;3.0;0.0;10.0;169.0;74.0;53.0;42.0;33.0;0.0;16.0;0.0;6.0;9.0;1.0;0.0;18.0;175.0;128.0;27.0;20.0;15.0;0.0;17.0;0.0;8.0;8.0;1.0;0.0;19.0;176.0;137.0;11.0;28.0;9.0;0.0;8.0;0.0;2.0;6.0;0.0;0.0;214.0;412.0;369.0;16.0;27.0;11.0;0.0;14.0;0.0;7.0;6.0;1.0;0.0;1124.0;1270.0;411.0;239.0;3.31;3.02;3.02;73.57;160.0;120.0;659.0;451.0;176.0;139.0;702.0;637.0;0.0;0.0;0.0;0.0;0.0;0.0;0.0;0.0;0.0;1.0;0.0;0.0;0.0;0.0;0.0;0.0;3.0;1.31;8.55;0.35;0.45;0.85;0.0;0.41;0.0;0.15;0.0;0.5;0.39;11.68;0.99;20.86;0.0;0.0;0.0;50.38;0.0;0.14;0.0;0.0;3.11;3.37;0.0;0.0;0.0;0.0;0.0;0.0;0.0;0.0;0.0;0.0;0.0;41.04;0.0;0.0;0.0;7.38;0.0;0.0;0.0;0.0;0.0;0.0;0.0;0.0;0.0;0.0;0.0;0.0;0.0;0.0;0.0;0.0;0.0;0.0;0.0;0.0;0.0;0.0;0.0;0.0;0.0;0.0;0.0;0.0;0.0;0.0;0.0;0.0;0.0;0.0;0.0;0.0;0.0;0.0;0.0;0.0;0.0;0.0;0.0;0.0;0.0;0.0;0.0;0.0;0.0;0.0;0.0;0.0;100.0;45.1;0;0;0;0;0;0;0;0;0;0;0;0;1;0;0;0;0;0;0;0
ALVAIAZERE;0.0;148.0;0.0;14.0;134.0;87.0;1.0;1.0;1.0;0.0;0.0;0.0;0.0;2.0;31.0;0.0;2.0;29.0;178.0;5.0;65.0;3.0;0.0;54.0;8.0;0.0;4.0;41.0;0.0;6.0;35.0;76.0;17.0;81.0;1.0;0.0;49.0;30.0;1.0;13.0;68.0;3.0;16.0;49.0;86.0;15.0;64.0;0.0;0.0;43.0;21.0;0.0;7.0;82.0;5.0;22.0;55.0;79.0;7.0;58.0;0.0;3.0;35.0;15.0;5.0;11.0;141.0;19.0;44.0;78.0;117.0;8.0;77.0;0.0;4.0;65.0;7.0;1.0;15.0;217.0;58.0;75.0;84.0;104.0;5.0;47.0;0.0;4.0;42.0;1.0;0.0;20.0;258.0;85.0;89.0;84.0;81.0;3.0;36.0;0.0;7.0;23.0;4.0;2.0;32.0;357.0;189.0;67.0;101.0;73.0;0.0;34.0;0.0;3.0;24.0;4.0;3.0;38.0;365.0;189.0;76.0;100.0;78.0;0.0;37.0;0.0;7.0;23.0;4.0;3.0;46.0;389.0;300.0;34.0;55.0;45.0;0.0;33.0;0.0;6.0;26.0;0.0;1.0;57.0;426.0;350.0;24.0;52.0;31.0;0.0;15.0;0.0;2.0;11.0;1.0;1.0;443.0;794.0;728.0;29.0;37.0;17.0;0.0;16.0;0.0;7.0;7.0;1.0;1.0;2072.0;2946.0;827.0;393.0;2.28;5.87;5.87;0.0;292.0;261.0;1403.0;952.0;264.0;257.0;1449.0;1360.0;22.8;0.0;0.0;0.0;0.0;0.0;0.0;0.0;0.0;1.0;0.0;0.0;0.0;0.0;0.0;0.04;2.09;2.19;11.25;0.02;0.7;2.02;0.0;0.54;0.02;0.04;0.12;1.41;0.53;0.82;0.0;51.69;0.0;0.0;0.0;26.13;0.08;0.31;0.0;0.0;0.0;4.66;0.0;0.0;0.0;0.0;0.0;0.0;0.0;0.0;0.0;0.0;0.0;41.06;0.0;0.0;0.0;1.21;0.0;0.0;0.0;0.0;0.0;0.0;0.0;0.0;0.0;0.0;0.0;0.0;0.0;0.0;0.0;0.0;0.0;0.0;0.0;0.0;0.0;0.0;0.0;0.0;0.0;0.0;0.0;0.0;0.0;0.0;0.0;0.0;0.0;0.0;0.0;0.0;0.0;0.0;0.0;0.0;0.0;0.0;10.77;0.0;0.0;0.0;0.0;0.0;0.0;0.0;0.0;0.0;99.99;42.29;0;0;0;0;0;0;0;0;0;1;0;0;0;0;0;0;0;0;0;0
ALVITO;2.0;92.0;1.0;18.0;73.0;34.0;0.0;0.0;0.0;0.0;0.0;0.0;0.0;1.0;28.0;1.0;5.0;22.0;57.0;2.0;18.0;6.0;0.0;10.0;2.0;0.0;3.0;18.0;2.0;1.0;15.0;25.0;4.0;29.0;0.0;0.0;19.0;10.0;0.0;2.0;38.0;5.0;7.0;26.0;48.0;3.0;25.0;0.0;0.0;17.0;6.0;2.0;5.0;44.0;5.0;11.0;28.0;46.0;6.0;28.0;1.0;1.0;18.0;7.0;1.0;5.0;58.0;3.0;17.0;38.0;61.0;4.0;21.0;1.0;0.0;16.0;2.0;2.0;10.0;71.0;17.0;25.0;29.0;37.0;5.0;29.0;0.0;3.0;22.0;4.0;0.0;5.0;89.0;17.0;35.0;37.0;25.0;1.0;12.0;0.0;0.0;12.0;0.0;0.0;14.0;88.0;22.0;31.0;35.0;25.0;0.0;19.0;0.0;1.0;17.0;1.0;0.0;7.0;112.0;48.0;36.0;28.0;29.0;0.0;17.0;0.0;1.0;12.0;3.0;1.0;16.0;118.0;73.0;19.0;26.0;14.0;0.0;17.0;0.0;3.0;9.0;5.0;0.0;21.0;97.0;71.0;10.0;16.0;7.0;0.0;6.0;0.0;1.0;5.0;0.0;0.0;182.0;193.0;178.0;6.0;9.0;6.0;0.0;8.0;0.0;5.0;3.0;0.0;0.0;969.0;897.0;264.0;150.0;3.95;2.94;2.94;72.37;151.0;118.0;525.0;295.0;142.0;116.0;543.0;390.0;0.0;0.0;0.0;0.0;0.0;0.0;0.0;0.0;1.0;0.0;0.0;0.0;0.0;0.0;0.0;0.0;3.56;0.26;12.99;0.1;1.52;2.39;0.0;0.82;0.2;0.0;0.0;1.08;0.9;14.19;0.9;16.6;0.0;0.0;0.0;43.96;0.0;0.16;0.38;0.0;0.0;0.0;0.0;0.0;0.0;0.0;0.0;0.0;0.0;0.0;0.0;0.0;0.0;51.89;0.0;0.0;0.0;35.8;0.0;0.0;0.0;0.0;0.0;0.0;0.0;0.0;0.0;0.0;0.0;0.0;0.0;0.0;0.0;0.0;0.0;0.0;0.0;0.0;0.0;0.0;0.0;0.0;0.0;0.0;0.0;0.0;0.0;0.0;0.0;0.0;0.0;0.0;0.0;0.0;0.0;0.0;0.0;0.0;0.0;0.0;0.0;0.0;0.0;0.0;0.0;0.0;0.0;0.0;0.0;0.0;99.99;12.3;0;0;1;0;0;0;0;0;0;0;0;0;0;0;0;0;0;0;0;0
AMADORA;73.0;5636.0;70.0;910.0;4656.0;2715.0;9.0;8.0;8.0;0.0;0.0;0.0;0.0;148.0;1978.0;74.0;336.0;1568.0;5249.0;183.0;2059.0;81.0;0.0;1662.0;312.0;4.0;277.0;2068.0;153.0;378.0;1537.0;4206.0;324.0;4181.0;81.0;0.0;2476.0;1605.0;19.0;325.0;2444.0;222.0;512.0;1710.0;3827.0;348.0;4506.0;64.0;46.0;2597.0;1732.0;67.0;358.0;2957.0;255.0;647.0;2055.0;3796.0;349.0;4320.0;50.0;214.0;2853.0;1112.0;91.0;348.0;3509.0;470.0;846.0;2193.0;3967.0;331.0;4341.0;12.0;250.0;3252.0;724.0;103.0;375.0;4134.0;780.0;1189.0;2165.0;3998.0;262.0;3567.0;0.0;309.0;2710.0;466.0;82.0;416.0;4763.0;1141.0;1475.0;2147.0;3203.0;164.0;2405.0;0.0;256.0;1726.0;343.0;80.0;397.0;5205.0;1791.0;1367.0;2047.0;2852.0;27.0;2021.0;0.0;263.0;1404.0;253.0;101.0;561.0;5669.0;2543.0;1220.0;1906.0;2466.0;0.0;1691.0;0.0;241.0;1187.0;191.0;72.0;664.0;6270.0;3820.0;835.0;1615.0;1572.0;0.0;1249.0;0.0;228.0;860.0;109.0;52.0;622.0;7300.0;4817.0;717.0;1766.0;889.0;0.0;869.0;0.0;202.0;572.0;64.0;31.0;2579.0;13964.0;10591.0;1127.0;2246.0;1066.0;0.0;1043.0;0.0;314.0;643.0;55.0;31.0;88624.0;56155.0;11732.0;14943.0;10.78;11.2;11.2;102.25;12386.0;9059.0;42356.0;15592.0;11965.0;8999.0;48602.0;22495.0;0.0;0.0;0.0;0.0;0.0;0.0;0.0;0.0;1.0;0.0;0.0;0.0;0.0;1.0;0.07;0.26;5.02;1.28;7.58;0.06;0.9;5.9;0.07;2.07;0.16;0.14;0.07;0.92;2.01;5.75;0.5;19.73;0.0;0.0;0.0;47.09;0.06;0.24;0.12;0.0;5.55;5.69;0.0;2.9;0.0;0.0;0.38;0.0;0.0;3.22;0.0;0.0;0.0;45.7;0.0;0.0;0.0;10.35;0.0;0.0;0.0;0.0;0.0;0.0;0.0;0.0;0.0;0.0;0.0;0.0;0.0;0.0;0.0;0.0;0.0;0.0;0.0;0.0;0.0;0.0;0.0;0.0;0.0;0.0;0.0;0.0;0.0;0.0;0.0;0.0;0.0;0.0;0.0;0.0;0.0;0.0;0.0;0.0;0.0;0.0;0.0;0.0;0.0;0.0;0.0;0.0;0.0;0.0;0.0;0.0;99.36;25.57;0;0;0;0;0;0;0;0;0;0;1;0;0;0;0;0;0;0;0;0
AMARANTE;16.0;1775.0;3.0;197.0;1575.0;1070.0;6.0;3.0;3.0;0.0;0.0;0.0;0.0;19.0;397.0;5.0;45.0;347.0;1923.0;66.0;778.0;40.0;0.0;613.0;125.0;0.0;33.0;530.0;11.0;60.0;459.0;1081.0;97.0;958.0;14.0;0.0;549.0;385.0;10.0;24.0;867.0;55.0;192.0;620.0;834.0;84.0;752.0;7.0;1.0;447.0;286.0;11.0;49.0;1194.0;129.0;321.0;744.0;859.0;72.0;772.0;8.0;16.0;565.0;177.0;6.0;86.0;1914.0;343.0;712.0;859.0;892.0;56.0;751.0;0.0;27.0;609.0;101.0;14.0;138.0;2477.0;697.0;932.0;848.0;802.0;29.0;572.0;0.0;50.0;458.0;55.0;9.0;160.0;2988.0;1238.0;943.0;807.0;616.0;23.0;358.0;0.0;26.0;275.0;49.0;8.0;189.0;3234.0;2007.0;558.0;669.0;498.0;3.0;322.0;0.0;19.0;260.0;38.0;5.0;280.0;3081.0;2199.0;391.0;491.0;385.0;0.0;251.0;0.0;32.0;190.0;23.0;6.0;284.0;2801.0;2386.0;190.0;225.0;202.0;0.0;239.0;0.0;55.0;172.0;5.0;7.0;352.0;2220.0;1986.0;113.0;121.0;78.0;0.0;132.0;0.0;46.0;81.0;4.0;1.0;1955.0;3109.0;2896.0;95.0;118.0;71.0;0.0;137.0;0.0;69.0;64.0;4.0;0.0;20251.0;24939.0;3806.0;3120.0;0.87;1.08;1.08;0.0;3097.0;3062.0;13437.0;5144.0;3075.0;2991.0;14874.0;6436.0;0.0;0.0;0.0;0.0;0.0;0.0;0.0;0.0;1.0;0.0;0.0;0.0;0.0;1.0;0.05;0.09;2.7;1.8;3.85;0.11;0.96;2.26;0.06;0.64;0.06;0.08;0.13;1.09;0.68;1.51;0.0;34.31;0.0;0.0;0.0;48.71;0.05;0.83;0.05;53.97;2.19;2.07;0.0;0.0;0.0;0.0;0.0;0.0;0.0;0.0;0.0;0.0;0.0;40.07;0.0;0.0;0.0;1.7;0.0;0.0;0.0;0.0;0.0;0.0;0.0;0.0;0.0;0.0;0.0;0.0;0.0;0.0;0.0;0.0;0.0;0.0;0.0;0.0;0.0;0.0;0.0;0.0;0.0;0.0;0.0;0.0;0.0;0.0;0.0;0.0;0.0;0.0;0.0;0.0;0.0;0.0;0.0;0.0;0.0;0.0;0.0;0.0;0.0;0.0;0.0;0.0;0.0;0.0;0.0;0.0;100.0;0.0;0;0;0;0;0;0;0;0;0;0;0;0;0;1;0;0;0;0;0;0
AMARES;5.0;629.0;0.0;79.0;550.0;402.0;1.0;2.0;2.0;0.0;0.0;0.0;0.0;6.0;117.0;3.0;15.0;99.0;726.0;32.0;263.0;15.0;0.0;197.0;50.0;1.0;7.0;145.0;2.0;15.0;128.0;442.0;47.0;354.0;14.0;0.0;202.0;135.0;3.0;14.0;277.0;16.0;69.0;192.0;374.0;37.0;313.0;6.0;2.0;194.0;105.0;6.0;22.0;413.0;15.0;107.0;291.0;407.0;44.0;279.0;1.0;9.0;206.0;59.0;4.0;23.0;641.0;63.0;267.0;311.0;425.0;26.0;284.0;2.0;12.0;231.0;33.0;6.0;35.0;815.0;145.0;340.0;330.0;350.0;15.0;216.0;0.0;22.0;168.0;22.0;4.0;60.0;957.0;297.0;384.0;276.0;245.0;13.0;136.0;0.0;13.0;105.0;15.0;3.0;57.0;988.0;507.0;238.0;243.0;172.0;0.0;107.0;0.0;10.0;77.0;14.0;6.0;71.0;973.0;577.0;220.0;176.0;149.0;0.0;75.0;0.0;10.0;51.0;11.0;3.0;97.0;894.0;729.0;73.0;92.0;64.0;0.0;58.0;0.0;15.0;36.0;4.0;3.0;85.0;838.0;743.0;46.0;49.0;32.0;0.0;37.0;0.0;9.0;25.0;3.0;0.0;597.0;1221.0;1119.0;54.0;48.0;27.0;0.0;48.0;0.0;19.0;24.0;3.0;2.0;7590.0;8846.0;1272.0;887.0;1.02;2.32;2.32;74.01;1281.0;1145.0;4860.0;1792.0;1125.0;1038.0;5148.0;2206.0;17.9;0.0;0.0;0.0;0.0;0.0;0.0;0.0;0.0;1.0;0.0;0.0;0.0;1.0;0.02;0.0;2.3;3.09;7.78;0.06;1.68;3.47;0.1;0.4;0.08;0.1;0.0;0.7;0.97;1.35;0.0;37.71;0.0;0.0;0.0;39.58;0.14;0.41;0.07;0.0;0.0;8.51;0.0;0.0;0.0;0.0;0.0;0.0;0.0;0.0;0.0;0.0;0.0;33.97;0.0;0.0;0.0;2.89;0.0;0.0;0.0;0.0;0.0;0.0;0.0;0.0;0.0;0.0;0.0;0.0;0.0;0.0;0.0;0.0;0.0;0.0;0.0;0.0;0.0;0.0;0.0;0.0;0.0;0.0;0.0;0.0;0.0;0.0;0.0;0.0;0.0;0.0;0.0;0.0;0.0;0.0;0.0;0.0;0.0;0.0;0.0;0.0;0.0;0.0;0.0;0.0;0.0;0.0;0.0;0.0;100.0;54.63;0;0;0;1;0;0;0;0;0;0;0;0;0;0;0;0;0;0;0;0
ANADIA;7.0;757.0;2.0;74.0;681.0;462.0;0.0;3.0;3.0;0.0;0.0;0.0;0.0;11.0;171.0;6.0;10.0;155.0;792.0;34.0;362.0;23.0;0.0;276.0;63.0;0.0;16.0;266.0;4.0;32.0;230.0;446.0;53.0;447.0;11.0;0.0;233.0;198.0;5.0;21.0;353.0;10.0;67.0;276.0;418.0;53.0;406.0;7.0;5.0;215.0;172.0;7.0;32.0;501.0;24.0;122.0;355.0;450.0;41.0;463.0;7.0;19.0;313.0;110.0;14.0;26.0;705.0;83.0;238.0;384.0;534.0;52.0;460.0;3.0;37.0;356.0;54.0;10.0;44.0;959.0;162.0;403.0;394.0;518.0;39.0;442.0;0.0;64.0;329.0;43.0;6.0;49.0;1140.0;338.0;463.0;339.0;426.0;19.0;351.0;0.0;31.0;272.0;38.0;10.0;70.0;1336.0;572.0;394.0;370.0;347.0;5.0;258.0;0.0;30.0;190.0;32.0;6.0;104.0;1497.0;888.0;296.0;313.0;299.0;0.0;214.0;0.0;28.0;163.0;19.0;4.0;131.0;1544.0;1165.0;162.0;217.0;184.0;0.0;168.0;0.0;48.0;111.0;8.0;1.0;166.0;1571.0;1284.0;115.0;172.0;73.0;0.0;120.0;0.0;48.0;62.0;6.0;4.0;1028.0;2880.0;2544.0;115.0;221.0;79.0;0.0;168.0;0.0;80.0;84.0;3.0;1.0;10296.0;12480.0;2502.0;2254.0;2.48;2.94;2.94;0.0;1565.0;1332.0;6725.0;3529.0;1396.0;1267.0;7135.0;4583.0;22.7;0.0;0.0;0.0;0.0;0.0;0.0;0.0;1.0;0.0;0.0;0.0;0.0;1.0;0.0;0.15;3.6;2.62;6.62;0.04;1.72;4.3;0.07;0.65;0.08;0.14;0.0;0.93;1.06;1.21;0.43;42.62;0.0;0.0;0.0;33.19;0.0;0.49;0.1;0.0;0.0;2.54;0.0;1.8;0.0;0.0;0.0;0.0;0.0;0.0;0.0;0.0;0.0;61.56;0.0;0.0;0.0;5.58;0.0;0.0;0.0;0.0;0.0;0.0;0.0;0.0;0.0;0.0;0.0;0.0;0.0;0.0;0.0;0.0;0.0;0.0;0.0;0.0;0.0;0.0;0.0;0.0;0.0;0.0;0.0;0.0;0.0;0.0;0.0;0.0;0.0;0.0;0.0;0.0;0.0;0.0;0.0;0.0;0.0;0.0;0.0;0.0;0.0;0.0;0.0;0.0;0.0;0.0;0.0;0.0;100.01;28.53;1;0;0;0;0;0;0;0;0;0;0;0;0;0;0;0;0;0;0;0
ANGRA DO HEROISMO;25.0;1300.0;37.0;262.0;1001.0;508.0;4.0;3.0;3.0;0.0;0.0;0.0;0.0;15.0;493.0;30.0;105.0;358.0;1005.0;64.0;345.0;17.0;0.0;281.0;47.0;0.0;27.0;590.0;40.0;139.0;411.0;641.0;100.0;549.0;12.0;0.0;334.0;200.0;3.0;34.0;844.0;86.0;207.0;551.0;640.0;112.0;600.0;12.0;1.0;348.0;233.0;6.0;45.0;1097.0;98.0;314.0;685.0;579.0;64.0;647.0;3.0;13.0;468.0;148.0;15.0;65.0;1256.0;148.0;466.0;642.0;580.0;38.0;660.0;0.0;16.0;547.0;80.0;17.0;90.0;1451.0;279.0;665.0;507.0;457.0;38.0;570.0;0.0;28.0;457.0;66.0;19.0;107.0;1537.0;508.0;637.0;392.0;401.0;18.0;388.0;0.0;13.0;309.0;50.0;16.0;123.0;1675.0;947.0;373.0;355.0;338.0;2.0;347.0;0.0;19.0;268.0;43.0;17.0;126.0;1563.0;1097.0;193.0;273.0;309.0;0.0;296.0;0.0;25.0;219.0;33.0;19.0;188.0;1444.0;1157.0;90.0;197.0;189.0;0.0;264.0;0.0;67.0;170.0;17.0;10.0;140.0;1191.0;929.0;90.0;172.0;109.0;0.0;130.0;0.0;48.0;68.0;6.0;8.0;498.0;2071.0;1757.0;104.0;210.0;105.0;0.0;182.0;0.0;81.0;89.0;9.0;3.0;14802.0;13250.0;2548.0;3171.0;1.49;1.32;1.32;94.76;2267.0;1892.0;9449.0;2759.0;2227.0;1870.0;9555.0;3752.0;35.0;0.0;0.0;0.0;0.0;0.0;0.0;0.0;1.0;0.0;0.0;0.0;0.0;1.0;0.0;0.38;3.72;0.0;4.82;0.02;2.38;3.74;0.0;0.75;0.06;0.14;0.0;0.87;0.86;1.11;0.31;0.0;0.0;36.35;0.0;44.25;0.0;0.17;0.06;0.0;2.74;1.88;0.0;0.0;0.0;0.0;0.0;0.0;0.0;0.0;0.0;0.0;0.0;54.96;0.0;0.0;0.0;1.15;0.0;0.0;0.0;0.0;0.0;0.0;0.0;0.0;0.0;0.0;0.0;0.0;0.0;0.0;0.0;0.0;0.0;0.0;0.0;0.0;0.0;0.0;0.0;0.0;0.0;0.0;0.0;0.0;0.0;0.0;0.0;0.0;0.0;0.0;0.0;0.0;0.0;0.0;0.0;0.0;0.0;0.0;0.0;0.0;0.0;0.0;0.0;0.0;0.0;0.0;0.0;0.0;99.99;39.26;0;1;0;0;0;0;0;0;0;0;0;0;0;0;0;0;0;0;0;0
ANSIAO;1.0;327.0;1.0;32.0;294.0;209.0;1.0;1.0;1.0;0.0;0.0;0.0;0.0;1.0;44.0;0.0;4.0;40.0;349.0;24.0;154.0;8.0;0.0;128.0;17.0;1.0;7.0;62.0;3.0;4.0;55.0;185.0;29.0;180.0;6.0;0.0;110.0;64.0;0.0;9.0;139.0;4.0;22.0;113.0;156.0;37.0;146.0;1.0;0.0;94.0;50.0;1.0;7.0;136.0;9.0;25.0;102.0;205.0;28.0;158.0;4.0;9.0;115.0;29.0;1.0;11.0;251.0;19.0;69.0;163.0;242.0;26.0;165.0;1.0;10.0;129.0;23.0;2.0;12.0;377.0;67.0;129.0;181.0;258.0;9.0;138.0;0.0;9.0;113.0;15.0;1.0;25.0;556.0;146.0;210.0;200.0;164.0;12.0;98.0;0.0;14.0;72.0;10.0;2.0;30.0;632.0;285.0;153.0;194.0;131.0;1.0;76.0;0.0;12.0;58.0;6.0;0.0;60.0;679.0;398.0;131.0;150.0;89.0;0.0;58.0;0.0;13.0;38.0;6.0;1.0;69.0;662.0;526.0;57.0;79.0;75.0;0.0;39.0;0.0;14.0;22.0;2.0;1.0;67.0;710.0;601.0;37.0;72.0;30.0;0.0;25.0;0.0;10.0;14.0;1.0;0.0;718.0;1324.0;1202.0;55.0;67.0;26.0;0.0;28.0;0.0;15.0;13.0;0.0;0.0;4219.0;5449.0;1335.0;639.0;1.79;3.38;3.38;0.0;599.0;576.0;2749.0;1599.0;575.0;535.0;2835.0;2174.0;19.3;0.0;0.0;0.0;0.0;0.0;0.0;0.0;1.0;0.0;0.0;0.0;0.0;0.0;0.0;0.19;2.4;1.72;7.03;0.12;1.22;2.42;0.0;0.68;0.05;0.08;0.02;1.22;0.62;1.52;0.0;42.32;0.0;0.0;0.0;37.86;0.13;0.39;0.02;0.0;0.0;5.16;0.0;0.0;0.0;0.0;0.0;0.0;0.0;0.0;0.0;0.0;0.0;49.62;0.0;0.0;0.0;1.32;0.0;0.0;0.0;0.0;0.0;0.0;0.0;0.0;0.0;0.0;0.0;0.0;0.0;0.0;0.0;0.0;0.0;0.0;0.0;0.0;0.0;0.0;0.0;0.0;0.0;0.0;0.0;0.0;0.0;0.0;0.0;0.0;0.0;0.0;0.0;0.0;0.0;0.0;0.0;0.0;0.0;0.0;0.0;0.0;0.0;0.0;0.0;0.0;0.0;0.0;0.0;0.0;99.99;43.89;0;0;0;0;0;0;0;0;0;1;0;0;0;0;0;0;0;0;0;0
ARCOS DE VALDEVEZ;12.0;538.0;2.0;49.0;487.0;325.0;0.0;2.0;2.0;0.0;0.0;0.0;0.0;14.0;105.0;3.0;2.0;100.0;571.0;15.0;208.0;16.0;0.0;166.0;23.0;3.0;4.0;138.0;2.0;11.0;125.0;395.0;24.0;250.0;6.0;0.0;145.0;96.0;3.0;15.0;241.0;5.0;31.0;205.0;353.0;22.0;222.0;2.0;2.0;141.0;74.0;3.0;17.0;393.0;29.0;89.0;275.0;398.0;29.0;251.0;2.0;9.0;199.0;37.0;4.0;23.0;510.0;63.0;213.0;234.0;402.0;22.0;260.0;2.0;15.0;194.0;46.0;3.0;52.0;748.0;182.0;297.0;269.0;301.0;13.0;206.0;0.0;29.0;153.0;23.0;1.0;76.0;794.0;328.0;245.0;221.0;196.0;6.0;145.0;0.0;16.0;103.0;21.0;5.0;89.0;1041.0;599.0;242.0;200.0;202.0;1.0;92.0;0.0;9.0;66.0;13.0;4.0;129.0;1249.0;834.0;225.0;190.0;150.0;0.0;88.0;0.0;15.0;64.0;7.0;2.0;151.0;1419.0;1245.0;65.0;109.0;92.0;0.0;94.0;0.0;30.0;59.0;3.0;2.0;246.0;1343.0;1217.0;53.0;73.0;39.0;0.0;48.0;0.0;23.0;20.0;3.0;2.0;1696.0;2227.0;2095.0;57.0;75.0;38.0;0.0;65.0;0.0;31.0;29.0;2.0;3.0;7133.0;9850.0;2501.0;1234.0;1.33;2.08;2.08;72.79;942.0;897.0;4597.0;3047.0;981.0;893.0;4950.0;4411.0;30.9;0.0;0.0;0.0;0.0;0.0;0.0;0.0;0.0;1.0;0.0;0.0;0.0;0.0;0.11;0.0;1.71;2.37;4.22;0.1;1.21;1.81;0.0;0.37;0.1;0.24;0.0;0.92;0.59;1.27;0.0;42.96;0.0;0.0;0.0;41.45;0.0;0.37;0.19;0.0;0.0;2.79;0.0;0.0;0.0;0.0;0.0;0.0;0.0;0.0;0.0;0.0;0.0;31.61;0.0;0.0;0.0;2.22;0.0;0.0;0.0;0.0;0.0;0.0;0.0;0.0;0.0;0.0;0.0;0.0;0.0;0.0;0.0;0.0;0.0;0.0;0.0;0.0;0.0;0.0;0.0;0.0;0.0;0.0;0.0;0.0;0.0;0.0;0.0;0.0;0.0;0.0;0.0;0.0;0.0;0.0;0.0;0.0;0.0;0.0;0.0;0.0;0.0;0.0;0.0;0.0;0.0;0.0;0.0;0.0;100.0;63.38;0;0;0;0;0;0;0;0;0;0;0;0;0;0;0;0;1;0;0;0
ARGANIL;1.0;271.0;1.0;20.0;250.0;154.0;0.0;0.0;0.0;0.0;0.0;0.0;0.0;10.0;58.0;0.0;8.0;50.0;284.0;10.0;91.0;5.0;0.0;72.0;14.0;0.0;6.0;84.0;3.0;12.0;69.0;206.0;19.0;129.0;2.0;0.0;70.0;56.0;1.0;4.0;135.0;6.0;26.0;103.0;191.0;13.0;119.0;2.0;3.0;64.0;47.0;3.0;9.0;226.0;13.0;47.0;166.0;212.0;18.0;130.0;4.0;11.0;85.0;29.0;1.0;21.0;276.0;26.0;95.0;155.0;208.0;12.0;121.0;1.0;10.0;92.0;15.0;3.0;22.0;374.0;77.0;149.0;148.0;177.0;4.0;77.0;0.0;6.0;58.0;10.0;3.0;47.0;516.0;188.0;148.0;180.0;147.0;6.0;62.0;0.0;4.0;40.0;16.0;2.0;48.0;613.0;321.0;135.0;157.0;147.0;1.0;55.0;0.0;4.0;42.0;6.0;3.0;63.0;670.0;408.0;98.0;164.0;160.0;0.0;61.0;0.0;8.0;41.0;10.0;2.0;53.0;650.0;514.0;37.0;99.0;83.0;0.0;52.0;0.0;14.0;29.0;7.0;2.0;70.0;640.0;526.0;36.0;78.0;55.0;0.0;26.0;0.0;8.0;15.0;2.0;1.0;570.0;1391.0;1268.0;42.0;81.0;45.0;0.0;47.0;0.0;11.0;33.0;2.0;1.0;3852.0;5194.0;1225.0;794.0;2.95;5.11;5.11;0.0;558.0;439.0;2685.0;1608.0;557.0;440.0;2704.0;2074.0;21.3;0.0;0.0;0.0;0.0;0.0;0.0;0.0;0.0;1.0;0.0;0.0;0.0;0.0;0.41;0.0;2.55;1.1;5.27;0.04;1.54;1.94;0.0;0.52;0.08;0.09;0.0;1.45;0.77;1.72;0.32;31.43;0.0;0.0;0.0;50.34;0.0;0.34;0.08;0.0;0.0;0.0;0.0;0.0;0.0;0.0;0.0;0.0;0.0;0.0;0.0;0.0;0.0;32.66;0.0;0.0;0.0;4.85;0.0;0.0;0.0;0.0;0.0;0.0;0.0;0.0;0.0;0.0;0.0;0.0;0.0;0.0;0.0;0.0;0.0;0.0;0.0;0.0;0.0;0.0;0.0;0.0;0.0;0.0;0.0;0.0;0.0;0.0;0.0;0.0;0.0;0.0;0.0;0.0;0.0;0.0;0.0;0.0;0.0;0.0;0.0;0.0;0.0;0.0;0.0;0.0;0.0;0.0;0.0;0.0;100.0;62.49;0;0;0;0;0;0;1;0;0;0;0;0;0;0;0;0;0;0;0;0
ARMAMAR;1.0;145.0;0.0;15.0;130.0;106.0;0.0;0.0;0.0;0.0;0.0;0.0;0.0;2.0;33.0;1.0;2.0;30.0;170.0;8.0;73.0;2.0;0.0;62.0;9.0;0.0;2.0;54.0;3.0;6.0;45.0;121.0;9.0;78.0;1.0;0.0;58.0;17.0;2.0;4.0;72.0;4.0;20.0;48.0;73.0;11.0;61.0;1.0;0.0;44.0;15.0;1.0;2.0;108.0;11.0;34.0;63.0;105.0;2.0;50.0;1.0;3.0;37.0;9.0;0.0;14.0;153.0;21.0;52.0;80.0;81.0;2.0;41.0;1.0;1.0;35.0;3.0;1.0;21.0;221.0;72.0;76.0;73.0;83.0;2.0;53.0;0.0;2.0;43.0;5.0;3.0;26.0;325.0;147.0;101.0;77.0;51.0;1.0;32.0;0.0;7.0;20.0;5.0;0.0;47.0;374.0;202.0;107.0;65.0;61.0;0.0;28.0;0.0;1.0;23.0;4.0;0.0;36.0;383.0;265.0;73.0;45.0;40.0;0.0;19.0;0.0;2.0;16.0;1.0;0.0;41.0;315.0;256.0;33.0;26.0;25.0;0.0;23.0;0.0;9.0;11.0;1.0;2.0;58.0;310.0;266.0;24.0;20.0;10.0;0.0;14.0;0.0;7.0;6.0;1.0;0.0;350.0;577.0;525.0;28.0;24.0;9.0;0.0;15.0;0.0;4.0;8.0;2.0;1.0;2017.0;2726.0;656.0;279.0;0.71;1.37;1.37;0.0;276.0;277.0;1393.0;724.0;271.0;261.0;1453.0;1023.0;0.0;0.0;0.0;0.0;0.0;0.0;0.0;0.0;0.0;1.0;0.0;0.0;0.0;1.0;0.0;0.07;1.82;4.18;7.41;0.17;0.59;2.54;0.0;0.52;0.11;0.18;0.03;1.55;0.7;2.32;0.0;42.14;0.0;0.0;0.0;34.83;0.08;0.5;0.27;0.0;0.0;0.0;0.0;0.0;0.0;0.0;0.0;0.0;0.0;0.0;0.0;0.0;0.0;31.31;0.0;0.0;0.0;8.66;0.0;0.0;0.0;0.0;0.0;0.0;0.0;0.0;0.0;0.0;0.0;0.0;0.0;0.0;0.0;0.0;0.0;0.0;0.0;0.0;0.0;0.0;0.0;0.0;0.0;0.0;0.0;0.0;0.0;0.0;0.0;0.0;0.0;0.0;0.0;0.0;0.0;0.0;0.0;0.0;0.0;0.0;0.0;0.0;0.0;0.0;0.0;0.0;0.0;0.0;0.0;0.0;100.0;60.03;0;0;0;0;0;0;0;0;0;0;0;0;0;0;0;0;0;0;1;0
AROUCA;4.0;711.0;4.0;89.0;618.0;379.0;3.0;0.0;0.0;0.0;0.0;0.0;0.0;9.0;194.0;1.0;12.0;181.0;708.0;32.0;246.0;12.0;0.0;198.0;34.0;2.0;13.0;249.0;0.0;19.0;230.0;432.0;48.0;318.0;8.0;0.0;192.0;115.0;3.0;14.0;382.0;9.0;70.0;303.0;345.0;38.0;260.0;4.0;0.0;175.0;76.0;5.0;15.0;572.0;33.0;173.0;366.0;349.0;49.0;300.0;2.0;19.0;225.0;51.0;3.0;29.0;839.0;113.0;411.0;315.0;315.0;22.0;266.0;0.0;13.0;208.0;40.0;5.0;45.0;1073.0;201.0;584.0;288.0;266.0;9.0;211.0;0.0;23.0;170.0;18.0;0.0;60.0;1172.0;370.0;533.0;269.0;181.0;8.0;129.0;0.0;12.0;102.0;13.0;2.0;78.0;1306.0;645.0;415.0;246.0;156.0;1.0;89.0;0.0;8.0;66.0;11.0;4.0;68.0;1242.0;811.0;258.0;173.0;129.0;0.0;77.0;0.0;4.0;58.0;14.0;1.0;92.0;1199.0;1023.0;95.0;81.0;57.0;0.0;81.0;0.0;27.0;47.0;7.0;0.0;112.0;1008.0;908.0;47.0;53.0;26.0;0.0;63.0;0.0;25.0;28.0;7.0;3.0;832.0;1454.0;1325.0;55.0;74.0;32.0;0.0;75.0;0.0;41.0;31.0;0.0;3.0;8346.0;10172.0;1571.0;1057.0;0.72;1.23;1.23;0.0;1349.0;1112.0;5557.0;2152.0;1325.0;1174.0;5598.0;2879.0;0.0;0.0;0.0;0.0;0.0;0.0;0.0;0.0;1.0;0.0;0.0;0.0;0.0;0.0;0.0;0.1;2.3;2.93;4.22;0.1;1.32;2.19;0.02;0.38;0.08;0.05;0.0;1.07;0.49;0.87;0.4;44.83;0.0;0.0;0.0;37.63;0.0;0.89;0.12;0.0;0.0;1.52;0.99;0.0;0.0;0.0;0.0;0.0;0.0;0.0;0.0;0.0;0.0;52.25;0.0;0.0;0.0;2.92;0.0;0.0;0.0;0.0;0.0;0.0;0.0;0.0;0.0;0.0;0.0;0.0;0.0;0.0;0.0;0.0;0.0;0.0;0.0;0.0;0.0;0.0;0.0;0.0;0.0;0.0;0.0;0.0;0.0;0.0;0.0;0.0;0.0;0.0;0.0;0.0;0.0;0.0;0.0;0.0;0.0;0.0;0.0;0.0;0.0;0.0;0.0;0.0;0.0;0.0;0.0;0.0;100.0;42.32;1;0;0;0;0;0;0;0;0;0;0;0;0;0;0;0;0;0;0;0
ARRAIOLOS;2.0;192.0;0.0;29.0;163.0;106.0;0.0;0.0;0.0;0.0;0.0;0.0;0.0;2.0;38.0;1.0;3.0;34.0;169.0;3.0;95.0;5.0;0.0;76.0;14.0;0.0;0.0;45.0;1.0;8.0;36.0;125.0;14.0;80.0;1.0;0.0;58.0;20.0;1.0;2.0;65.0;4.0;11.0;50.0;118.0;11.0;82.0;2.0;0.0;55.0;23.0;2.0;5.0;148.0;11.0;33.0;104.0;140.0;20.0;86.0;2.0;4.0;59.0;18.0;3.0;5.0;170.0;13.0;52.0;105.0;180.0;7.0;97.0;2.0;1.0;72.0;17.0;5.0;13.0;257.0;46.0;84.0;127.0;150.0;9.0;98.0;0.0;8.0;74.0;11.0;5.0;14.0;271.0;61.0;102.0;108.0;100.0;3.0;51.0;0.0;2.0;34.0;13.0;2.0;12.0;391.0;140.0;122.0;129.0;96.0;0.0;49.0;0.0;5.0;32.0;10.0;2.0;13.0;330.0;160.0;84.0;86.0;66.0;0.0;37.0;0.0;1.0;29.0;4.0;3.0;29.0;359.0;265.0;42.0;52.0;37.0;0.0;33.0;0.0;7.0;21.0;2.0;3.0;42.0;332.0;267.0;21.0;44.0;24.0;0.0;23.0;0.0;7.0;12.0;3.0;1.0;378.0;612.0;551.0;26.0;35.0;15.0;0.0;19.0;0.0;6.0;9.0;2.0;2.0;2632.0;2878.0;644.0;452.0;1.56;1.95;1.95;77.1;385.0;313.0;1709.0;824.0;351.0;294.0;1651.0;1079.0;0.0;0.0;0.0;0.0;0.0;0.0;0.0;1.0;0.0;0.0;0.0;0.0;0.0;1.0;0.0;0.0;2.58;0.59;8.26;0.08;1.4;2.27;0.0;0.54;0.04;0.11;0.0;1.36;0.7;23.98;0.0;14.73;0.0;0.0;0.0;42.88;0.0;0.39;0.09;0.0;0.0;0.0;0.0;0.0;0.0;0.0;0.0;0.0;0.0;0.0;0.0;0.0;0.0;27.7;0.0;0.0;0.0;62.35;0.0;0.0;0.0;0.0;0.0;0.0;0.0;0.0;0.0;0.0;0.0;0.0;0.0;0.0;0.0;0.0;0.0;0.0;0.0;0.0;0.0;0.0;0.0;0.0;0.0;0.0;0.0;0.0;0.0;0.0;0.0;0.0;0.0;0.0;0.0;0.0;0.0;0.0;0.0;0.0;0.0;0.0;0.0;0.0;0.0;0.0;0.0;0.0;0.0;0.0;0.0;0.0;100.0;9.95;0;0;0;0;0;0;0;0;0;0;0;0;0;0;0;0;0;0;0;1
ARRONCHES;0.0;68.0;1.0;10.0;57.0;37.0;0.0;2.0;2.0;0.0;0.0;0.0;0.0;0.0;22.0;0.0;1.0;21.0;79.0;2.0;27.0;6.0;0.0;18.0;3.0;0.0;2.0;23.0;2.0;3.0;18.0;56.0;4.0;27.0;1.0;0.0;17.0;8.0;1.0;5.0;34.0;2.0;2.0;30.0;48.0;3.0;37.0;0.0;0.0;24.0;12.0;1.0;1.0;56.0;3.0;10.0;43.0;62.0;3.0;39.0;0.0;1.0;32.0;6.0;0.0;5.0;74.0;2.0;24.0;48.0;48.0;2.0;32.0;0.0;3.0;26.0;3.0;0.0;3.0;108.0;28.0;34.0;46.0;51.0;0.0;31.0;0.0;3.0;22.0;6.0;0.0;13.0;139.0;37.0;46.0;56.0;41.0;2.0;22.0;0.0;3.0;16.0;3.0;0.0;11.0;161.0;68.0;60.0;33.0;27.0;0.0;10.0;0.0;1.0;8.0;1.0;0.0;9.0;149.0;91.0;28.0;30.0;22.0;0.0;15.0;0.0;3.0;8.0;4.0;0.0;8.0;129.0;100.0;9.0;20.0;19.0;0.0;13.0;0.0;6.0;6.0;0.0;1.0;20.0;116.0;91.0;9.0;16.0;4.0;0.0;17.0;0.0;5.0;10.0;2.0;0.0;237.0;302.0;280.0;9.0;13.0;5.0;0.0;9.0;0.0;1.0;8.0;0.0;0.0;1079.0;1159.0;350.0;201.0;2.21;2.12;2.12;75.87;155.0;133.0;719.0;372.0;143.0;104.0;656.0;507.0;0.0;0.0;0.0;0.0;0.0;0.0;0.0;0.0;0.0;1.0;0.0;0.0;0.0;0.0;0.0;0.0;1.75;1.69;12.84;0.0;1.29;2.5;0.0;0.67;0.1;0.1;0.0;0.6;0.67;5.83;0.6;29.88;0.0;0.0;0.0;41.3;0.03;0.14;0.0;0.0;0.0;1.57;0.0;0.0;0.0;0.0;0.0;0.0;0.0;0.0;0.0;0.0;0.0;41.34;0.0;0.0;0.0;2.62;0.0;0.0;0.0;0.0;0.0;0.0;0.0;0.0;0.0;0.0;0.0;0.0;0.0;0.0;0.0;0.0;0.0;0.0;0.0;0.0;0.0;0.0;0.0;0.0;0.0;0.0;0.0;0.0;0.0;0.0;0.0;0.0;0.0;0.0;0.0;0.0;0.0;0.0;0.0;0.0;0.0;0.0;0.0;0.0;0.0;0.0;0.0;0.0;0.0;0.0;0.0;0.0;99.99;54.46;0;0;0;0;0;0;0;0;0;0;0;0;1;0;0;0;0;0;0;0
ARRUDA DOS VINHOS;6.0;579.0;2.0;99.0;478.0;268.0;0.0;0.0;0.0;0.0;0.0;0.0;0.0;9.0;119.0;3.0;10.0;106.0;414.0;15.0;237.0;9.0;0.0;194.0;33.0;1.0;13.0;96.0;2.0;18.0;76.0;192.0;29.0;263.0;6.0;0.0;163.0;92.0;2.0;8.0;154.0;5.0;25.0;124.0;182.0;29.0;230.0;5.0;4.0;132.0;82.0;7.0;16.0;236.0;9.0;51.0;176.0;313.0;26.0;337.0;2.0;13.0;226.0;92.0;4.0;7.0;294.0;24.0;78.0;192.0;421.0;33.0;453.0;0.0;28.0;356.0;66.0;3.0;23.0;461.0;68.0;169.0;224.0;384.0;28.0;395.0;0.0;42.0;295.0;48.0;10.0;17.0;522.0;126.0;182.0;214.0;261.0;19.0;237.0;0.0;26.0;177.0;27.0;7.0;16.0;545.0;189.0;182.0;174.0;206.0;2.0;163.0;0.0;17.0;121.0;21.0;4.0;23.0;495.0;236.0;149.0;110.0;135.0;0.0;74.0;0.0;13.0;42.0;16.0;3.0;34.0;556.0;412.0;60.0;84.0;71.0;0.0;52.0;0.0;12.0;38.0;2.0;0.0;40.0;552.0;457.0;30.0;65.0;28.0;0.0;39.0;0.0;7.0;26.0;5.0;1.0;337.0;943.0;822.0;51.0;70.0;31.0;0.0;31.0;0.0;7.0;20.0;2.0;2.0;6298.0;5559.0;965.0;1170.0;5.15;5.2;5.2;0.0;1180.0;892.0;3592.0;1171.0;1113.0;755.0;3746.0;1543.0;0.0;0.0;0.0;0.0;0.0;0.0;0.0;0.0;1.0;0.0;0.0;0.0;0.0;0.0;0.07;0.2;3.76;1.19;9.24;0.09;0.87;5.82;0.03;1.44;0.2;0.13;0.08;1.05;1.48;4.03;0.3;25.16;0.0;0.0;0.0;44.25;0.06;0.55;0.01;0.0;0.0;4.87;0.0;0.0;0.0;0.0;0.0;0.0;0.0;0.0;0.0;0.0;0.0;67.14;0.0;0.0;0.0;5.5;0.0;0.0;0.0;0.0;0.0;0.0;0.0;0.0;0.0;0.0;0.0;0.0;0.0;0.0;0.0;0.0;0.0;0.0;0.0;0.0;0.0;0.0;0.0;0.0;0.0;0.0;0.0;0.0;0.0;0.0;0.0;0.0;0.0;0.0;0.0;0.0;0.0;0.0;0.0;0.0;0.0;0.0;0.0;0.0;0.0;0.0;0.0;0.0;0.0;0.0;0.0;0.0;100.01;22.5;0;0;0;0;0;0;0;0;0;0;1;0;0;0;0;0;0;0;0;0
AVEIRO;21.0;2438.0;2.0;261.0;2175.0;1431.0;3.0;4.0;4.0;0.0;0.0;0.0;0.0;29.0;461.0;12.0;47.0;402.0;2688.0;63.0;1271.0;48.0;0.0;975.0;246.0;2.0;39.0;616.0;25.0;82.0;509.0;1644.0;126.0;2302.0;50.0;0.0;1028.0;1203.0;21.0;79.0;985.0;39.0;173.0;773.0;1341.0;135.0;2316.0;26.0;12.0;1030.0;1111.0;137.0;113.0;1279.0;72.0;265.0;942.0;1425.0;149.0;2570.0;15.0;94.0;1516.0;763.0;182.0;120.0;1641.0;144.0;492.0;1005.0;1719.0;102.0;2844.0;7.0;128.0;1974.0;508.0;227.0;135.0;2229.0;352.0;837.0;1040.0;1488.0;101.0;2413.0;0.0;181.0;1669.0;394.0;169.0;156.0;2672.0;617.0;1075.0;980.0;1314.0;73.0;1632.0;0.0;141.0;1068.0;281.0;142.0;140.0;2973.0;960.0;960.0;1053.0;1228.0;8.0;1364.0;0.0;93.0;929.0;199.0;143.0;190.0;3274.0;1442.0;890.0;942.0;1031.0;0.0;1076.0;0.0;110.0;748.0;132.0;86.0;225.0;3154.0;2137.0;370.0;647.0;622.0;0.0;790.0;0.0;160.0;522.0;57.0;51.0;222.0;3046.0;2187.0;282.0;577.0;364.0;0.0;549.0;0.0;167.0;318.0;34.0;30.0;1181.0;5704.0;4456.0;384.0;864.0;419.0;0.0;736.0;0.0;274.0;405.0;24.0;33.0;36095.0;32109.0;5277.0;7473.0;3.38;5.65;5.65;0.0;5418.0;4197.0;21465.0;7362.0;5073.0;4212.0;23577.0;9650.0;31.6;0.0;0.0;0.0;0.0;0.0;0.0;0.0;0.0;1.0;0.0;0.0;0.0;1.0;0.0;0.16;5.61;2.46;7.09;0.08;1.41;5.35;0.06;1.08;0.12;0.1;0.0;0.93;1.57;1.93;0.34;33.81;0.0;0.0;0.0;37.42;0.0;0.35;0.12;0.0;6.76;4.27;0.0;2.44;0.0;0.0;0.0;0.0;1.1;0.0;0.26;0.0;0.0;27.46;0.0;0.0;0.0;3.56;0.0;0.0;0.0;0.0;0.0;0.0;0.0;0.0;0.0;0.0;0.0;0.0;0.0;0.0;0.0;0.0;0.0;0.0;0.0;0.0;0.0;0.0;0.0;0.0;0.0;0.0;0.0;0.0;0.0;0.0;0.0;0.0;0.0;0.0;0.0;0.0;0.0;0.0;0.0;0.0;0.0;0.0;0.0;0.0;0.0;0.0;0.0;0.0;0.0;0.0;0.0;0.0;100.0;54.15;1;0;0;0;0;0;0;0;0;0;0;0;0;0;0;0;0;0;0;0
AVIS;2.0;100.0;5.0;19.0;76.0;53.0;1.0;0.0;0.0;0.0;0.0;0.0;0.0;2.0;48.0;8.0;11.0;29.0;95.0;4.0;25.0;2.0;0.0;16.0;7.0;0.0;5.0;43.0;10.0;7.0;26.0;67.0;8.0;31.0;0.0;0.0;24.0;7.0;0.0;3.0;51.0;5.0;8.0;38.0;68.0;6.0;33.0;2.0;0.0;25.0;6.0;0.0;6.0;66.0;12.0;10.0;44.0;60.0;2.0;39.0;2.0;0.0;29.0;8.0;0.0;10.0;101.0;12.0;30.0;59.0;77.0;0.0;40.0;0.0;2.0;27.0;11.0;0.0;15.0;136.0;25.0;45.0;66.0;60.0;4.0;53.0;0.0;5.0;37.0;7.0;4.0;15.0;148.0;39.0;56.0;53.0;56.0;2.0;27.0;0.0;0.0;23.0;4.0;0.0;12.0;171.0;66.0;53.0;52.0;48.0;0.0;23.0;0.0;2.0;17.0;4.0;0.0;16.0;229.0;112.0;59.0;58.0;51.0;0.0;22.0;0.0;6.0;15.0;1.0;0.0;15.0;237.0;171.0;28.0;38.0;26.0;0.0;14.0;0.0;4.0;7.0;1.0;2.0;39.0;199.0;151.0;21.0;27.0;22.0;0.0;15.0;0.0;5.0;8.0;1.0;1.0;287.0;369.0;327.0;26.0;16.0;17.0;0.0;10.0;0.0;3.0;7.0;0.0;0.0;1607.0;1501.0;413.0;291.0;3.7;2.23;2.23;78.56;210.0;148.0;901.0;532.0;218.0;182.0;903.0;718.0;0.0;0.0;0.0;0.0;0.0;0.0;0.0;1.0;0.0;0.0;0.0;0.0;0.0;1.0;0.0;0.0;1.62;0.49;8.76;0.0;1.4;0.92;0.0;0.22;0.03;0.03;0.0;0.83;0.19;32.78;1.5;13.06;0.0;0.0;0.0;38.02;0.0;0.12;0.04;0.0;0.0;0.0;0.0;0.0;0.0;0.0;0.0;0.0;0.0;0.0;0.0;0.0;0.0;21.5;0.0;0.0;0.0;57.42;0.0;0.0;0.0;0.0;0.0;0.0;0.0;0.0;0.0;0.0;0.0;0.0;0.0;0.0;0.0;0.0;0.0;0.0;0.0;0.0;0.0;0.0;0.0;0.0;0.0;0.0;0.0;0.0;0.0;0.0;0.0;0.0;0.0;0.0;0.0;0.0;0.0;0.0;14.55;0.0;0.0;0.0;0.0;0.0;0.0;0.0;0.0;0.0;0.0;0.0;0.0;0.0;99.99;6.52;0;0;0;0;0;0;0;0;0;0;0;0;1;0;0;0;0;0;0;0
AZAMBUJA;6.0;756.0;10.0;97.0;649.0;318.0;2.0;0.0;0.0;0.0;0.0;0.0;0.0;14.0;264.0;11.0;44.0;209.0;635.0;35.0;204.0;13.0;0.0;161.0;30.0;0.0;23.0;286.0;22.0;64.0;200.0;425.0;41.0;267.0;5.0;0.0;171.0;91.0;0.0;28.0;420.0;32.0;115.0;273.0;404.0;36.0;263.0;0.0;1.0;171.0;90.0;1.0;43.0;540.0;39.0;131.0;370.0;489.0;47.0;298.0;3.0;12.0;215.0;62.0;6.0;47.0;654.0;73.0;156.0;425.0;626.0;37.0;346.0;4.0;21.0;273.0;43.0;5.0;47.0;725.0;125.0;247.0;353.0;571.0;30.0;309.0;0.0;29.0;243.0;31.0;6.0;35.0;846.0;238.0;280.0;328.0;415.0;25.0;196.0;0.0;26.0;144.0;22.0;4.0;50.0;930.0;362.0;252.0;316.0;355.0;4.0;129.0;0.0;15.0;94.0;13.0;7.0;44.0;947.0;490.0;196.0;261.0;240.0;0.0;121.0;0.0;14.0;84.0;19.0;4.0;79.0;998.0;700.0;110.0;188.0;124.0;0.0;95.0;0.0;25.0;64.0;5.0;1.0;96.0;966.0;753.0;65.0;148.0;71.0;0.0;59.0;0.0;18.0;37.0;3.0;1.0;649.0;1792.0;1593.0;77.0;122.0;65.0;0.0;53.0;0.0;23.0;25.0;2.0;3.0;9411.0;8459.0;1763.0;1788.0;5.37;6.03;6.03;111.05;1424.0;1112.0;5969.0;2196.0;1377.0;1122.0;5370.0;2851.0;0.0;0.0;0.0;0.0;0.0;0.0;0.0;0.0;1.0;0.0;0.0;0.0;0.0;0.0;0.07;0.19;5.39;1.13;10.16;0.12;1.14;3.72;0.08;1.68;0.21;0.11;0.03;0.99;1.0;7.94;0.84;19.02;0.0;0.0;0.0;45.62;0.06;0.43;0.06;0.0;4.89;10.63;0.0;0.0;0.0;0.0;0.0;0.0;0.0;0.0;0.0;0.0;0.0;42.22;0.0;0.0;0.0;14.98;0.0;0.0;0.0;0.0;0.0;0.0;0.0;0.0;0.0;0.0;0.0;0.0;0.0;0.0;0.0;0.0;0.0;0.0;0.0;0.0;0.0;0.0;0.0;0.0;0.0;0.0;0.0;0.0;0.0;0.0;0.0;0.0;0.0;0.0;0.0;0.0;0.0;0.0;0.0;0.0;0.0;0.0;0.0;0.0;0.0;0.0;0.0;0.0;0.0;0.0;0.0;0.0;100.0;27.28;0;0;0;0;0;0;0;0;0;0;1;0;0;0;0;0;0;0;0;0
BAIAO;9.0;645.0;0.0;66.0;579.0;297.0;1.0;0.0;0.0;0.0;0.0;0.0;0.0;9.0;149.0;1.0;26.0;122.0;674.0;21.0;194.0;13.0;0.0;159.0;22.0;0.0;10.0;206.0;4.0;36.0;166.0;382.0;29.0;218.0;2.0;0.0;128.0;86.0;2.0;21.0;342.0;36.0;108.0;198.0;334.0;15.0;151.0;1.0;1.0;93.0;55.0;1.0;27.0;551.0;107.0;147.0;297.0;291.0;15.0;134.0;2.0;3.0;103.0;26.0;0.0;52.0;664.0;158.0;229.0;277.0;305.0;8.0;119.0;0.0;5.0;95.0;17.0;2.0;83.0;980.0;321.0;356.0;303.0;217.0;4.0;104.0;0.0;12.0;83.0;7.0;2.0;119.0;1110.0;506.0;366.0;238.0;145.0;2.0;73.0;0.0;4.0;54.0;12.0;3.0;123.0;1235.0;785.0;256.0;194.0;108.0;0.0;33.0;0.0;1.0;30.0;2.0;0.0;132.0;1084.0;781.0;183.0;120.0;89.0;0.0;43.0;0.0;4.0;35.0;4.0;0.0;125.0;918.0;788.0;76.0;54.0;36.0;0.0;38.0;0.0;8.0;29.0;1.0;0.0;140.0;719.0;649.0;43.0;27.0;16.0;0.0;33.0;0.0;6.0;26.0;1.0;0.0;929.0;1038.0;972.0;31.0;35.0;14.0;0.0;22.0;0.0;13.0;9.0;0.0;0.0;6197.0;8831.0;1513.0;993.0;0.31;0.9;0.9;0.0;1031.0;1005.0;4601.0;1704.0;918.0;994.0;4957.0;2324.0;0.0;0.0;0.0;0.0;0.0;0.0;0.0;0.0;1.0;0.0;0.0;0.0;0.0;0.0;0.02;0.04;1.8;1.29;4.11;0.16;0.39;1.23;0.03;0.23;0.03;0.05;0.19;1.19;0.51;1.04;0.0;30.97;0.0;0.0;0.0;56.15;0.06;0.47;0.03;0.0;0.0;2.66;0.0;0.0;0.0;0.0;0.0;0.0;0.0;0.0;0.0;0.0;0.0;62.69;0.0;0.0;0.0;1.23;0.0;0.0;0.0;0.0;0.0;0.0;0.0;0.0;0.0;0.0;0.0;0.0;0.0;0.0;0.0;0.0;0.0;0.0;0.0;0.0;0.0;0.0;0.0;0.0;0.0;0.0;0.0;0.0;0.0;0.0;0.0;0.0;0.0;0.0;0.0;0.0;0.0;0.0;0.0;0.0;0.0;0.0;0.0;0.0;0.0;0.0;0.0;0.0;0.0;0.0;0.0;0.0;99.99;33.41;0;0;0;0;0;0;0;0;0;0;0;0;0;1;0;0;0;0;0;0
BARCELOS;51.0;3849.0;3.0;364.0;3482.0;2627.0;10.0;14.0;14.0;0.0;0.0;0.0;0.0;37.0;666.0;9.0;53.0;604.0;4630.0;154.0;2019.0;122.0;0.0;1571.0;324.0;2.0;76.0;1137.0;11.0;126.0;1000.0;2825.0;199.0;2504.0;48.0;0.0;1444.0;990.0;22.0;75.0;2061.0;38.0;361.0;1662.0;2087.0;172.0;1945.0;20.0;11.0;1217.0;655.0;42.0;97.0;3163.0;86.0;783.0;2294.0;2005.0;195.0;1668.0;14.0;45.0;1218.0;364.0;27.0;159.0;4801.0;302.0;2506.0;1993.0;2161.0;123.0;1659.0;7.0;68.0;1314.0;228.0;42.0;204.0;6474.0;835.0;3649.0;1990.0;1881.0;84.0;1167.0;0.0;92.0;907.0;146.0;22.0;234.0;7079.0;1860.0;3489.0;1730.0;1272.0;49.0;656.0;0.0;33.0;526.0;79.0;18.0;283.0;7105.0;3347.0;2376.0;1382.0;1027.0;10.0;481.0;0.0;40.0;373.0;57.0;11.0;371.0;6395.0;3967.0;1448.0;980.0;684.0;0.0;397.0;0.0;41.0;314.0;29.0;13.0;405.0;5945.0;5085.0;383.0;477.0;367.0;0.0;339.0;0.0;87.0;228.0;14.0;10.0;483.0;4863.0;4287.0;271.0;305.0;182.0;0.0;223.0;0.0;62.0;143.0;15.0;3.0;3056.0;6768.0;6232.0;227.0;309.0;157.0;0.0;227.0;0.0;107.0;107.0;8.0;5.0;47600.0;55639.0;7315.0;6198.0;0.8;1.89;1.89;81.63;7533.0;7262.0;31489.0;9934.0;7182.0;6795.0;33476.0;13081.0;16.3;0.0;0.0;0.0;0.0;0.0;0.0;0.0;0.0;1.0;0.0;0.0;0.0;1.0;0.04;0.0;2.92;1.94;6.34;0.1;1.28;3.34;0.11;0.6;0.12;0.09;0.0;0.84;0.87;1.3;0.0;43.57;0.0;0.0;0.0;35.98;0.11;0.38;0.07;0.0;2.38;3.92;0.0;0.0;0.0;0.0;0.72;0.0;0.0;0.0;0.0;0.0;0.0;38.96;0.0;0.0;0.0;1.75;0.0;0.0;0.0;0.0;0.0;0.0;0.0;0.0;0.0;0.0;0.0;0.0;0.0;0.0;0.0;0.0;0.0;0.0;0.0;0.0;0.0;0.0;0.0;0.0;0.0;0.0;0.0;0.0;0.0;0.0;0.0;0.0;0.0;0.0;0.0;0.0;0.0;0.0;0.0;0.0;0.0;0.0;0.0;0.0;0.0;0.0;0.0;0.0;0.0;0.0;0.0;0.0;95.32;47.59;0;0;0;1;0;0;0;0;0;0;0;0;0;0;0;0;0;0;0;0
BARRANCOS;0.0;56.0;0.0;6.0;50.0;25.0;0.0;0.0;0.0;0.0;0.0;0.0;0.0;0.0;9.0;0.0;3.0;6.0;43.0;0.0;13.0;1.0;0.0;11.0;1.0;0.0;0.0;7.0;1.0;4.0;2.0;29.0;1.0;10.0;0.0;0.0;6.0;4.0;0.0;0.0;7.0;0.0;1.0;6.0;40.0;3.0;11.0;0.0;0.0;6.0;5.0;0.0;2.0;19.0;2.0;3.0;14.0;36.0;4.0;14.0;0.0;1.0;12.0;1.0;0.0;1.0;32.0;2.0;9.0;21.0;30.0;2.0;5.0;0.0;1.0;3.0;1.0;0.0;0.0;46.0;3.0;17.0;26.0;47.0;1.0;17.0;0.0;1.0;14.0;1.0;1.0;4.0;91.0;7.0;42.0;42.0;45.0;1.0;10.0;0.0;1.0;8.0;1.0;0.0;2.0;84.0;28.0;30.0;26.0;22.0;0.0;5.0;0.0;0.0;4.0;0.0;1.0;5.0;74.0;31.0;23.0;20.0;11.0;0.0;3.0;0.0;1.0;1.0;1.0;0.0;4.0;80.0;62.0;9.0;9.0;6.0;0.0;5.0;0.0;0.0;5.0;0.0;0.0;9.0;58.0;47.0;6.0;5.0;4.0;0.0;5.0;0.0;0.0;5.0;0.0;0.0;83.0;135.0;119.0;9.0;7.0;2.0;0.0;4.0;0.0;1.0;2.0;0.0;1.0;608.0;603.0;147.0;80.0;1.69;1.04;1.04;67.19;91.0;76.0;371.0;165.0;85.0;70.0;350.0;230.0;0.0;0.0;0.0;0.0;0.0;0.0;0.0;1.0;0.0;0.0;0.0;0.0;0.0;0.0;0.0;0.0;2.13;1.28;11.66;0.0;1.71;1.28;0.0;0.71;0.0;0.0;0.0;1.0;0.28;20.63;0.43;16.64;0.0;0.0;0.0;42.11;0.0;0.0;0.14;0.0;0.0;0.0;0.0;0.0;0.0;0.0;0.0;0.0;0.0;0.0;0.0;0.0;0.0;35.95;0.0;0.0;0.0;48.04;0.0;0.0;0.0;0.0;0.0;0.0;0.0;0.0;0.0;0.0;0.0;0.0;0.0;0.0;0.0;0.0;0.0;0.0;0.0;0.0;0.0;0.0;0.0;0.0;0.0;0.0;0.0;0.0;0.0;0.0;0.0;0.0;0.0;0.0;0.0;0.0;0.0;0.0;0.0;0.0;0.0;0.0;0.0;0.0;0.0;0.0;0.0;0.0;0.0;0.0;0.0;0.0;100.0;16.01;0;0;1;0;0;0;0;0;0;0;0;0;0;0;0;0;0;0;0;0
BARREIRO;43.0;2702.0;29.0;396.0;2277.0;1377.0;3.0;12.0;12.0;0.0;0.0;0.0;0.0;51.0;736.0;33.0;112.0;591.0;2329.0;69.0;881.0;55.0;0.0;719.0;106.0;1.0;79.0;708.0;42.0;145.0;521.0;1640.0;119.0;1571.0;46.0;0.0;984.0;533.0;8.0;105.0;939.0;67.0;184.0;688.0;1500.0;156.0;1493.0;30.0;16.0;929.0;494.0;24.0;115.0;1238.0;99.0;226.0;913.0;1619.0;159.0;1505.0;25.0;85.0;1047.0;323.0;25.0;126.0;1529.0;131.0;343.0;1055.0;2082.0;155.0;1873.0;6.0;137.0;1446.0;259.0;25.0;121.0;1970.0;283.0;484.0;1203.0;2262.0;128.0;1822.0;0.0;156.0;1419.0;218.0;29.0;105.0;2195.0;403.0;633.0;1159.0;1691.0;61.0;1110.0;0.0;125.0;812.0;155.0;18.0;137.0;2390.0;663.0;643.0;1084.0;1437.0;15.0;891.0;0.0;87.0;630.0;142.0;32.0;170.0;2705.0;1059.0;595.0;1051.0;1228.0;0.0;645.0;0.0;83.0;454.0;93.0;15.0;225.0;3324.0;2029.0;462.0;833.0;779.0;0.0;478.0;0.0;97.0;334.0;37.0;10.0;287.0;4319.0;3041.0;417.0;861.0;428.0;0.0;309.0;0.0;82.0;199.0;21.0;7.0;1430.0;7675.0;5959.0;596.0;1120.0;445.0;0.0;326.0;0.0;130.0;173.0;9.0;14.0;36259.0;28360.0;6325.0;7401.0;4.36;7.94;7.94;96.5;5279.0;4123.0;18865.0;8435.0;5044.0;4080.0;20929.0;11590.0;0.0;0.0;0.0;0.0;0.0;0.0;0.0;0.0;1.0;0.0;0.0;0.0;0.0;0.0;0.0;0.26;5.1;0.79;8.04;0.07;0.89;4.07;0.04;1.37;0.12;0.1;0.06;0.79;1.85;13.71;0.62;12.87;0.0;0.0;0.0;48.81;0.02;0.32;0.12;0.0;3.01;4.4;0.0;0.0;0.0;0.49;0.0;0.0;0.0;1.73;0.0;0.0;0.0;58.23;0.0;0.0;0.0;24.07;0.0;0.0;0.0;0.0;0.0;0.0;0.0;0.0;0.0;0.0;0.0;0.0;0.0;0.0;0.0;0.0;0.0;0.0;0.0;0.0;0.0;0.0;0.0;0.0;0.0;0.0;0.0;0.0;0.0;0.0;0.0;0.0;0.0;0.0;0.0;0.0;0.0;0.0;0.0;0.0;0.0;0.0;0.0;0.0;0.0;0.0;0.0;0.0;0.0;0.0;0.0;0.0;99.99;8.06;0;0;0;0;0;0;0;0;0;0;0;0;0;0;0;1;0;0;0;0
BATALHA;10.0;487.0;2.0;52.0;433.0;297.0;0.0;1.0;1.0;0.0;0.0;0.0;0.0;2.0;88.0;3.0;14.0;71.0;490.0;13.0;235.0;21.0;0.0;182.0;32.0;0.0;8.0;125.0;2.0;12.0;111.0;277.0;43.0;320.0;4.0;0.0;209.0;104.0;3.0;14.0;161.0;4.0;24.0;133.0;264.0;41.0;324.0;8.0;1.0;195.0;116.0;4.0;10.0;277.0;10.0;39.0;228.0;334.0;56.0;326.0;5.0;8.0;228.0;77.0;8.0;13.0;376.0;20.0;89.0;267.0;357.0;33.0;346.0;0.0;22.0;273.0;46.0;5.0;25.0;517.0;59.0;187.0;271.0;385.0;20.0;245.0;0.0;35.0;178.0;28.0;4.0;28.0;692.0;137.0;269.0;286.0;222.0;14.0;132.0;0.0;23.0;89.0;20.0;0.0;32.0;811.0;282.0;254.0;275.0;167.0;1.0;79.0;0.0;8.0;64.0;5.0;2.0;59.0;812.0;444.0;175.0;193.0;147.0;0.0;70.0;0.0;17.0;45.0;7.0;1.0;65.0;828.0;638.0;79.0;111.0;53.0;0.0;41.0;0.0;12.0;27.0;1.0;1.0;53.0;759.0;658.0;37.0;64.0;22.0;0.0;27.0;0.0;13.0;11.0;1.0;2.0;488.0;1184.0;1098.0;46.0;40.0;27.0;0.0;31.0;0.0;15.0;15.0;0.0;1.0;6432.0;6992.0;1013.0;1120.0;3.42;4.34;4.34;0.0;1133.0;815.0;3940.0;1645.0;1060.0;808.0;4223.0;1933.0;27.1;0.0;0.0;0.0;0.0;0.0;0.0;0.0;1.0;0.0;0.0;0.0;0.0;1.0;0.0;0.26;3.11;3.42;8.22;0.1;1.52;5.82;0.0;0.78;0.08;0.14;0.21;1.13;1.35;1.02;0.0;42.76;0.0;0.0;0.0;29.41;0.08;0.47;0.12;0.0;0.0;4.93;0.0;3.45;0.0;0.0;0.0;0.0;0.0;0.0;0.0;0.0;0.0;48.58;0.0;0.0;0.0;1.15;0.0;0.0;0.0;0.0;0.0;0.0;0.0;0.0;0.0;0.0;0.0;0.0;0.0;0.0;0.0;0.0;0.0;0.0;0.0;0.0;0.0;0.0;0.0;0.0;0.0;0.0;0.0;0.0;0.0;0.0;0.0;0.0;0.0;0.0;0.0;0.0;0.0;0.0;0.0;0.0;0.0;0.0;0.0;0.0;0.0;0.0;0.0;0.0;0.0;0.0;0.0;0.0;100.0;41.89;0;0;0;0;0;0;0;0;0;1;0;0;0;0;0;0;0;0;0;0
BEJA;14.0;1215.0;39.0;218.0;958.0;517.0;3.0;1.0;1.0;0.0;0.0;0.0;0.0;26.0;367.0;50.0;75.0;242.0;949.0;21.0;393.0;24.0;0.0;320.0;49.0;0.0;32.0;344.0;70.0;59.0;215.0;570.0;40.0;576.0;18.0;0.0;389.0;169.0;0.0;36.0;486.0;74.0;102.0;310.0;528.0;61.0;591.0;8.0;3.0;401.0;172.0;7.0;63.0;631.0;52.0;136.0;443.0;630.0;45.0;689.0;3.0;19.0;513.0;146.0;8.0;67.0;754.0;85.0;181.0;488.0;802.0;41.0;843.0;2.0;43.0;666.0;118.0;14.0;68.0;894.0;121.0;249.0;524.0;714.0;22.0;767.0;0.0;48.0;565.0;132.0;22.0;84.0;1083.0;221.0;338.0;524.0;605.0;32.0;579.0;0.0;45.0;438.0;73.0;23.0;84.0;1163.0;310.0;348.0;505.0;578.0;1.0;558.0;0.0;35.0;422.0;75.0;26.0;98.0;1260.0;483.0;312.0;465.0;476.0;0.0;410.0;0.0;45.0;292.0;60.0;13.0;95.0;1324.0;790.0;182.0;352.0;274.0;0.0;332.0;0.0;52.0;242.0;32.0;6.0;144.0;1336.0;908.0;130.0;298.0;146.0;0.0;188.0;0.0;60.0;114.0;11.0;3.0;1138.0;2572.0;2082.0;179.0;311.0;129.0;0.0;184.0;0.0;75.0;99.0;6.0;4.0;15432.0;12377.0;2845.0;2740.0;2.69;4.51;4.51;101.74;2451.0;1846.0;8728.0;3271.0;2270.0;1660.0;8577.0;4591.0;0.0;0.0;0.0;0.0;0.0;0.0;0.0;0.0;1.0;0.0;0.0;0.0;0.0;0.0;0.0;0.0;3.8;0.94;10.39;0.07;1.01;1.46;0.0;0.67;0.06;0.1;0.0;0.88;0.8;23.3;0.71;11.16;0.0;0.0;0.0;44.29;0.08;0.19;0.08;0.0;1.73;5.57;0.0;0.0;0.0;0.0;0.0;0.0;0.0;0.0;0.0;0.0;0.0;40.08;0.0;0.0;0.0;33.64;0.0;0.0;0.0;0.0;0.0;0.0;0.0;0.0;0.0;0.0;0.0;0.0;0.0;0.0;0.0;0.0;0.0;0.0;0.0;0.0;0.0;0.0;0.0;0.0;0.0;0.0;0.0;0.0;0.0;0.0;0.0;0.0;0.0;0.0;0.0;0.0;0.0;0.0;0.0;0.0;0.0;0.0;0.0;0.0;0.0;0.0;0.0;0.0;0.0;0.0;0.0;0.0;100.0;18.98;0;0;1;0;0;0;0;0;0;0;0;0;0;0;0;0;0;0;0;0
BELMONTE;4.0;134.0;1.0;22.0;111.0;91.0;0.0;0.0;0.0;0.0;0.0;0.0;0.0;1.0;31.0;3.0;8.0;20.0;174.0;8.0;66.0;5.0;0.0;46.0;15.0;0.0;4.0;46.0;6.0;6.0;34.0;108.0;6.0;81.0;1.0;0.0;49.0;30.0;1.0;3.0;81.0;7.0;16.0;58.0;86.0;7.0;70.0;5.0;0.0;38.0;26.0;1.0;6.0;112.0;10.0;22.0;80.0;110.0;10.0;81.0;0.0;2.0;60.0;18.0;1.0;5.0;135.0;18.0;36.0;81.0;156.0;8.0;87.0;0.0;6.0;72.0;8.0;1.0;9.0;217.0;50.0;81.0;86.0;127.0;5.0;65.0;0.0;11.0;44.0;9.0;1.0;8.0;231.0;74.0;86.0;71.0;98.0;3.0;52.0;0.0;6.0;37.0;6.0;3.0;13.0;311.0;127.0;83.0;101.0;105.0;0.0;40.0;0.0;1.0;30.0;5.0;4.0;32.0;396.0;217.0;80.0;99.0;84.0;0.0;44.0;0.0;11.0;28.0;3.0;2.0;44.0;389.0;313.0;37.0;39.0;47.0;0.0;34.0;0.0;12.0;20.0;1.0;1.0;41.0;278.0;233.0;21.0;24.0;15.0;0.0;12.0;0.0;6.0;6.0;0.0;0.0;388.0;724.0;662.0;32.0;30.0;7.0;0.0;18.0;0.0;9.0;9.0;0.0;0.0;2217.0;2923.0;680.0;385.0;1.05;1.47;1.47;0.0;341.0;252.0;1508.0;861.0;316.0;257.0;1534.0;1136.0;42.9;0.0;0.0;0.0;0.0;0.0;0.0;0.0;1.0;0.0;0.0;0.0;0.0;1.0;0.0;0.39;3.99;1.15;7.18;0.14;1.44;2.3;0.0;0.6;0.04;0.04;0.15;1.99;1.01;3.76;0.5;21.45;0.0;0.0;0.0;53.48;0.04;0.33;0.0;0.0;0.0;0.0;0.0;0.0;0.0;0.0;0.0;0.0;0.0;0.0;0.0;0.0;0.0;43.88;0.0;0.0;0.0;15.25;0.0;0.0;0.0;0.0;0.0;0.0;0.0;0.0;0.0;0.0;0.0;0.0;0.0;0.0;0.0;0.0;0.0;0.0;0.0;0.0;0.0;0.0;0.0;0.0;0.0;0.0;0.0;0.0;0.0;0.0;0.0;0.0;0.0;0.0;0.0;0.0;0.0;0.0;0.0;0.0;0.0;0.0;0.0;0.0;0.0;0.0;0.0;0.0;0.0;0.0;0.0;0.0;100.0;40.87;0;0;0;0;0;1;0;0;0;0;0;0;0;0;0;0;0;0;0;0
BENAVENTE;17.0;1160.0;9.0;178.0;973.0;525.0;1.0;1.0;1.0;0.0;0.0;0.0;0.0;22.0;371.0;17.0;65.0;289.0;964.0;39.0;316.0;15.0;0.0;258.0;43.0;0.0;44.0;351.0;17.0;84.0;250.0;622.0;54.0;424.0;16.0;0.0;273.0;131.0;4.0;43.0;514.0;44.0;108.0;362.0;577.0;54.0;377.0;7.0;1.0;264.0;100.0;5.0;64.0;640.0;53.0;153.0;434.0;666.0;66.0;510.0;6.0;25.0;392.0;82.0;5.0;45.0;909.0;103.0;240.0;566.0;793.0;58.0;567.0;4.0;30.0;472.0;55.0;6.0;58.0;1055.0;134.0;371.0;550.0;782.0;53.0;486.0;0.0;50.0;377.0;56.0;3.0;58.0;1194.0;239.0;439.0;516.0;611.0;33.0;338.0;0.0;54.0;245.0;35.0;4.0;76.0;1225.0;403.0;377.0;445.0;501.0;5.0;256.0;0.0;25.0;175.0;51.0;5.0;63.0;1183.0;520.0;276.0;387.0;336.0;0.0;198.0;0.0;28.0;139.0;22.0;9.0;91.0;1143.0;779.0;144.0;220.0;173.0;0.0;113.0;0.0;26.0;74.0;8.0;5.0;127.0;1160.0;909.0;89.0;162.0;88.0;0.0;93.0;0.0;36.0;51.0;3.0;3.0;765.0;1960.0;1687.0;111.0;162.0;75.0;0.0;73.0;0.0;24.0;45.0;3.0;1.0;13422.0;11474.0;2105.0;2708.0;7.08;6.92;6.92;96.67;2308.0;1754.0;7673.0;2524.0;2235.0;1662.0;8216.0;3337.0;0.0;0.0;0.0;0.0;0.0;0.0;0.0;1.0;0.0;0.0;0.0;0.0;0.0;1.0;0.0;0.0;4.0;1.68;14.78;0.1;1.18;4.4;0.0;1.01;0.18;0.19;0.0;0.66;1.12;8.44;0.0;22.7;0.0;0.0;0.0;38.8;0.1;0.48;0.15;0.0;0.0;12.54;0.0;0.0;0.0;0.0;0.0;0.0;0.0;0.0;0.0;0.0;0.0;19.23;0.0;0.0;0.0;34.74;0.0;0.0;0.0;0.0;0.0;0.0;0.0;0.0;0.0;0.0;0.0;0.0;0.0;0.0;0.0;0.0;0.0;0.0;0.0;0.0;0.0;0.0;0.0;0.0;0.0;0.0;0.0;0.0;0.0;0.0;0.0;0.0;0.0;0.0;0.0;0.0;0.0;0.0;0.0;0.0;0.0;0.0;0.0;0.0;0.0;0.0;0.0;0.0;0.0;0.0;0.0;5.1;100.01;28.4;0;0;0;0;0;0;0;0;0;0;0;0;0;0;1;0;0;0;0;0
BOMBARRAL;4.0;409.0;1.0;83.0;325.0;187.0;1.0;0.0;0.0;0.0;0.0;0.0;0.0;4.0;99.0;4.0;21.0;74.0;350.0;19.0;148.0;15.0;0.0;121.0;12.0;0.0;7.0;164.0;5.0;34.0;125.0;261.0;29.0;167.0;4.0;0.0;113.0;50.0;0.0;10.0;172.0;5.0;42.0;125.0;221.0;31.0;144.0;3.0;1.0;100.0;37.0;3.0;12.0;276.0;11.0;53.0;212.0;270.0;23.0;197.0;2.0;10.0;142.0;38.0;5.0;18.0;350.0;26.0;104.0;220.0;297.0;29.0;172.0;0.0;11.0;142.0;17.0;2.0;27.0;429.0;63.0;156.0;210.0;265.0;20.0;151.0;0.0;15.0;113.0;21.0;2.0;24.0;513.0;152.0;174.0;187.0;206.0;5.0;142.0;0.0;17.0;107.0;16.0;2.0;32.0;612.0;219.0;205.0;188.0;187.0;1.0;105.0;0.0;14.0;71.0;14.0;6.0;47.0;616.0;336.0;118.0;162.0;139.0;0.0;74.0;0.0;10.0;55.0;6.0;3.0;66.0;728.0;535.0;88.0;105.0;77.0;0.0;74.0;0.0;18.0;49.0;6.0;1.0;71.0;716.0;574.0;50.0;92.0;40.0;0.0;53.0;0.0;18.0;22.0;8.0;5.0;418.0;1178.0;1032.0;66.0;80.0;35.0;0.0;49.0;0.0;19.0;23.0;2.0;5.0;5221.0;5298.0;1117.0;1110.0;3.43;5.2;5.2;0.0;839.0;597.0;3121.0;1555.0;736.0;624.0;3324.0;1950.0;0.0;0.0;0.0;0.0;0.0;0.0;0.0;0.0;0.0;1.0;0.0;0.0;0.0;0.0;0.0;0.28;3.42;3.55;8.33;0.04;1.32;4.26;0.0;0.7;0.1;0.06;0.09;0.8;0.78;4.26;0.0;30.77;0.0;0.0;0.0;40.74;0.08;0.42;0.01;0.0;0.0;4.91;0.0;0.0;0.0;0.0;0.0;0.0;0.0;0.0;0.0;0.0;0.0;42.95;0.0;0.0;0.0;6.13;0.0;0.0;0.0;0.0;0.0;0.0;0.0;0.0;0.0;0.0;0.0;0.0;0.0;0.0;0.0;0.0;0.0;0.0;0.0;0.0;0.0;0.0;0.0;0.0;0.0;0.0;0.0;0.0;0.0;0.0;0.0;0.0;0.0;0.0;0.0;0.0;0.0;0.0;0.0;0.0;0.0;0.0;0.0;0.0;0.0;0.0;0.0;0.0;0.0;0.0;0.0;0.0;100.0;46.010000000000005;0;0;0;0;0;0;0;0;0;1;0;0;0;0;0;0;0;0;0;0
BORBA;1.0;163.0;8.0;21.0;134.0;97.0;2.0;0.0;0.0;0.0;0.0;0.0;0.0;10.0;37.0;8.0;9.0;20.0;176.0;12.0;54.0;3.0;0.0;43.0;8.0;0.0;10.0;53.0;9.0;6.0;38.0;103.0;6.0;73.0;2.0;0.0;50.0;21.0;0.0;13.0;93.0;13.0;24.0;56.0;100.0;12.0;67.0;0.0;0.0;53.0;11.0;3.0;9.0;103.0;9.0;32.0;62.0;112.0;7.0;63.0;0.0;0.0;55.0;8.0;0.0;12.0;144.0;23.0;35.0;86.0;164.0;5.0;85.0;0.0;3.0;70.0;11.0;1.0;14.0;247.0;48.0;75.0;124.0;153.0;4.0;76.0;0.0;4.0;64.0;6.0;2.0;27.0;317.0;87.0;115.0;115.0;122.0;3.0;50.0;0.0;7.0;33.0;9.0;1.0;24.0;392.0;135.0;132.0;125.0;105.0;0.0;29.0;0.0;1.0;24.0;4.0;0.0;28.0;344.0;173.0;96.0;75.0;54.0;0.0;37.0;0.0;2.0;33.0;2.0;0.0;18.0;337.0;252.0;43.0;42.0;28.0;0.0;18.0;0.0;2.0;14.0;1.0;1.0;47.0;331.0;275.0;21.0;35.0;17.0;0.0;13.0;0.0;4.0;7.0;1.0;1.0;400.0;631.0;580.0;18.0;33.0;10.0;0.0;16.0;0.0;6.0;10.0;0.0;0.0;2530.0;2946.0;594.0;358.0;1.81;1.66;1.66;75.84;364.0;291.0;1643.0;851.0;386.0;261.0;1617.0;1015.0;0.0;0.0;0.0;0.0;0.0;1.0;0.0;0.0;0.0;0.0;0.0;0.0;0.0;1.0;0.0;0.0;3.33;0.88;10.24;0.13;0.88;1.61;0.0;0.34;0.12;0.0;0.0;0.86;0.55;10.47;0.0;15.15;0.0;0.0;0.0;54.79;0.03;0.46;0.18;0.0;0.0;0.0;0.0;0.0;0.0;0.0;0.0;0.0;0.0;0.0;0.0;0.0;0.0;34.64;0.0;0.0;0.0;5.07;0.0;0.0;0.0;0.0;0.0;0.0;0.0;0.0;0.0;0.0;0.0;0.0;0.0;0.0;0.0;0.0;0.0;0.0;0.0;46.52;0.0;0.0;0.0;0.0;0.0;0.0;0.0;0.0;0.0;0.0;0.0;0.0;0.0;0.0;0.0;0.0;0.0;0.0;0.0;0.0;0.0;0.0;0.0;0.0;0.0;0.0;0.0;0.0;0.0;0.0;0.0;0.0;100.01;13.78;0;0;0;0;0;0;0;0;0;0;0;0;0;0;0;0;0;0;0;1
BOTICAS;4.0;137.0;0.0;17.0;120.0;61.0;1.0;0.0;0.0;0.0;0.0;0.0;0.0;0.0;37.0;1.0;9.0;27.0;82.0;4.0;43.0;3.0;0.0;32.0;8.0;0.0;3.0;33.0;3.0;7.0;23.0;62.0;5.0;61.0;1.0;0.0;36.0;24.0;0.0;4.0;79.0;3.0;19.0;57.0;59.0;4.0;56.0;1.0;0.0;38.0;16.0;1.0;8.0;94.0;12.0;27.0;55.0;90.0;6.0;50.0;1.0;1.0;36.0;12.0;0.0;9.0;143.0;20.0;62.0;61.0;90.0;6.0;47.0;2.0;0.0;38.0;7.0;0.0;16.0;154.0;37.0;77.0;40.0;62.0;1.0;40.0;0.0;1.0;37.0;2.0;0.0;23.0;226.0;98.0;94.0;34.0;47.0;2.0;27.0;0.0;2.0;21.0;4.0;0.0;19.0;309.0;208.0;72.0;29.0;31.0;0.0;11.0;0.0;0.0;8.0;3.0;0.0;31.0;386.0;286.0;68.0;32.0;31.0;0.0;25.0;0.0;4.0;14.0;6.0;1.0;43.0;380.0;333.0;32.0;15.0;24.0;0.0;14.0;0.0;6.0;8.0;0.0;0.0;63.0;310.0;282.0;14.0;14.0;10.0;0.0;11.0;0.0;8.0;3.0;0.0;0.0;430.0;551.0;524.0;19.0;8.0;9.0;0.0;10.0;0.0;5.0;5.0;0.0;0.0;1788.0;2413.0;622.0;177.0;0.66;1.44;1.44;0.0;222.0;170.0;1177.0;823.0;204.0;199.0;1173.0;1032.0;0.0;0.0;0.0;0.0;0.0;0.0;0.0;0.0;0.0;1.0;0.0;0.0;0.0;0.0;0.0;0.0;0.81;0.78;4.2;0.11;0.88;0.54;0.0;0.28;0.56;0.12;0.19;1.44;0.22;3.16;0.0;57.46;0.0;0.0;0.0;28.86;0.0;0.34;0.04;0.0;0.0;1.65;0.0;0.0;0.0;0.0;0.0;0.0;0.0;0.0;0.0;0.0;0.0;16.81;0.0;0.0;0.0;4.0;0.0;0.0;0.0;0.0;0.0;0.0;0.0;0.0;0.0;0.0;0.0;0.0;0.0;0.0;0.0;0.0;0.0;0.0;0.0;0.0;0.0;0.0;0.0;0.0;0.0;0.0;0.0;0.0;0.0;0.0;0.0;0.0;0.0;0.0;0.0;0.0;0.0;0.0;0.0;0.0;0.0;0.0;0.0;0.0;0.0;0.0;0.0;0.0;0.0;0.0;0.0;0.0;100.0;77.54;0;0;0;0;0;0;0;0;0;0;0;0;0;0;0;0;0;1;0;0
BRAGA;62.0;6472.0;27.0;683.0;5762.0;4044.0;15.0;10.0;10.0;0.0;0.0;0.0;0.0;69.0;1062.0;32.0;112.0;918.0;6673.0;196.0;3373.0;153.0;0.0;2561.0;654.0;5.0;101.0;1298.0;51.0;124.0;1123.0;4012.0;335.0;5789.0;112.0;0.0;2890.0;2730.0;57.0;158.0;2018.0;78.0;351.0;1589.0;3585.0;358.0;5755.0;68.0;25.0;3036.0;2404.0;222.0;197.0;3211.0;154.0;593.0;2464.0;3811.0;357.0;6062.0;50.0;220.0;3912.0;1577.0;303.0;230.0;4632.0;343.0;1483.0;2806.0;4064.0;293.0;6085.0;17.0;296.0;4491.0;1024.0;257.0;279.0;6279.0;906.0;2560.0;2813.0;3789.0;232.0;5117.0;0.0;308.0;3744.0;831.0;234.0;322.0;7335.0;1827.0;2849.0;2659.0;3130.0;175.0;3630.0;0.0;184.0;2681.0;538.0;227.0;373.0;8339.0;3237.0;2559.0;2543.0;2641.0;16.0;2912.0;0.0;185.0;2053.0;460.0;214.0;418.0;7884.0;4130.0;1824.0;1930.0;1955.0;0.0;2245.0;0.0;205.0;1588.0;286.0;166.0;522.0;7524.0;5650.0;721.0;1153.0;1118.0;0.0;1717.0;0.0;364.0;1141.0;133.0;79.0;567.0;6578.0;4971.0;474.0;1133.0;624.0;0.0;1061.0;0.0;311.0;642.0;57.0;51.0;3168.0;10310.0;8275.0;620.0;1415.0;693.0;0.0;1291.0;0.0;521.0;656.0;56.0;58.0;86958.0;82967.0;9981.0;13418.0;2.64;5.83;5.83;105.39;13759.0;11222.0;51871.0;15250.0;12994.0;10754.0;57551.0;19923.0;23.0;0.0;0.0;0.0;0.0;0.0;0.0;0.0;0.0;1.0;0.0;0.0;0.0;1.0;0.07;0.0;4.04;1.78;5.78;0.11;1.5;4.81;0.13;0.85;0.09;0.11;0.0;0.92;1.45;3.24;0.0;32.19;0.0;0.0;0.0;42.33;0.12;0.39;0.07;0.0;4.39;4.87;0.0;3.06;0.0;0.63;0.0;0.0;0.0;2.86;0.0;0.0;0.0;32.16;0.0;0.0;0.0;7.04;0.0;0.0;0.0;0.0;0.0;0.0;0.0;0.0;0.0;0.0;0.0;0.0;0.0;0.0;0.0;0.0;0.0;0.0;0.0;0.0;0.0;0.0;0.0;0.0;0.0;0.0;0.0;0.0;0.0;0.0;0.0;0.0;0.0;0.0;0.0;0.0;0.0;0.0;0.0;0.0;0.0;0.0;0.0;0.0;0.0;0.0;0.0;0.0;0.0;0.0;0.0;0.0;99.99;44.98;0;0;0;1;0;0;0;0;0;0;0;0;0;0;0;0;0;0;0;0
BRAGANCA;15.0;921.0;6.0;116.0;799.0;569.0;0.0;1.0;1.0;0.0;0.0;0.0;0.0;19.0;201.0;6.0;29.0;166.0;1331.0;21.0;599.0;29.0;0.0;491.0;79.0;0.0;22.0;236.0;18.0;36.0;182.0;573.0;49.0;833.0;19.0;0.0;525.0;285.0;4.0;21.0;310.0;24.0;64.0;222.0;492.0;38.0;763.0;9.0;1.0;482.0;248.0;23.0;46.0;423.0;26.0;94.0;303.0;566.0;42.0;855.0;6.0;22.0;607.0;189.0;31.0;52.0;648.0;82.0;172.0;394.0;701.0;34.0;944.0;2.0;37.0;689.0;165.0;51.0;61.0;846.0;145.0;292.0;409.0;639.0;28.0;874.0;0.0;48.0;621.0;129.0;76.0;78.0;1031.0;262.0;359.0;410.0;541.0;22.0;655.0;0.0;58.0;412.0;122.0;63.0;107.0;1320.0;578.0;326.0;416.0;520.0;4.0;567.0;0.0;24.0;404.0;85.0;54.0;105.0;1447.0;732.0;295.0;420.0;474.0;0.0;446.0;0.0;28.0;333.0;55.0;30.0;182.0;1684.0;1170.0;215.0;299.0;340.0;0.0;414.0;0.0;69.0;295.0;37.0;13.0;184.0;1588.0;1152.0;166.0;270.0;166.0;0.0;243.0;0.0;77.0;142.0;15.0;9.0;1345.0;3240.0;2784.0;181.0;275.0;136.0;0.0;226.0;0.0;96.0;106.0;17.0;7.0;14625.0;14729.0;2949.0;2279.0;1.64;4.62;4.62;0.0;1910.0;1880.0;8382.0;4342.0;1834.0;1797.0;9031.0;5406.0;0.0;0.0;0.0;0.0;0.0;0.0;0.0;0.0;0.0;1.0;0.0;0.0;0.0;0.0;0.0;0.0;1.29;1.45;7.94;0.07;1.13;1.24;0.0;0.19;0.09;0.07;0.0;0.98;0.36;1.11;0.0;44.39;0.0;0.0;0.0;39.46;0.0;0.23;0.0;0.0;1.4;6.2;0.0;0.0;0.0;0.0;0.0;0.0;0.0;0.0;0.0;0.0;0.0;28.32;0.0;0.0;0.0;2.34;0.0;0.0;0.0;0.0;0.0;0.0;0.0;0.0;0.0;0.0;0.0;0.0;0.0;0.0;0.0;0.0;0.0;0.0;0.0;0.0;0.0;0.0;0.0;0.0;0.0;0.0;0.0;0.0;0.0;0.0;0.0;0.0;0.0;0.0;0.0;0.0;0.0;0.0;0.0;0.0;0.0;0.0;0.0;0.0;0.0;0.0;0.0;0.0;0.0;0.0;0.0;0.0;100.0;61.74;0;0;0;0;1;0;0;0;0;0;0;0;0;0;0;0;0;0;0;0
CABECEIRAS DE BASTO;8.0;576.0;1.0;61.0;514.0;309.0;2.0;1.0;1.0;0.0;0.0;0.0;0.0;7.0;160.0;2.0;23.0;135.0;549.0;11.0;203.0;7.0;0.0;156.0;39.0;1.0;21.0;199.0;5.0;30.0;164.0;338.0;20.0;273.0;5.0;0.0;159.0;108.0;1.0;16.0;271.0;13.0;60.0;198.0;258.0;22.0;227.0;4.0;0.0;142.0;77.0;4.0;19.0;385.0;34.0;96.0;255.0;289.0;17.0;226.0;3.0;2.0;183.0;35.0;3.0;21.0;553.0;62.0;233.0;258.0;312.0;16.0;177.0;1.0;10.0;142.0;21.0;3.0;43.0;741.0;164.0;332.0;245.0;226.0;13.0;139.0;0.0;8.0;116.0;13.0;2.0;56.0;806.0;244.0;350.0;212.0;154.0;5.0;84.0;0.0;3.0;69.0;9.0;3.0;68.0;917.0;482.0;236.0;199.0;136.0;0.0;59.0;0.0;3.0;47.0;9.0;0.0;79.0;943.0;574.0;221.0;148.0;85.0;0.0;77.0;0.0;8.0;61.0;6.0;2.0;82.0;786.0;629.0;84.0;73.0;49.0;0.0;50.0;0.0;15.0;33.0;1.0;1.0;76.0;591.0;507.0;48.0;36.0;17.0;0.0;30.0;0.0;11.0;13.0;4.0;2.0;778.0;1012.0;918.0;56.0;38.0;17.0;0.0;36.0;0.0;19.0;16.0;1.0;0.0;6368.0;7178.0;1305.0;707.0;0.77;1.26;1.26;69.02;992.0;941.0;4080.0;1546.0;925.0;885.0;4211.0;1978.0;22.4;0.0;0.0;0.0;0.0;0.0;0.0;0.0;0.0;1.0;0.0;0.0;0.0;0.0;0.05;0.0;2.17;1.32;4.32;0.06;0.52;1.5;0.23;0.52;0.09;0.11;0.0;0.94;0.46;1.21;0.0;36.52;0.0;0.0;0.0;49.26;0.19;0.43;0.08;0.0;0.0;0.8;0.0;0.0;0.0;0.0;0.0;0.0;0.0;0.0;0.0;0.0;0.0;43.18;0.0;0.0;0.0;0.76;0.0;0.0;0.0;0.0;0.0;0.0;0.0;0.0;0.0;0.0;0.0;0.0;0.0;0.0;0.0;0.0;0.0;0.0;0.0;0.0;0.0;0.0;0.0;0.0;0.0;0.0;0.0;0.0;0.0;0.0;0.0;0.0;0.0;0.0;0.0;0.0;0.0;0.0;0.0;0.0;0.0;0.0;0.0;0.0;0.0;0.0;0.0;0.0;0.0;0.0;0.0;0.0;100.0;55.26;0;0;0;1;0;0;0;0;0;0;0;0;0;0;0;0;0;0;0;0
CADAVAL;13.0;425.0;2.0;63.0;360.0;204.0;0.0;1.0;1.0;0.0;0.0;0.0;0.0;10.0;148.0;4.0;18.0;126.0;355.0;16.0;136.0;9.0;0.0;116.0;11.0;0.0;10.0;142.0;1.0;24.0;117.0;203.0;25.0;154.0;3.0;0.0;114.0;36.0;1.0;14.0;189.0;12.0;46.0;131.0;188.0;21.0;127.0;2.0;1.0;79.0;44.0;1.0;7.0;298.0;21.0;69.0;208.0;236.0;22.0;156.0;1.0;6.0;114.0;34.0;1.0;23.0;358.0;38.0;107.0;213.0;284.0;21.0;189.0;0.0;15.0;149.0;22.0;3.0;23.0;483.0;89.0;159.0;235.0;303.0;15.0;154.0;0.0;24.0;111.0;17.0;2.0;38.0;569.0;161.0;206.0;202.0;246.0;12.0;102.0;0.0;10.0;79.0;12.0;1.0;46.0;615.0;271.0;170.0;174.0;166.0;1.0;67.0;0.0;10.0;44.0;8.0;5.0;55.0;728.0;378.0;159.0;191.0;144.0;0.0;66.0;0.0;11.0;47.0;6.0;2.0;70.0;785.0;553.0;98.0;134.0;116.0;0.0;59.0;0.0;14.0;42.0;1.0;2.0;73.0;753.0;595.0;63.0;95.0;50.0;0.0;52.0;0.0;16.0;31.0;3.0;2.0;493.0;1489.0;1315.0;68.0;106.0;50.0;0.0;39.0;0.0;16.0;20.0;3.0;0.0;5139.0;5912.0;1350.0;971.0;2.33;4.02;4.02;0.0;782.0;676.0;3173.0;1786.0;753.0;632.0;3327.0;2243.0;0.0;0.0;0.0;0.0;0.0;0.0;0.0;0.0;0.0;1.0;0.0;0.0;0.0;0.0;0.0;0.26;3.78;1.45;8.32;0.07;1.44;3.71;0.05;1.1;0.07;0.08;0.04;1.18;1.06;3.07;0.44;30.56;0.0;0.0;0.0;42.88;0.04;0.35;0.05;0.0;0.0;0.0;0.0;0.0;0.0;0.0;0.0;0.0;0.0;0.0;0.0;0.0;0.0;36.89;0.0;0.0;0.0;5.52;0.0;0.0;0.0;0.0;0.0;0.0;0.0;0.0;0.0;0.0;0.0;0.0;0.0;0.0;0.0;0.0;0.0;0.0;0.0;0.0;0.0;0.0;0.0;0.0;0.0;0.0;0.0;0.0;0.0;0.0;0.0;0.0;0.0;0.0;0.0;0.0;0.0;0.0;0.0;0.0;0.0;0.0;0.0;0.0;0.0;0.0;0.0;0.0;0.0;0.0;0.0;0.0;100.01;57.6;0;0;0;0;0;0;0;0;0;0;1;0;0;0;0;0;0;0;0;0
CALDAS DA RAINHA;14.0;1776.0;6.0;238.0;1532.0;819.0;4.0;5.0;5.0;0.0;0.0;0.0;0.0;18.0;443.0;12.0;69.0;362.0;1555.0;55.0;666.0;34.0;0.0;544.0;88.0;0.0;28.0;443.0;25.0;58.0;360.0;995.0;111.0;863.0;27.0;0.0;531.0;303.0;2.0;56.0;561.0;27.0;118.0;416.0;878.0;121.0;804.0;12.0;5.0;517.0;261.0;9.0;59.0;848.0;56.0;154.0;638.0;1064.0;116.0;926.0;13.0;48.0;652.0;197.0;16.0;54.0;1114.0;79.0;296.0;739.0;1246.0;81.0;1040.0;5.0;87.0;785.0;143.0;20.0;74.0;1494.0;245.0;465.0;784.0;1196.0;70.0;918.0;0.0;97.0;668.0;131.0;22.0;85.0;1760.0;456.0;543.0;761.0;982.0;44.0;788.0;0.0;91.0;569.0;102.0;26.0;148.0;2088.0;817.0;539.0;732.0;914.0;6.0;605.0;0.0;68.0;425.0;85.0;27.0;191.0;2186.0;1141.0;385.0;660.0;750.0;0.0;591.0;0.0;74.0;415.0;89.0;13.0;246.0;2230.0;1504.0;286.0;440.0;511.0;0.0;480.0;0.0;116.0;304.0;42.0;18.0;231.0;2278.0;1681.0;216.0;381.0;229.0;0.0;287.0;0.0;77.0;172.0;30.0;8.0;1587.0;4427.0;3584.0;320.0;523.0;277.0;0.0;308.0;0.0;109.0;180.0;10.0;9.0;21738.0;19914.0;4073.0;5185.0;4.12;7.21;7.21;0.0;3131.0;2730.0;12443.0;5694.0;3035.0;2625.0;13855.0;7397.0;0.0;0.0;0.0;0.0;0.0;0.0;0.0;0.0;0.0;0.0;0.0;1.0;0.0;1.0;0.0;0.36;4.29;2.43;8.53;0.07;1.49;4.66;0.0;1.07;0.17;0.08;0.14;1.27;1.29;2.36;0.0;36.79;0.0;0.0;0.0;34.33;0.04;0.54;0.08;0.0;2.44;3.08;0.0;0.0;0.0;0.0;0.0;0.0;0.0;0.0;0.0;0.0;0.0;11.53;0.0;0.0;0.0;1.98;0.0;0.0;42.13;0.0;0.0;0.0;0.0;0.0;0.0;0.0;0.0;0.0;0.0;0.0;0.0;0.0;0.0;0.0;0.0;0.0;0.0;0.0;0.0;0.0;0.0;0.0;0.0;0.0;0.0;0.0;0.0;0.0;0.0;0.0;0.0;0.0;0.0;0.0;0.0;0.0;0.0;0.0;0.0;0.0;0.0;0.0;0.0;0.0;0.0;0.0;0.0;0.0;100.0;38.84;0;0;0;0;0;0;0;0;0;1;0;0;0;0;0;0;0;0;0;0
CALHETA (ACORES);3.0;122.0;0.0;17.0;105.0;57.0;2.0;1.0;1.0;0.0;0.0;0.0;0.0;0.0;41.0;1.0;5.0;35.0;82.0;1.0;35.0;3.0;0.0;28.0;4.0;0.0;2.0;46.0;0.0;11.0;35.0;77.0;9.0;38.0;1.0;0.0;31.0;6.0;0.0;1.0;95.0;3.0;23.0;69.0;46.0;5.0;41.0;0.0;0.0;29.0;12.0;0.0;7.0;131.0;13.0;41.0;77.0;64.0;8.0;36.0;0.0;1.0;27.0;5.0;3.0;6.0;150.0;19.0;73.0;58.0;49.0;4.0;43.0;0.0;2.0;36.0;5.0;0.0;6.0;167.0;36.0;84.0;47.0;45.0;0.0;35.0;0.0;1.0;30.0;3.0;1.0;13.0;189.0;79.0;66.0;44.0;30.0;2.0;20.0;0.0;1.0;15.0;4.0;0.0;18.0;192.0;133.0;35.0;24.0;17.0;0.0;11.0;0.0;1.0;8.0;2.0;0.0;14.0;208.0;161.0;26.0;21.0;15.0;0.0;13.0;0.0;5.0;8.0;0.0;0.0;17.0;181.0;166.0;5.0;10.0;4.0;0.0;11.0;0.0;6.0;4.0;1.0;0.0;16.0;170.0;156.0;6.0;8.0;3.0;0.0;6.0;0.0;2.0;4.0;0.0;0.0;106.0;291.0;272.0;7.0;12.0;4.0;0.0;4.0;0.0;2.0;2.0;0.0;0.0;1491.0;1364.0;310.0;272.0;0.0;0.0;1.4;72.34;230.0;180.0;934.0;363.0;197.0;164.0;919.0;450.0;21.2;0.0;0.0;0.0;0.0;0.0;0.0;0.0;0.0;1.0;0.0;0.0;0.0;1.0;0.0;0.0;0.0;0.0;0.0;0.0;0.0;0.0;0.0;0.0;0.0;0.0;0.0;0.0;0.0;0.0;0.0;0.0;0.0;0.0;0.0;0.0;0.0;0.0;0.0;0.0;0.0;0.0;0.0;0.0;0.0;0.0;0.0;0.0;0.0;0.0;0.0;0.0;0.0;45.03;0.0;0.0;0.0;0.0;0.0;0.0;0.0;0.0;0.0;0.0;0.0;0.0;0.0;0.0;0.0;0.0;0.0;0.0;0.0;0.0;0.0;0.0;0.0;0.0;0.0;0.0;0.0;0.0;0.0;0.0;0.0;0.0;0.0;0.0;0.0;0.0;0.0;0.0;0.0;0.0;0.0;0.0;0.0;0.0;0.0;0.0;0.0;0.0;0.0;0.0;0.0;0.0;0.0;0.0;0.0;0.0;100.0;54.97;0;1;0;0;0;0;0;0;0;0;0;0;0;0;0;0;0;0;0;0
CALHETA (MADEIRA);7.0;392.0;1.0;74.0;317.0;190.0;1.0;1.0;1.0;0.0;0.0;0.0;0.0;4.0;114.0;1.0;20.0;93.0;322.0;7.0;104.0;9.0;0.0;66.0;29.0;0.0;19.0;100.0;9.0;21.0;70.0;170.0;11.0;134.0;3.0;0.0;67.0;62.0;2.0;18.0;155.0;11.0;41.0;103.0;183.0;10.0;141.0;3.0;1.0;95.0;39.0;3.0;24.0;237.0;36.0;72.0;129.0;210.0;12.0;144.0;1.0;9.0;105.0;28.0;1.0;35.0;331.0;70.0;110.0;151.0;194.0;10.0;168.0;1.0;9.0;129.0;28.0;1.0;38.0;420.0;134.0;178.0;108.0;224.0;10.0;156.0;0.0;13.0;124.0;15.0;4.0;67.0;565.0;234.0;226.0;105.0;139.0;5.0;91.0;0.0;12.0;62.0;13.0;4.0;85.0;651.0;417.0;148.0;86.0;97.0;0.0;56.0;0.0;7.0;41.0;7.0;1.0;101.0;571.0;425.0;90.0;56.0;93.0;0.0;51.0;0.0;10.0;34.0;4.0;3.0;88.0;513.0;459.0;29.0;25.0;46.0;0.0;38.0;0.0;7.0;17.0;11.0;3.0;112.0;517.0;453.0;27.0;37.0;24.0;0.0;28.0;0.0;8.0;14.0;4.0;2.0;581.0;791.0;742.0;17.0;32.0;15.0;0.0;15.0;0.0;5.0;8.0;2.0;0.0;4577.0;4353.0;1248.0;737.0;3.08;5.83;5.83;67.09;659.0;610.0;2740.0;1001.0;620.0;532.0;2986.0;1767.0;12.9;0.0;0.0;0.0;0.0;0.0;0.0;0.0;0.0;1.0;0.0;0.0;0.0;1.0;0.0;0.57;2.31;0.0;5.14;0.2;1.4;2.32;2.12;0.35;0.14;0.16;0.0;1.68;0.9;1.09;0.08;0.0;58.83;43.51;0.18;28.37;0.85;0.4;0.13;0.0;0.0;0.0;0.0;0.0;0.0;0.0;0.0;0.0;0.0;0.0;0.0;0.0;0.0;12.69;0.79;0.0;0.0;0.99;0.0;0.0;0.0;0.0;0.0;0.0;0.0;0.0;0.0;0.0;0.0;0.0;0.0;0.0;0.0;0.0;0.0;0.0;0.0;0.0;0.0;0.0;0.0;0.0;0.0;0.0;0.0;0.0;0.0;0.0;0.0;0.0;0.0;0.0;0.0;0.0;0.0;0.0;0.0;0.0;0.0;0.0;0.0;0.0;0.0;0.0;0.0;0.0;0.0;0.0;0.0;0.0;100.0;85.53;0;0;0;0;0;0;0;0;0;0;0;1;0;0;0;0;0;0;0;0
CAMARA DE LOBOS;15.0;1383.0;7.0;220.0;1156.0;723.0;1.0;4.0;4.0;0.0;0.0;0.0;0.0;24.0;524.0;22.0;130.0;372.0;1274.0;34.0;372.0;27.0;0.0;306.0;39.0;0.0;35.0;632.0;58.0;175.0;399.0;770.0;69.0;452.0;20.0;0.0;285.0;145.0;2.0;51.0;845.0;114.0;283.0;448.0;565.0;56.0;370.0;9.0;2.0;229.0;127.0;3.0;78.0;1121.0;151.0;406.0;564.0;544.0;46.0;364.0;6.0;9.0;271.0;71.0;7.0;112.0;1407.0;374.0;521.0;512.0;536.0;29.0;334.0;2.0;17.0;274.0;39.0;2.0;180.0;1872.0;718.0;694.0;460.0;400.0;22.0;225.0;0.0;14.0;186.0;22.0;3.0;266.0;1857.0;1082.0;535.0;240.0;253.0;14.0;152.0;0.0;20.0;115.0;15.0;2.0;292.0;1902.0;1306.0;385.0;211.0;197.0;2.0;99.0;0.0;5.0;84.0;9.0;1.0;302.0;1455.0;1181.0;156.0;118.0;127.0;0.0;82.0;0.0;10.0;62.0;8.0;2.0;331.0;1172.0;1073.0;55.0;44.0;50.0;0.0;26.0;0.0;2.0;21.0;1.0;2.0;330.0;890.0;818.0;31.0;41.0;21.0;0.0;20.0;0.0;5.0;12.0;0.0;3.0;1000.0;974.0;900.0;34.0;40.0;16.0;0.0;19.0;0.0;6.0;7.0;3.0;3.0;15602.0;12422.0;2261.0;1877.0;1.0;1.59;1.59;63.48;2457.0;2227.0;8869.0;1835.0;2387.0;2127.0;9246.0;3014.0;29.0;0.0;0.0;0.0;0.0;0.0;0.0;0.0;0.0;1.0;0.0;0.0;0.0;0.0;0.0;0.41;2.86;0.0;5.88;0.31;0.78;2.03;2.69;0.87;0.35;0.8;0.0;2.53;1.6;2.31;0.0;0.0;46.7;0.0;0.31;27.65;1.07;0.86;0.0;0.0;0.0;4.4;0.0;0.0;3.03;0.0;0.0;0.0;0.0;0.0;0.0;0.0;0.0;17.95;1.19;0.49;0.0;2.38;0.0;0.0;0.0;0.0;0.0;0.0;0.0;0.0;0.0;0.0;0.0;0.0;0.0;0.0;0.0;0.0;0.0;0.0;0.0;0.0;0.0;0.0;0.0;0.0;0.0;0.0;0.0;0.0;0.0;0.0;0.0;0.0;0.0;0.0;0.0;0.0;0.0;0.0;0.0;0.0;0.0;0.0;0.0;0.0;0.0;0.0;0.0;0.0;0.0;0.0;0.0;0.0;99.41;69.97;0;0;0;0;0;0;0;0;0;0;0;1;0;0;0;0;0;0;0;0
CAMINHA;7.0;371.0;0.0;26.0;345.0;264.0;0.0;1.0;1.0;0.0;0.0;0.0;0.0;4.0;63.0;1.0;7.0;55.0;456.0;6.0;199.0;10.0;0.0;155.0;33.0;1.0;1.0;129.0;4.0;15.0;110.0;279.0;12.0;290.0;7.0;0.0;166.0;116.0;1.0;5.0;186.0;6.0;21.0;159.0;265.0;17.0;260.0;2.0;0.0;165.0;91.0;2.0;11.0;287.0;8.0;55.0;224.0;330.0;23.0;281.0;7.0;19.0;195.0;58.0;2.0;8.0;359.0;16.0;122.0;221.0;367.0;23.0;302.0;1.0;21.0;228.0;43.0;9.0;17.0;499.0;51.0;218.0;230.0;289.0;12.0;266.0;0.0;29.0;200.0;30.0;7.0;22.0;602.0;139.0;244.0;219.0;276.0;6.0;196.0;0.0;16.0;146.0;27.0;7.0;47.0;763.0;252.0;232.0;279.0;227.0;3.0;154.0;0.0;14.0;105.0;31.0;4.0;51.0;833.0;397.0;223.0;213.0;187.0;0.0;152.0;0.0;19.0;107.0;22.0;4.0;62.0;843.0;659.0;71.0;113.0;135.0;0.0;139.0;0.0;29.0;92.0;14.0;4.0;83.0;856.0;690.0;59.0;107.0;84.0;0.0;73.0;0.0;20.0;45.0;4.0;4.0;507.0;1698.0;1468.0;83.0;147.0;76.0;0.0;105.0;0.0;37.0;61.0;5.0;2.0;6046.0;7033.0;1430.0;1288.0;2.37;3.39;3.39;86.45;901.0;691.0;3779.0;1974.0;827.0;680.0;4258.0;2687.0;35.6;0.0;0.0;0.0;0.0;0.0;0.0;0.0;1.0;0.0;0.0;0.0;0.0;0.0;0.31;0.0;3.78;1.47;5.94;0.08;1.03;3.06;0.0;0.8;0.2;0.09;0.0;1.01;1.17;2.56;0.0;32.06;0.0;0.0;0.0;45.7;0.0;0.68;0.07;0.0;3.54;0.0;0.0;0.0;0.0;0.0;0.0;0.0;0.0;0.0;0.0;0.0;0.0;48.72;0.0;0.0;0.0;4.67;0.0;0.0;0.0;0.0;0.0;0.0;0.0;0.0;0.0;0.0;0.0;0.0;0.0;0.0;0.0;0.0;0.0;0.0;0.0;0.0;0.0;0.0;0.0;0.0;0.0;0.0;0.0;0.0;0.0;0.0;0.0;0.0;0.0;0.0;0.0;0.0;0.0;0.0;0.0;0.0;0.0;0.0;0.0;0.0;0.0;0.0;0.0;0.0;0.0;0.0;0.0;0.0;99.99;43.06;0;0;0;0;0;0;0;0;0;0;0;0;0;0;0;0;1;0;0;0
CAMPO MAIOR;3.0;303.0;21.0;51.0;231.0;150.0;0.0;1.0;1.0;0.0;0.0;0.0;0.0;4.0;94.0;13.0;24.0;57.0;233.0;6.0;103.0;4.0;0.0;92.0;6.0;1.0;14.0;95.0;10.0;21.0;64.0;175.0;6.0;87.0;3.0;0.0;60.0;24.0;0.0;15.0;122.0;15.0;20.0;87.0;169.0;7.0;91.0;0.0;2.0;64.0;24.0;1.0;22.0;163.0;17.0;47.0;99.0;181.0;12.0;117.0;1.0;6.0;91.0;17.0;2.0;20.0;220.0;22.0;48.0;150.0;205.0;15.0;117.0;1.0;9.0;91.0;14.0;2.0;15.0;281.0;48.0;87.0;146.0;186.0;8.0;126.0;0.0;24.0;90.0;12.0;0.0;18.0;332.0;92.0;91.0;149.0;144.0;6.0;66.0;0.0;7.0;48.0;6.0;5.0;20.0;340.0;125.0;97.0;118.0;110.0;2.0;44.0;0.0;4.0;38.0;2.0;0.0;32.0;329.0;166.0;86.0;77.0;88.0;0.0;36.0;0.0;7.0;28.0;1.0;0.0;32.0;400.0;306.0;47.0;47.0;43.0;0.0;44.0;0.0;9.0;34.0;1.0;0.0;56.0;331.0;279.0;24.0;28.0;15.0;0.0;21.0;0.0;5.0;14.0;2.0;0.0;329.0;625.0;561.0;23.0;41.0;13.0;0.0;18.0;0.0;8.0;8.0;2.0;0.0;3590.0;3176.0;693.0;583.0;3.13;2.46;2.46;90.58;597.0;467.0;1982.0;830.0;585.0;430.0;2054.0;1097.0;0.0;0.0;0.0;0.0;0.0;0.0;0.0;0.0;1.0;0.0;0.0;0.0;0.0;0.0;0.0;0.0;2.83;0.55;12.42;0.0;0.88;1.49;0.0;0.53;0.15;0.06;0.0;0.8;0.38;13.13;0.93;13.39;0.0;0.0;0.0;52.25;0.02;0.21;0.0;0.0;2.23;12.06;0.0;0.0;0.0;0.0;0.0;0.0;0.0;0.0;0.0;0.0;0.0;54.55;0.0;0.0;0.0;31.16;0.0;0.0;0.0;0.0;0.0;0.0;0.0;0.0;0.0;0.0;0.0;0.0;0.0;0.0;0.0;0.0;0.0;0.0;0.0;0.0;0.0;0.0;0.0;0.0;0.0;0.0;0.0;0.0;0.0;0.0;0.0;0.0;0.0;0.0;0.0;0.0;0.0;0.0;0.0;0.0;0.0;0.0;0.0;0.0;0.0;0.0;0.0;0.0;0.0;0.0;0.0;0.0;100.0;0.0;0;0;0;0;0;0;0;0;0;0;0;0;1;0;0;0;0;0;0;0
CANTANHEDE;7.0;959.0;1.0;114.0;844.0;539.0;1.0;3.0;3.0;0.0;0.0;0.0;0.0;10.0;179.0;0.0;19.0;160.0;1011.0;36.0;431.0;26.0;0.0;336.0;69.0;0.0;13.0;195.0;5.0;14.0;176.0;586.0;44.0;554.0;5.0;0.0;306.0;237.0;6.0;16.0;365.0;8.0;60.0;297.0;526.0;64.0;543.0;7.0;5.0;321.0;203.0;7.0;34.0;536.0;19.0;105.0;412.0;619.0;58.0;665.0;6.0;14.0;457.0;162.0;26.0;38.0;837.0;53.0;278.0;506.0;721.0;56.0;716.0;1.0;42.0;548.0;98.0;27.0;53.0;1129.0;152.0;430.0;547.0;626.0;42.0;592.0;0.0;41.0;463.0;72.0;16.0;71.0;1422.0;360.0;561.0;501.0;448.0;16.0;348.0;0.0;35.0;252.0;52.0;9.0;104.0;1588.0;589.0;536.0;463.0;372.0;6.0;284.0;0.0;11.0;228.0;36.0;9.0;105.0;1842.0;1017.0;461.0;364.0;327.0;0.0;231.0;0.0;25.0;178.0;19.0;9.0;161.0;1990.0;1590.0;158.0;242.0;170.0;0.0;196.0;0.0;56.0;123.0;13.0;4.0;227.0;1942.0;1672.0;107.0;163.0;76.0;0.0;132.0;0.0;47.0;76.0;6.0;3.0;1587.0;3659.0;3378.0;106.0;175.0;92.0;0.0;138.0;0.0;60.0;74.0;2.0;2.0;12491.0;15995.0;3295.0;2431.0;1.56;2.49;2.49;0.0;2024.0;1609.0;8049.0;4466.0;1850.0;1567.0;8743.0;5904.0;30.9;0.0;0.0;0.0;0.0;0.0;0.0;0.0;0.0;1.0;0.0;0.0;0.0;0.0;0.11;0.0;3.48;1.77;8.12;0.03;1.71;2.92;0.0;0.7;0.04;0.07;0.0;1.35;0.85;1.34;0.3;39.06;0.0;0.0;0.0;37.66;0.0;0.34;0.14;0.0;2.91;5.66;0.0;0.0;0.0;0.0;0.0;0.0;0.0;0.0;0.0;0.0;0.0;29.33;0.0;0.0;0.0;2.44;0.0;0.0;0.0;0.0;0.0;0.0;0.0;0.0;0.0;0.0;0.0;0.0;0.0;0.0;0.0;0.0;0.0;0.0;0.0;0.0;0.0;0.0;0.0;0.0;0.0;0.0;0.0;0.0;0.0;0.0;0.0;0.0;0.0;0.0;0.0;0.0;0.0;0.0;0.0;0.0;0.0;0.0;0.0;0.0;0.0;0.0;0.0;0.0;0.0;0.0;0.0;0.0;100.01;59.67;0;0;0;0;0;0;1;0;0;0;0;0;0;0;0;0;0;0;0;0
CARRAZEDA DE ANSIAES;2.0;126.0;0.0;16.0;110.0;79.0;0.0;0.0;0.0;0.0;0.0;0.0;0.0;2.0;38.0;1.0;11.0;26.0;106.0;1.0;64.0;3.0;0.0;50.0;11.0;0.0;5.0;37.0;4.0;12.0;21.0;87.0;7.0;53.0;2.0;0.0;36.0;15.0;0.0;2.0;73.0;11.0;21.0;41.0;75.0;11.0;56.0;0.0;1.0;34.0;19.0;2.0;9.0;86.0;10.0;19.0;57.0;78.0;1.0;61.0;2.0;4.0;47.0;8.0;0.0;20.0;150.0;38.0;50.0;62.0;101.0;3.0;72.0;0.0;4.0;55.0;12.0;1.0;18.0;171.0;63.0;62.0;46.0;76.0;4.0;46.0;0.0;5.0;34.0;3.0;4.0;23.0;237.0;93.0;79.0;65.0;74.0;1.0;34.0;0.0;2.0;27.0;5.0;0.0;27.0;301.0;187.0;59.0;55.0;45.0;0.0;33.0;0.0;4.0;24.0;5.0;0.0;29.0;373.0;250.0;62.0;61.0;37.0;0.0;20.0;0.0;2.0;11.0;7.0;0.0;52.0;365.0;300.0;33.0;32.0;28.0;0.0;33.0;0.0;6.0;24.0;3.0;0.0;47.0;410.0;362.0;25.0;23.0;17.0;0.0;15.0;0.0;5.0;10.0;0.0;0.0;319.0;732.0;679.0;26.0;27.0;11.0;0.0;17.0;0.0;7.0;9.0;1.0;0.0;1862.0;2586.0;729.0;313.0;2.18;2.02;2.02;0.0;232.0;212.0;1302.0;887.0;258.0;206.0;1234.0;1159.0;0.0;0.0;0.0;0.0;0.0;0.0;0.0;0.0;0.0;1.0;0.0;0.0;0.0;0.0;0.0;0.0;2.78;2.27;8.09;0.19;0.94;1.62;0.0;0.31;0.12;0.31;0.0;1.87;0.64;1.22;0.0;43.06;0.0;0.0;0.0;35.96;0.0;0.63;0.0;0.0;0.0;0.0;0.0;0.0;0.0;0.0;0.0;0.0;0.0;0.0;0.0;0.0;0.0;5.56;0.0;0.0;0.0;1.3;0.0;0.0;0.0;0.0;0.0;0.0;0.0;0.0;0.0;0.0;0.0;0.0;0.0;0.0;0.0;0.0;0.0;0.0;0.0;0.0;0.0;0.0;0.0;0.0;0.0;0.0;0.0;0.0;0.0;0.0;30.08;0.0;0.0;0.0;0.0;0.0;0.0;0.0;0.0;0.0;0.0;0.0;0.0;0.0;0.0;0.0;0.0;0.0;0.0;0.0;0.0;0.0;100.0;63.06;0;0;0;0;1;0;0;0;0;0;0;0;0;0;0;0;0;0;0;0
CARREGAL DO SAL;6.0;293.0;0.0;27.0;266.0;160.0;0.0;1.0;1.0;0.0;0.0;0.0;0.0;1.0;77.0;0.0;7.0;70.0;213.0;9.0;103.0;7.0;0.0;74.0;22.0;0.0;4.0;97.0;0.0;11.0;86.0;171.0;13.0;108.0;3.0;0.0;61.0;42.0;2.0;2.0;145.0;2.0;26.0;117.0;132.0;11.0;77.0;1.0;1.0;50.0;24.0;1.0;16.0;208.0;11.0;57.0;140.0;178.0;11.0;85.0;1.0;5.0;65.0;11.0;3.0;20.0;274.0;33.0;95.0;146.0;163.0;9.0;105.0;1.0;11.0;80.0;10.0;3.0;30.0;313.0;58.0;128.0;127.0;141.0;2.0;93.0;0.0;10.0;71.0;10.0;2.0;19.0;380.0;121.0;141.0;118.0;109.0;5.0;73.0;0.0;8.0;56.0;8.0;1.0;19.0;467.0;197.0;153.0;117.0;93.0;0.0;58.0;0.0;6.0;45.0;6.0;1.0;28.0;547.0;308.0;149.0;90.0;67.0;0.0;35.0;0.0;1.0;29.0;4.0;1.0;60.0;561.0;449.0;58.0;54.0;40.0;0.0;41.0;0.0;6.0;30.0;4.0;1.0;90.0;559.0;483.0;35.0;41.0;20.0;0.0;26.0;0.0;4.0;20.0;1.0;1.0;440.0;980.0;895.0;37.0;48.0;20.0;0.0;25.0;0.0;15.0;9.0;0.0;1.0;3214.0;4366.0;892.0;566.0;1.55;2.37;2.37;0.0;505.0;422.0;2078.0;1229.0;500.0;441.0;2230.0;1633.0;26.1;0.0;0.0;0.0;0.0;0.0;0.0;0.0;1.0;0.0;0.0;0.0;0.0;0.0;0.0;0.08;3.69;2.05;8.68;0.01;1.32;1.9;0.0;0.43;0.11;0.08;0.16;1.12;0.87;1.22;0.0;34.53;0.0;0.0;0.0;43.21;0.16;0.21;0.19;0.0;1.37;0.0;0.0;0.0;0.0;0.0;0.0;0.0;0.0;0.0;0.0;0.0;0.0;53.88;0.0;0.0;0.0;0.81;0.0;0.0;0.0;0.0;0.0;0.0;0.0;0.0;0.0;0.0;0.0;0.0;0.0;0.0;0.0;0.0;0.0;0.0;0.0;0.0;0.0;0.0;0.0;0.0;0.0;0.0;0.0;0.0;0.0;0.0;0.0;0.0;24.04;0.0;0.0;0.0;0.0;0.0;0.0;0.0;0.0;0.0;0.0;0.0;0.0;0.0;0.0;0.0;0.0;0.0;0.0;0.0;100.01;19.91;0;0;0;0;0;0;0;0;0;0;0;0;0;0;0;0;0;0;1;0
CARTAXO;12.0;782.0;3.0;92.0;687.0;407.0;3.0;3.0;3.0;0.0;0.0;0.0;0.0;14.0;204.0;4.0;32.0;168.0;666.0;19.0;259.0;19.0;0.0;211.0;28.0;1.0;18.0;234.0;10.0;35.0;189.0;410.0;39.0;320.0;7.0;0.0;209.0;103.0;1.0;27.0;283.0;15.0;55.0;213.0;435.0;50.0;311.0;5.0;2.0;227.0;76.0;1.0;22.0;442.0;17.0;99.0;326.0;512.0;45.0;395.0;7.0;27.0;286.0;70.0;5.0;33.0;605.0;54.0;173.0;378.0;567.0;31.0;447.0;1.0;24.0;346.0;68.0;8.0;53.0;783.0;120.0;233.0;430.0;607.0;36.0;409.0;0.0;45.0;310.0;44.0;10.0;43.0;865.0;179.0;280.0;406.0;443.0;23.0;304.0;0.0;35.0;213.0;48.0;8.0;52.0;1091.0;344.0;322.0;425.0;364.0;1.0;180.0;0.0;20.0;127.0;25.0;8.0;47.0;1051.0;468.0;272.0;311.0;299.0;0.0;165.0;0.0;27.0;119.0;14.0;5.0;71.0;1101.0;721.0;161.0;219.0;191.0;0.0;126.0;0.0;32.0;83.0;9.0;2.0;84.0;1151.0;879.0;106.0;166.0;81.0;0.0;98.0;0.0;27.0;61.0;7.0;3.0;605.0;2124.0;1808.0;126.0;190.0;97.0;0.0;129.0;0.0;51.0;73.0;4.0;1.0;9624.0;9195.0;1998.0;2369.0;3.48;4.29;4.29;90.17;1474.0;1248.0;5844.0;2557.0;1443.0;1121.0;6198.0;3301.0;0.0;0.0;0.0;0.0;0.0;0.0;0.0;0.0;0.0;1.0;0.0;0.0;0.0;0.0;0.0;0.0;4.59;1.14;10.92;0.1;1.01;3.55;0.0;0.88;0.08;0.19;0.0;0.95;1.49;6.4;0.0;19.91;0.0;0.0;0.0;48.03;0.08;0.57;0.08;0.0;4.56;9.02;0.0;0.0;0.0;0.0;0.0;0.0;0.0;0.0;0.0;0.0;0.0;30.31;0.0;0.0;0.0;7.5;0.0;0.0;0.0;0.0;0.0;0.0;0.0;0.0;0.0;0.0;0.0;0.0;0.0;0.0;0.0;0.0;0.0;0.0;0.0;0.0;0.0;0.0;0.0;0.0;0.0;0.0;0.0;0.0;0.0;0.0;0.0;0.0;0.0;0.0;0.0;0.0;0.0;0.0;0.0;0.0;0.0;0.0;0.0;0.0;0.0;0.0;0.0;0.0;0.0;0.0;0.0;0.0;100.01;48.62;0;0;0;0;0;0;0;0;0;0;0;0;0;0;1;0;0;0;0;0
CASCAIS;76.0;7491.0;30.0;693.0;6768.0;4488.0;17.0;11.0;11.0;0.0;0.0;0.0;0.0;115.0;1349.0;34.0;168.0;1147.0;6230.0;234.0;3504.0;97.0;0.0;2801.0;604.0;2.0;208.0;1452.0;70.0;246.0;1136.0;3470.0;326.0;4704.0;67.0;0.0;2755.0;1852.0;30.0;298.0;1679.0;99.0;297.0;1283.0;3171.0;353.0;4772.0;63.0;63.0;2692.0;1864.0;90.0;345.0;2221.0;121.0;421.0;1679.0;3544.0;406.0;5958.0;69.0;440.0;3637.0;1652.0;160.0;394.0;2887.0;252.0;588.0;2047.0;4695.0;429.0;7930.0;21.0;584.0;5660.0;1423.0;242.0;458.0;3776.0;514.0;1004.0;2258.0;5114.0;429.0;8160.0;0.0;842.0;5813.0;1274.0;231.0;413.0;4496.0;845.0;1385.0;2266.0;4543.0;324.0;5939.0;0.0;800.0;3877.0;1028.0;234.0;534.0;4943.0;1354.0;1342.0;2247.0;4278.0;63.0;5039.0;0.0;776.0;3117.0;871.0;275.0;631.0;5196.0;2036.0;1179.0;1981.0;3426.0;0.0;4107.0;0.0;595.0;2605.0;660.0;247.0;726.0;6054.0;3453.0;840.0;1761.0;2626.0;0.0;3350.0;0.0;624.0;2065.0;431.0;230.0;737.0;7496.0;4263.0;771.0;2462.0;1573.0;0.0;2521.0;0.0;560.0;1539.0;267.0;155.0;2807.0;14785.0;9755.0;1288.0;3742.0;2357.0;0.0;3429.0;0.0;792.0;2193.0;256.0;188.0;100692.0;77533.0;13738.0;22161.0;9.04;10.97;10.97;121.83;16007.0;12107.0;51639.0;20013.0;15030.0;11408.0;59472.0;28448.0;0.0;0.0;0.0;0.0;0.0;0.0;0.0;0.0;0.0;1.0;0.0;0.0;0.0;1.0;0.06;0.34;4.13;2.07;8.2;0.08;0.95;10.4;0.06;2.27;0.11;0.14;0.07;0.65;2.16;3.36;0.33;29.71;0.0;0.0;0.0;34.55;0.04;0.22;0.11;0.0;3.78;7.67;0.0;4.49;0.0;0.0;0.0;0.0;1.9;0.0;0.0;0.0;0.0;22.33;0.0;0.0;0.0;5.57;0.0;0.0;0.0;0.0;0.0;0.0;0.0;0.0;0.0;0.0;0.0;0.0;0.0;0.0;0.0;0.0;0.0;0.0;0.0;0.0;0.0;0.0;0.0;0.0;0.0;0.0;0.0;0.0;0.0;0.0;0.0;0.0;0.0;0.0;0.0;0.0;0.0;0.0;0.0;0.0;0.0;0.0;0.0;0.0;0.0;0.0;0.0;0.0;0.0;0.0;0.0;0.0;100.01;54.27;0;0;0;0;0;0;0;0;0;0;1;0;0;0;0;0;0;0;0;0
CASTANHEIRA DE PERA;0.0;74.0;0.0;14.0;60.0;39.0;0.0;0.0;0.0;0.0;0.0;0.0;0.0;3.0;13.0;0.0;0.0;13.0;64.0;5.0;24.0;4.0;0.0;17.0;3.0;0.0;2.0;20.0;1.0;1.0;18.0;47.0;1.0;27.0;0.0;0.0;15.0;11.0;1.0;4.0;32.0;1.0;8.0;23.0;50.0;6.0;13.0;0.0;0.0;10.0;3.0;0.0;7.0;32.0;1.0;8.0;23.0;42.0;3.0;11.0;0.0;0.0;10.0;0.0;1.0;4.0;52.0;14.0;18.0;20.0;38.0;4.0;19.0;0.0;2.0;16.0;0.0;1.0;7.0;80.0;22.0;20.0;38.0;47.0;2.0;23.0;0.0;4.0;15.0;3.0;1.0;12.0;129.0;34.0;48.0;47.0;30.0;1.0;17.0;0.0;2.0;13.0;2.0;0.0;15.0;160.0;62.0;52.0;46.0;31.0;0.0;21.0;0.0;1.0;20.0;0.0;0.0;15.0;166.0;101.0;22.0;43.0;34.0;0.0;6.0;0.0;0.0;5.0;1.0;0.0;16.0;214.0;176.0;15.0;23.0;18.0;0.0;7.0;0.0;2.0;4.0;0.0;1.0;27.0;187.0;153.0;9.0;25.0;7.0;0.0;9.0;0.0;5.0;4.0;0.0;0.0;142.0;373.0;338.0;13.0;22.0;5.0;0.0;8.0;0.0;5.0;2.0;1.0;0.0;851.0;1203.0;379.0;212.0;1.94;3.33;3.33;0.0;101.0;123.0;590.0;433.0;99.0;99.0;620.0;580.0;36.3;0.0;0.0;0.0;0.0;0.0;0.0;0.0;1.0;0.0;0.0;0.0;0.0;0.0;0.0;0.0;3.11;1.36;3.69;0.0;1.42;3.3;0.0;0.32;0.06;0.19;0.06;1.29;0.84;1.42;0.0;26.6;0.0;0.0;0.0;55.73;0.06;0.45;0.06;0.0;0.0;0.0;0.0;0.0;0.0;0.0;0.0;0.0;0.0;0.0;0.0;0.0;0.0;41.46;0.0;0.0;0.0;0.89;0.0;0.0;0.0;0.0;0.0;0.0;0.0;0.0;0.0;0.0;0.0;0.0;0.0;18.96;0.0;0.0;0.0;0.0;0.0;0.0;0.0;0.0;0.0;0.0;0.0;0.0;0.0;0.0;0.0;0.0;0.0;0.0;0.0;0.0;0.0;0.0;0.0;0.0;0.0;0.0;0.0;0.0;0.0;0.0;0.0;0.0;0.0;0.0;0.0;0.0;0.0;0.0;100.0;38.69;0;0;0;0;0;0;0;0;0;1;0;0;0;0;0;0;0;0;0;0
CASTELO BRANCO;29.0;1561.0;19.0;183.0;1359.0;769.0;1.0;2.0;2.0;0.0;0.0;0.0;0.0;38.0;291.0;15.0;49.0;227.0;1427.0;30.0;702.0;41.0;0.0;552.0;109.0;0.0;30.0;316.0;26.0;48.0;242.0;845.0;82.0;1013.0;24.0;0.0;653.0;331.0;5.0;50.0;452.0;40.0;66.0;346.0;857.0;86.0;947.0;14.0;7.0;602.0;313.0;11.0;73.0;678.0;46.0;106.0;526.0;1033.0;93.0;1157.0;14.0;40.0;857.0;225.0;21.0;70.0;976.0;99.0;193.0;684.0;1189.0;78.0;1379.0;6.0;112.0;1002.0;227.0;32.0;83.0;1303.0;201.0;341.0;761.0;1201.0;41.0;1123.0;0.0;165.0;778.0;146.0;34.0;88.0;1628.0;314.0;468.0;846.0;1090.0;48.0;871.0;0.0;93.0;621.0;130.0;27.0;106.0;2058.0;723.0;498.0;837.0;941.0;5.0;731.0;0.0;66.0;498.0;118.0;49.0;126.0;2300.0;1098.0;423.0;779.0;832.0;0.0;610.0;0.0;70.0;417.0;84.0;39.0;180.0;2522.0;1727.0;246.0;549.0;526.0;0.0;522.0;0.0;103.0;369.0;37.0;13.0;226.0;2684.0;1995.0;221.0;468.0;237.0;0.0;273.0;0.0;88.0;163.0;16.0;6.0;1902.0;5259.0;4504.0;286.0;469.0;230.0;0.0;313.0;0.0;137.0;153.0;18.0;5.0;20048.0;23334.0;4735.0;4155.0;1.83;3.37;3.37;0.0;2997.0;2508.0;12701.0;6497.0;2962.0;2342.0;13888.0;8377.0;32.8;0.0;0.0;0.0;0.0;0.0;0.0;0.0;1.0;0.0;0.0;0.0;0.0;0.0;0.0;0.2;3.82;1.53;9.25;0.09;1.03;1.78;0.0;0.62;0.06;0.34;0.14;1.41;0.83;2.32;0.29;23.17;0.0;0.0;0.0;52.9;0.03;0.19;0.0;0.0;1.74;7.53;0.0;0.0;0.0;0.0;0.0;6.13;0.0;0.0;0.0;0.0;0.0;37.44;0.0;0.0;0.0;2.27;0.0;0.0;0.0;0.0;0.0;0.0;0.0;0.0;0.0;0.0;32.93;0.0;0.0;0.0;0.0;0.0;0.0;0.0;0.0;0.0;0.0;0.0;0.0;0.0;0.0;0.0;0.0;0.0;0.0;0.0;0.0;0.0;0.0;0.0;0.0;0.0;0.0;0.0;0.0;0.0;0.0;0.0;0.0;0.0;0.0;0.0;0.0;0.0;0.0;0.0;0.0;0.0;100.0;11.96;0;0;0;0;0;1;0;0;0;0;0;0;0;0;0;0;0;0;0;0
CASTELO DE PAIVA;9.0;593.0;2.0;68.0;523.0;327.0;1.0;2.0;2.0;0.0;0.0;0.0;0.0;4.0;157.0;0.0;25.0;132.0;596.0;9.0;208.0;12.0;0.0;178.0;18.0;0.0;12.0;190.0;1.0;26.0;163.0;422.0;33.0;216.0;10.0;0.0;120.0;84.0;2.0;8.0;303.0;9.0;84.0;210.0;281.0;33.0;163.0;6.0;2.0;91.0;63.0;1.0;11.0;453.0;33.0;134.0;286.0;229.0;17.0;143.0;1.0;1.0;109.0;30.0;2.0;19.0;649.0;71.0;327.0;251.0;235.0;18.0;123.0;0.0;9.0;94.0;20.0;0.0;29.0;932.0;178.0;459.0;295.0;214.0;13.0;108.0;0.0;8.0;87.0;13.0;0.0;50.0;1087.0;262.0;527.0;298.0;164.0;5.0;53.0;0.0;2.0;44.0;6.0;1.0;38.0;1035.0;396.0;420.0;219.0;111.0;1.0;42.0;0.0;2.0;33.0;7.0;0.0;54.0;985.0;535.0;313.0;137.0;80.0;0.0;41.0;0.0;7.0;32.0;1.0;1.0;45.0;842.0;656.0;115.0;71.0;38.0;0.0;31.0;0.0;7.0;23.0;1.0;0.0;42.0;724.0;624.0;63.0;37.0;15.0;0.0;24.0;0.0;13.0;10.0;1.0;0.0;464.0;985.0;907.0;46.0;32.0;13.0;0.0;28.0;0.0;11.0;17.0;0.0;0.0;6016.0;7689.0;1118.0;763.0;0.35;0.84;0.84;0.0;920.0;962.0;4261.0;1401.0;909.0;944.0;4339.0;1850.0;0.0;0.0;0.0;0.0;0.0;0.0;0.0;0.0;0.0;1.0;0.0;0.0;0.0;1.0;0.0;0.18;2.43;1.04;3.17;0.01;0.94;2.36;0.03;0.49;0.02;0.08;0.0;1.12;0.77;1.14;0.37;37.27;0.0;0.0;0.0;46.57;0.0;1.92;0.13;0.0;0.0;0.0;0.0;0.0;0.0;0.0;0.0;0.0;0.0;0.0;0.0;0.0;0.0;32.13;0.0;0.0;0.0;0.87;0.0;0.0;0.0;0.0;0.0;0.0;0.0;0.0;0.0;0.0;0.0;0.0;0.0;0.0;0.0;0.0;0.0;0.0;0.0;0.0;0.0;0.0;0.0;0.0;0.0;0.0;0.0;0.0;0.0;0.0;0.0;10.94;0.0;0.0;0.0;0.0;0.0;0.0;0.0;0.0;0.0;0.0;0.0;0.0;0.0;0.0;0.0;0.0;0.0;0.0;0.0;0.0;100.0;56.06;0;0;0;0;0;0;0;0;0;0;0;0;0;1;0;0;0;0;0;0
CASTELO DE VIDE;1.0;83.0;1.0;9.0;73.0;30.0;0.0;0.0;0.0;0.0;0.0;0.0;0.0;0.0;14.0;0.0;3.0;11.0;84.0;0.0;34.0;3.0;0.0;28.0;3.0;0.0;0.0;36.0;0.0;4.0;32.0;40.0;6.0;40.0;1.0;0.0;33.0;6.0;0.0;2.0;34.0;1.0;5.0;28.0;35.0;0.0;31.0;0.0;0.0;25.0;6.0;0.0;3.0;52.0;1.0;12.0;39.0;46.0;3.0;46.0;0.0;0.0;33.0;12.0;1.0;0.0;69.0;4.0;21.0;44.0;52.0;3.0;52.0;1.0;2.0;42.0;7.0;0.0;7.0;97.0;13.0;26.0;58.0;65.0;3.0;36.0;0.0;5.0;25.0;4.0;2.0;8.0;122.0;24.0;33.0;65.0;75.0;1.0;38.0;0.0;0.0;25.0;12.0;1.0;4.0;139.0;47.0;43.0;49.0;50.0;1.0;37.0;0.0;5.0;22.0;6.0;4.0;12.0;137.0;67.0;35.0;35.0;46.0;0.0;35.0;0.0;1.0;26.0;6.0;2.0;8.0;168.0;114.0;24.0;30.0;32.0;0.0;32.0;0.0;6.0;22.0;2.0;2.0;23.0;157.0;115.0;18.0;24.0;13.0;0.0;17.0;0.0;2.0;13.0;2.0;0.0;185.0;430.0;359.0;38.0;33.0;11.0;0.0;36.0;0.0;5.0;31.0;0.0;0.0;1065.0;1380.0;392.0;279.0;2.7;3.4;3.4;79.39;162.0;134.0;707.0;493.0;133.0;112.0;756.0;619.0;0.0;0.0;0.0;0.0;0.0;0.0;0.0;0.0;0.0;1.0;0.0;0.0;0.0;1.0;0.0;0.0;3.0;0.95;7.33;0.0;1.31;1.1;0.0;0.31;0.06;0.1;0.0;1.4;0.68;3.82;0.5;29.79;0.0;0.0;0.0;49.31;0.13;0.18;0.03;0.0;0.0;0.0;0.0;0.0;0.0;0.0;0.0;0.0;0.0;0.0;0.0;0.0;0.0;43.61;0.0;0.0;0.0;2.96;0.0;0.0;0.0;0.0;0.0;0.0;0.0;0.0;0.0;0.0;0.0;0.0;0.0;0.0;0.0;0.0;0.0;0.0;0.0;0.0;0.0;0.0;0.0;0.0;0.0;0.0;0.0;0.0;0.0;0.0;0.0;0.0;0.0;0.0;0.0;0.0;0.0;0.0;0.0;0.0;0.0;0.0;0.0;0.0;0.0;0.0;0.0;0.0;0.0;0.0;0.0;0.0;100.0;53.43;0;0;0;0;0;0;0;0;0;0;0;0;1;0;0;0;0;0;0;0
CASTRO DAIRE;5.0;438.0;0.0;45.0;393.0;225.0;0.0;1.0;1.0;0.0;0.0;0.0;0.0;5.0;64.0;2.0;5.0;57.0;437.0;9.0;140.0;8.0;0.0;120.0;12.0;0.0;9.0;150.0;1.0;16.0;133.0;211.0;15.0;185.0;5.0;0.0;115.0;64.0;1.0;11.0;178.0;4.0;43.0;131.0;180.0;19.0;138.0;3.0;0.0;95.0;40.0;0.0;8.0;293.0;21.0;84.0;188.0;190.0;6.0;125.0;0.0;3.0;89.0;33.0;0.0;18.0;454.0;64.0;181.0;209.0;240.0;12.0;135.0;0.0;5.0;101.0;28.0;1.0;27.0;574.0;145.0;236.0;193.0;186.0;12.0;103.0;0.0;7.0;86.0;9.0;1.0;50.0;677.0;263.0;225.0;189.0;140.0;4.0;79.0;0.0;3.0;65.0;9.0;2.0;64.0;899.0;524.0;225.0;150.0;101.0;0.0;59.0;0.0;5.0;50.0;4.0;0.0;88.0;888.0;552.0;208.0;128.0;66.0;0.0;42.0;0.0;2.0;37.0;3.0;0.0;103.0;903.0;760.0;80.0;63.0;33.0;0.0;40.0;0.0;20.0;18.0;2.0;0.0;118.0;886.0;784.0;59.0;43.0;20.0;0.0;27.0;0.0;12.0;14.0;1.0;0.0;918.0;1339.0;1250.0;39.0;50.0;14.0;0.0;44.0;0.0;22.0;19.0;3.0;0.0;4634.0;6992.0;1441.0;669.0;1.02;1.19;1.19;0.0;673.0;672.0;3294.0;1897.0;658.0;652.0;3342.0;2548.0;18.1;0.0;0.0;0.0;0.0;0.0;0.0;0.0;0.0;1.0;0.0;0.0;0.0;0.0;0.0;0.05;1.33;2.69;9.09;0.05;1.22;1.2;0.0;0.29;0.07;0.1;0.05;1.27;0.4;0.85;0.0;42.02;0.0;0.0;0.0;38.68;0.13;0.37;0.12;0.0;0.0;4.2;0.0;0.0;0.0;0.0;0.0;0.0;0.0;0.0;0.0;0.0;0.0;29.56;0.0;0.0;0.0;2.09;0.0;0.0;0.0;0.0;0.0;0.0;0.0;0.0;0.0;0.0;0.0;0.0;0.0;0.0;0.0;0.0;0.0;0.0;0.0;0.0;0.0;0.0;0.0;0.0;0.0;0.0;0.0;0.0;0.0;0.0;0.0;0.0;0.0;0.0;0.0;0.0;0.0;0.0;0.0;0.0;0.0;0.0;0.0;0.0;0.0;0.0;0.0;0.0;0.0;0.0;0.0;0.0;99.99;64.14;0;0;0;0;0;0;0;0;0;0;0;0;0;0;0;0;0;0;1;0
CASTRO MARIM;4.0;166.0;1.0;19.0;146.0;87.0;0.0;0.0;0.0;0.0;0.0;0.0;0.0;2.0;60.0;4.0;9.0;47.0;161.0;7.0;58.0;2.0;0.0;49.0;7.0;0.0;2.0;67.0;3.0;11.0;53.0;96.0;15.0;67.0;0.0;0.0;56.0;11.0;0.0;5.0;95.0;7.0;10.0;78.0;116.0;12.0;63.0;1.0;0.0;52.0;10.0;0.0;5.0;134.0;8.0;28.0;98.0;101.0;5.0;79.0;2.0;2.0;60.0;15.0;0.0;10.0;129.0;7.0;34.0;88.0;124.0;10.0;74.0;1.0;10.0;54.0;9.0;0.0;13.0;228.0;27.0;93.0;108.0;129.0;6.0;70.0;0.0;3.0;54.0;12.0;1.0;19.0;261.0;55.0;113.0;93.0;108.0;9.0;68.0;0.0;4.0;53.0;11.0;0.0;24.0;301.0;104.0;73.0;124.0;84.0;0.0;47.0;0.0;7.0;34.0;4.0;2.0;33.0;331.0;186.0;71.0;74.0;103.0;0.0;53.0;0.0;6.0;36.0;8.0;3.0;38.0;348.0;241.0;50.0;57.0;78.0;0.0;56.0;0.0;16.0;31.0;6.0;3.0;44.0;404.0;311.0;31.0;62.0;30.0;0.0;36.0;0.0;13.0;17.0;5.0;1.0;343.0;635.0;545.0;34.0;56.0;32.0;0.0;49.0;0.0;16.0;32.0;0.0;1.0;0.0;0.0;0.0;0.0;6.97;8.88;8.88;81.16;342.0;269.0;1543.0;1009.0;363.0;276.0;1553.0;1084.0;44.3;0.0;0.0;0.0;0.0;0.0;0.0;0.0;0.0;1.0;0.0;0.0;0.0;0.0;0.0;0.26;3.56;0.52;13.72;0.05;1.43;2.43;0.0;0.57;0.17;0.04;0.0;1.27;0.78;3.72;0.0;26.48;0.0;0.0;0.0;44.4;0.17;0.42;0.04;0.0;0.0;4.86;0.0;0.0;0.0;0.0;0.0;0.0;0.0;0.0;0.0;0.0;0.0;32.43;0.0;0.0;0.0;3.75;0.0;0.0;0.0;0.0;0.0;0.0;0.0;0.0;0.0;0.0;0.0;0.0;0.0;0.0;0.0;0.0;0.0;0.0;0.0;0.0;0.0;0.0;0.0;0.0;0.0;0.0;0.0;0.0;0.0;0.0;0.0;0.0;0.0;0.0;0.0;0.0;0.0;0.0;0.0;0.0;0.0;0.0;0.0;0.0;0.0;0.0;0.0;0.0;0.0;0.0;0.0;0.0;100.0;58.96;0;0;0;0;0;0;0;1;0;0;0;0;0;0;0;0;0;0;0;0
CASTRO VERDE;1.0;216.0;3.0;26.0;187.0;119.0;0.0;3.0;3.0;0.0;0.0;0.0;0.0;4.0;45.0;3.0;2.0;40.0;200.0;7.0;70.0;5.0;0.0;52.0;13.0;0.0;9.0;62.0;4.0;9.0;49.0;121.0;5.0;95.0;1.0;0.0;67.0;27.0;0.0;4.0;77.0;4.0;15.0;58.0;113.0;15.0;104.0;1.0;1.0;72.0;28.0;2.0;10.0;108.0;4.0;17.0;87.0;162.0;17.0;119.0;0.0;2.0;95.0;22.0;0.0;9.0;154.0;18.0;36.0;100.0;136.0;15.0;125.0;0.0;6.0;95.0;21.0;3.0;11.0;222.0;31.0;81.0;110.0;132.0;5.0;126.0;0.0;6.0;98.0;20.0;2.0;14.0;269.0;76.0;75.0;118.0;117.0;5.0;87.0;0.0;7.0;69.0;10.0;1.0;15.0;357.0;117.0;114.0;126.0;118.0;0.0;77.0;0.0;1.0;59.0;17.0;0.0;21.0;373.0;181.0;84.0;108.0;76.0;0.0;36.0;0.0;4.0;28.0;4.0;0.0;26.0;385.0;260.0;55.0;70.0;43.0;0.0;31.0;0.0;4.0;24.0;3.0;0.0;32.0;329.0;274.0;23.0;32.0;17.0;0.0;12.0;0.0;2.0;9.0;1.0;0.0;317.0;639.0;587.0;33.0;19.0;12.0;0.0;11.0;0.0;5.0;6.0;0.0;0.0;2977.0;2754.0;721.0;421.0;2.03;2.18;2.18;103.48;421.0;331.0;1773.0;799.0;412.0;334.0;1748.0;1055.0;0.0;0.0;0.0;0.0;0.0;0.0;0.0;0.0;1.0;0.0;0.0;0.0;0.0;0.0;0.0;0.0;3.94;0.51;6.31;0.01;1.16;1.36;0.0;0.42;0.15;0.18;0.0;0.69;0.87;24.63;0.93;11.43;0.0;0.0;0.0;47.06;0.02;0.33;0.0;0.0;1.41;0.0;0.0;0.0;0.0;0.0;0.0;0.0;0.0;0.0;0.0;0.0;0.0;60.08;0.0;0.0;0.0;36.72;0.0;0.0;0.0;0.0;0.0;0.0;0.0;0.0;0.0;0.0;0.0;0.0;0.0;0.0;0.0;0.0;0.0;0.0;0.0;0.0;0.0;0.0;0.0;0.0;0.0;0.0;0.0;0.0;0.0;0.0;0.0;0.0;0.0;0.0;0.0;0.0;0.0;0.0;0.0;0.0;0.0;0.0;0.0;0.0;0.0;0.0;0.0;0.0;0.0;0.0;0.0;0.0;100.01;1.8;0;0;1;0;0;0;0;0;0;0;0;0;0;0;0;0;0;0;0;0
CELORICO DA BEIRA;2.0;210.0;2.0;46.0;162.0;91.0;0.0;0.0;0.0;0.0;0.0;0.0;0.0;0.0;49.0;3.0;8.0;38.0;157.0;9.0;63.0;2.0;0.0;51.0;10.0;0.0;6.0;52.0;4.0;7.0;41.0;94.0;6.0;68.0;4.0;0.0;37.0;27.0;0.0;6.0;86.0;7.0;8.0;71.0;91.0;6.0;54.0;1.0;1.0;32.0;20.0;0.0;5.0;145.0;14.0;26.0;105.0;101.0;16.0;70.0;0.0;1.0;55.0;14.0;0.0;8.0;168.0;31.0;37.0;100.0;126.0;8.0;74.0;0.0;9.0;53.0;12.0;0.0;8.0;227.0;70.0;72.0;85.0;108.0;4.0;62.0;0.0;12.0;45.0;5.0;0.0;12.0;291.0;122.0;73.0;96.0;80.0;3.0;51.0;0.0;4.0;38.0;8.0;1.0;22.0;351.0;215.0;66.0;70.0;61.0;1.0;43.0;0.0;3.0;33.0;7.0;0.0;49.0;405.0;273.0;60.0;72.0;78.0;0.0;26.0;0.0;3.0;16.0;7.0;0.0;43.0;417.0;338.0;30.0;49.0;31.0;0.0;33.0;0.0;7.0;23.0;1.0;2.0;49.0;417.0;365.0;15.0;37.0;19.0;0.0;14.0;0.0;5.0;8.0;1.0;0.0;405.0;843.0;795.0;20.0;28.0;15.0;0.0;25.0;0.0;17.0;7.0;1.0;0.0;2094.0;3273.0;790.0;426.0;0.9;1.4;1.4;0.0;308.0;305.0;1498.0;1007.0;311.0;276.0;1574.0;1304.0;25.8;0.0;0.0;0.0;0.0;0.0;0.0;0.0;0.0;1.0;0.0;0.0;0.0;0.0;0.0;0.0;2.37;2.24;8.51;0.22;0.97;1.42;0.0;0.35;0.16;0.0;0.0;1.21;0.6;1.06;0.0;37.58;0.0;0.0;0.0;42.58;0.2;0.31;0.21;0.0;0.0;2.59;0.0;0.0;0.0;0.0;0.0;0.0;0.0;0.0;0.0;0.0;0.0;38.71;0.0;0.0;0.0;0.51;0.0;0.0;0.0;0.0;0.0;0.0;0.0;0.0;0.0;0.0;0.0;0.0;0.0;0.0;0.0;0.0;0.0;0.0;0.0;0.0;0.0;0.0;0.0;0.0;0.0;0.0;0.0;0.0;0.0;0.0;0.0;0.0;0.0;0.0;0.0;0.0;0.0;0.0;0.0;0.0;0.0;0.0;0.0;0.0;0.0;0.0;0.0;0.0;0.0;0.0;0.0;0.0;99.99;58.18;0;0;0;0;0;0;0;0;1;0;0;0;0;0;0;0;0;0;0;0
CELORICO DE BASTO;2.0;579.0;0.0;62.0;517.0;330.0;2.0;2.0;2.0;0.0;0.0;0.0;0.0;7.0;162.0;2.0;11.0;149.0;656.0;9.0;221.0;19.0;0.0;162.0;40.0;0.0;10.0;222.0;6.0;26.0;190.0;365.0;30.0;249.0;5.0;0.0;157.0;85.0;2.0;19.0;368.0;24.0;83.0;261.0;286.0;23.0;184.0;0.0;0.0;117.0;63.0;4.0;14.0;488.0;53.0;126.0;309.0;314.0;25.0;189.0;1.0;4.0;134.0;45.0;5.0;22.0;652.0;84.0;303.0;265.0;267.0;19.0;172.0;1.0;11.0;135.0;24.0;1.0;25.0;897.0;222.0;404.0;271.0;258.0;7.0;153.0;0.0;19.0;114.0;15.0;5.0;59.0;964.0;373.0;370.0;221.0;183.0;4.0;84.0;0.0;8.0;63.0;11.0;2.0;57.0;1181.0;706.0;299.0;176.0;139.0;1.0;69.0;0.0;5.0;55.0;7.0;2.0;79.0;1120.0;807.0;179.0;134.0;107.0;0.0;48.0;0.0;7.0;39.0;2.0;0.0;96.0;965.0;828.0;73.0;64.0;55.0;0.0;63.0;0.0;22.0;35.0;5.0;1.0;141.0;727.0;638.0;37.0;52.0;16.0;0.0;20.0;0.0;7.0;12.0;1.0;0.0;999.0;1086.0;1023.0;36.0;27.0;16.0;0.0;33.0;0.0;14.0;18.0;0.0;1.0;6913.0;8348.0;1516.0;866.0;0.59;1.07;1.07;0.0;1058.0;1018.0;4606.0;1739.0;1045.0;952.0;4747.0;2478.0;0.0;0.0;0.0;0.0;0.0;0.0;0.0;0.0;0.0;1.0;0.0;0.0;0.0;0.0;0.04;0.0;1.86;1.98;4.95;0.15;0.76;2.17;0.13;0.43;0.06;0.12;0.0;0.89;1.1;1.37;0.0;41.5;0.0;0.0;0.0;41.7;0.05;0.63;0.11;0.0;0.0;0.84;0.0;0.0;0.0;0.0;0.0;0.0;0.0;0.0;0.0;0.0;0.0;38.71;0.0;0.0;0.0;0.97;0.0;0.0;0.0;0.0;0.0;0.0;0.0;0.0;0.0;0.0;0.0;0.0;0.0;0.0;0.0;0.0;0.0;0.0;0.0;0.0;0.0;0.0;0.0;0.0;0.0;0.0;0.0;0.0;0.0;0.0;0.0;0.0;0.0;0.0;0.0;0.0;0.0;0.0;0.0;0.0;12.44;0.0;0.0;0.0;0.0;0.0;0.0;0.0;0.0;0.0;0.0;0.0;100.0;47.04;0;0;0;1;0;0;0;0;0;0;0;0;0;0;0;0;0;0;0;0
CHAMUSCA;0.0;244.0;4.0;30.0;210.0;113.0;1.0;2.0;2.0;0.0;0.0;0.0;0.0;7.0;79.0;1.0;8.0;70.0;210.0;8.0;73.0;5.0;0.0;56.0;12.0;0.0;2.0;98.0;6.0;13.0;79.0;113.0;7.0;89.0;1.0;0.0;61.0;27.0;0.0;2.0;129.0;14.0;24.0;91.0;135.0;13.0;79.0;0.0;0.0;59.0;20.0;0.0;10.0;201.0;21.0;44.0;136.0;159.0;11.0;87.0;3.0;2.0;70.0;11.0;1.0;15.0;261.0;30.0;84.0;147.0;151.0;6.0;98.0;0.0;7.0;82.0;9.0;0.0;11.0;349.0;76.0;129.0;144.0;145.0;7.0;83.0;0.0;9.0;68.0;5.0;1.0;17.0;407.0;127.0;140.0;140.0;90.0;3.0;53.0;0.0;2.0;42.0;7.0;2.0;27.0;499.0;239.0;130.0;130.0;99.0;1.0;47.0;0.0;3.0;39.0;5.0;0.0;44.0;512.0;327.0;105.0;80.0;95.0;0.0;29.0;0.0;3.0;21.0;3.0;2.0;67.0;494.0;390.0;51.0;53.0;38.0;0.0;21.0;0.0;7.0;13.0;1.0;0.0;67.0;512.0;432.0;37.0;43.0;27.0;0.0;31.0;0.0;13.0;16.0;2.0;0.0;503.0;889.0;796.0;36.0;57.0;18.0;0.0;21.0;0.0;13.0;8.0;0.0;0.0;3107.0;3777.0;958.0;688.0;0.95;1.88;1.88;74.54;473.0;370.0;2101.0;1165.0;448.0;367.0;2083.0;1523.0;0.0;0.0;0.0;0.0;0.0;0.0;0.0;0.0;1.0;0.0;0.0;0.0;0.0;1.0;0.0;0.0;3.1;1.59;11.18;0.17;0.72;1.85;0.0;0.47;0.24;0.13;0.0;0.87;0.57;10.49;0.0;18.0;0.0;0.0;0.0;49.97;0.1;0.36;0.2;0.0;0.0;10.08;0.0;0.0;0.0;0.0;0.0;0.0;0.0;0.0;0.0;0.0;0.0;46.25;0.0;0.0;0.0;23.55;0.0;0.0;0.0;0.0;0.0;0.0;0.0;0.0;0.0;0.0;0.0;0.0;0.0;0.0;0.0;0.0;0.0;0.0;0.0;0.0;0.0;0.0;0.0;0.0;0.0;0.0;0.0;0.0;0.0;0.0;0.0;0.0;0.0;0.0;0.0;0.0;0.0;0.0;0.0;0.0;0.0;0.0;0.0;0.0;0.0;0.0;0.0;0.0;0.0;0.0;0.0;0.0;99.99;20.11;0;0;0;0;0;0;0;0;0;0;0;0;0;0;1;0;0;0;0;0
CHAVES;18.0;1090.0;4.0;113.0;973.0;562.0;2.0;3.0;3.0;0.0;0.0;0.0;0.0;10.0;264.0;8.0;24.0;232.0;965.0;25.0;391.0;25.0;0.0;298.0;68.0;0.0;27.0;293.0;14.0;42.0;237.0;543.0;61.0;511.0;11.0;0.0;297.0;197.0;6.0;30.0;477.0;31.0;116.0;330.0;554.0;49.0;471.0;7.0;2.0;296.0;155.0;11.0;32.0;588.0;50.0;107.0;431.0;633.0;43.0;564.0;6.0;11.0;429.0;112.0;6.0;55.0;817.0;82.0;265.0;470.0;759.0;43.0;659.0;2.0;30.0;519.0;98.0;10.0;62.0;1116.0;189.0;405.0;522.0;697.0;33.0;600.0;0.0;49.0;471.0;74.0;6.0;94.0;1358.0;421.0;505.0;432.0;611.0;24.0;523.0;0.0;33.0;417.0;64.0;9.0;132.0;1871.0;909.0;450.0;512.0;573.0;3.0;387.0;0.0;21.0;303.0;54.0;9.0;198.0;2073.0;1240.0;374.0;459.0;469.0;0.0;399.0;0.0;23.0;318.0;48.0;10.0;214.0;2308.0;1767.0;221.0;320.0;270.0;0.0;341.0;0.0;54.0;256.0;21.0;10.0;280.0;2203.0;1775.0;155.0;273.0;150.0;0.0;200.0;0.0;50.0;136.0;6.0;8.0;1672.0;4095.0;3632.0;186.0;277.0;156.0;0.0;202.0;0.0;101.0;89.0;6.0;6.0;13402.0;17551.0;3816.0;2821.0;1.7;1.68;1.68;0.0;1926.0;1711.0;8835.0;5366.0;1811.0;1619.0;9597.0;6725.0;0.0;0.0;0.0;0.0;0.0;0.0;0.0;0.0;1.0;0.0;0.0;0.0;0.0;0.0;0.0;0.0;1.65;1.88;8.58;0.09;0.91;1.01;0.0;0.39;0.14;0.06;0.14;1.14;0.54;1.47;0.0;39.55;0.0;0.0;0.0;42.01;0.0;0.39;0.05;0.0;0.0;2.17;0.0;0.0;0.0;0.0;0.0;0.0;0.0;0.0;0.0;0.0;0.0;56.67;0.0;0.0;0.0;3.36;0.0;0.0;0.0;0.0;0.0;0.0;0.0;0.0;0.0;0.0;0.0;0.0;0.0;0.0;0.0;0.0;0.0;0.0;0.0;0.0;0.0;0.0;0.0;0.0;0.0;0.0;0.0;0.0;0.0;0.0;0.0;0.0;0.0;0.0;0.0;0.0;0.0;0.0;0.0;0.0;0.0;0.0;0.0;0.0;0.0;0.0;0.0;0.0;0.0;0.0;0.0;0.0;100.0;37.8;0;0;0;0;0;0;0;0;0;0;0;0;0;0;0;0;0;1;0;0
CINFAES;7.0;606.0;1.0;60.0;545.0;376.0;1.0;1.0;1.0;0.0;0.0;0.0;0.0;4.0;131.0;0.0;14.0;117.0;627.0;16.0;142.0;9.0;0.0;109.0;24.0;0.0;8.0;210.0;4.0;34.0;172.0;416.0;31.0;172.0;5.0;0.0;111.0;56.0;0.0;18.0;360.0;30.0;114.0;216.0;315.0;17.0;113.0;2.0;0.0;74.0;37.0;0.0;14.0;486.0;66.0;153.0;267.0;275.0;11.0;144.0;4.0;6.0;110.0;22.0;2.0;38.0;720.0;132.0;326.0;262.0;251.0;10.0;131.0;0.0;9.0;101.0;18.0;3.0;65.0;1004.0;316.0;433.0;255.0;219.0;6.0;87.0;0.0;9.0;71.0;5.0;2.0;78.0;1157.0;479.0;448.0;230.0;136.0;2.0;48.0;0.0;6.0;38.0;4.0;0.0;90.0;1187.0;643.0;367.0;177.0;105.0;0.0;46.0;0.0;2.0;33.0;9.0;2.0;93.0;1127.0;737.0;255.0;135.0;72.0;0.0;42.0;0.0;7.0;32.0;3.0;0.0;113.0;1018.0;874.0;59.0;85.0;33.0;0.0;49.0;0.0;12.0;36.0;1.0;0.0;109.0;862.0;771.0;43.0;48.0;26.0;0.0;31.0;0.0;11.0;20.0;0.0;0.0;852.0;1359.0;1264.0;47.0;48.0;15.0;0.0;33.0;0.0;18.0;13.0;2.0;0.0;6513.0;8719.0;1584.0;914.0;0.41;0.74;0.74;0.0;1079.0;984.0;4578.0;1972.0;936.0;927.0;4726.0;2528.0;0.0;0.0;0.0;0.0;0.0;0.0;0.0;0.0;1.0;0.0;0.0;0.0;0.0;1.0;0.0;0.1;1.69;1.6;5.28;0.14;0.7;1.2;0.0;0.38;0.06;0.03;0.03;1.07;0.56;1.12;0.0;31.4;0.0;0.0;0.0;53.33;0.11;1.07;0.14;0.0;0.0;0.0;0.0;0.0;0.0;0.0;0.0;0.0;0.0;0.0;0.0;0.0;0.0;64.14;0.0;0.0;0.0;1.88;0.0;0.0;0.0;0.0;0.0;0.0;0.0;0.0;0.0;0.0;0.0;0.0;0.0;0.0;0.0;0.0;0.0;0.0;0.0;0.0;0.0;0.0;0.0;0.0;0.0;0.0;0.0;0.0;0.0;0.0;0.0;0.0;0.0;0.0;0.0;0.0;0.0;0.0;0.0;0.0;0.0;0.0;0.0;0.0;0.0;0.0;0.0;0.0;0.0;0.0;0.0;0.0;100.0;33.98;0;0;0;0;0;0;0;0;0;0;0;0;0;0;0;0;0;0;1;0
COIMBRA;23.0;3919.0;17.0;415.0;3487.0;2440.0;1.0;10.0;10.0;0.0;0.0;0.0;0.0;50.0;618.0;22.0;71.0;525.0;4200.0;112.0;2512.0;49.0;0.0;1980.0;479.0;4.0;62.0;852.0;37.0;95.0;720.0;2279.0;210.0;4404.0;47.0;0.0;2124.0;2186.0;47.0;77.0;972.0;52.0;163.0;757.0;1885.0;222.0;4225.0;21.0;22.0;1834.0;2162.0;186.0;96.0;1510.0;83.0;263.0;1164.0;2210.0;221.0;4811.0;20.0;109.0;2664.0;1718.0;300.0;106.0;2024.0;145.0;514.0;1365.0;2496.0;184.0;5319.0;4.0;176.0;3642.0;1118.0;379.0;135.0;2961.0;407.0;1018.0;1536.0;2574.0;160.0;4487.0;0.0;237.0;3093.0;800.0;357.0;178.0;3820.0;815.0;1309.0;1696.0;2322.0;126.0;3621.0;0.0;198.0;2379.0;671.0;373.0;207.0;4595.0;1408.0;1300.0;1887.0;2273.0;20.0;3369.0;0.0;159.0;2291.0;562.0;357.0;261.0;4891.0;2215.0;1029.0;1647.0;1833.0;0.0;2879.0;0.0;225.0;2006.0;352.0;296.0;368.0;5336.0;3448.0;597.0;1291.0;1351.0;0.0;2428.0;0.0;300.0;1732.0;208.0;188.0;442.0;5816.0;4025.0;518.0;1273.0;771.0;0.0;1871.0;0.0;324.0;1287.0;125.0;135.0;2761.0;11078.0;8477.0;772.0;1829.0;846.0;0.0;2466.0;0.0;663.0;1542.0;99.0;162.0;59870.0;57713.0;10205.0;13028.0;2.37;3.89;3.89;0.0;8458.0;6888.0;35346.0;14759.0;8062.0;6997.0;39531.0;20775.0;27.3;0.0;0.0;0.0;0.0;0.0;0.0;0.0;0.0;1.0;0.0;0.0;0.0;1.0;0.18;0.0;5.41;1.27;5.89;0.06;1.35;3.72;0.0;1.01;0.16;0.12;0.0;0.9;1.17;4.98;0.28;23.06;0.0;0.0;0.0;50.03;0.0;0.27;0.12;0.0;0.0;2.39;0.0;1.73;0.0;0.0;0.0;0.0;0.0;1.51;0.0;0.0;0.0;34.02;0.0;0.0;0.0;7.83;0.0;0.0;0.0;0.0;0.0;6.55;0.0;0.0;0.0;0.0;0.0;0.0;0.0;0.0;0.0;0.0;0.0;0.0;0.0;0.0;0.0;0.0;0.0;0.0;0.0;0.0;0.0;0.0;0.0;0.0;0.0;0.0;0.0;0.0;0.0;0.0;0.0;0.0;0.0;0.0;0.0;0.0;0.0;0.0;0.0;0.0;0.0;0.0;0.0;0.0;0.0;0.0;99.78;45.75;0;0;0;0;0;0;1;0;0;0;0;0;0;0;0;0;0;0;0;0
CONDEIXA-A-NOVA;2.0;558.0;2.0;55.0;501.0;295.0;0.0;2.0;2.0;0.0;0.0;0.0;0.0;14.0;67.0;4.0;7.0;56.0;477.0;15.0;254.0;9.0;0.0;209.0;36.0;0.0;17.0;69.0;4.0;8.0;57.0;221.0;26.0;327.0;4.0;0.0;194.0;129.0;0.0;9.0;135.0;6.0;20.0;109.0;289.0;34.0;355.0;4.0;0.0;205.0;141.0;5.0;13.0;204.0;13.0;28.0;163.0;336.0;40.0;488.0;1.0;14.0;326.0;131.0;16.0;23.0;323.0;26.0;60.0;237.0;426.0;34.0;573.0;2.0;34.0;420.0;104.0;13.0;37.0;482.0;84.0;141.0;257.0;413.0;23.0;495.0;0.0;35.0;358.0;80.0;22.0;35.0;643.0;171.0;181.0;291.0;323.0;21.0;320.0;0.0;30.0;225.0;36.0;29.0;44.0;672.0;258.0;182.0;232.0;247.0;3.0;231.0;0.0;14.0;176.0;28.0;13.0;59.0;672.0;322.0;155.0;195.0;163.0;0.0;127.0;0.0;10.0;102.0;10.0;5.0;57.0;681.0;494.0;78.0;109.0;107.0;0.0;105.0;0.0;32.0;59.0;10.0;4.0;90.0;707.0;569.0;49.0;89.0;32.0;0.0;72.0;0.0;20.0;46.0;4.0;2.0;535.0;1300.0;1154.0;56.0;90.0;41.0;0.0;86.0;0.0;50.0;31.0;4.0;1.0;6775.0;7476.0;1167.0;1314.0;1.83;2.59;2.59;0.0;1170.0;880.0;4202.0;1562.0;1113.0;804.0;4750.0;2251.0;11.8;0.0;0.0;0.0;0.0;0.0;0.0;0.0;1.0;0.0;0.0;0.0;0.0;1.0;0.24;0.0;5.0;0.7;8.68;0.07;1.82;3.02;0.0;0.95;0.09;0.09;0.0;0.94;1.45;3.44;0.19;23.73;0.0;0.0;0.0;49.2;0.0;0.29;0.1;0.0;5.66;6.85;0.0;0.0;0.0;0.0;0.0;0.0;0.0;0.0;0.0;0.0;0.0;47.31;0.0;0.0;0.0;6.51;0.0;0.0;0.0;0.0;0.0;0.0;0.0;0.0;0.0;0.0;0.0;0.0;0.0;0.0;0.0;0.0;0.0;0.0;0.0;0.0;0.0;0.0;0.0;0.0;0.0;0.0;0.0;0.0;0.0;0.0;0.0;0.0;0.0;0.0;0.0;0.0;0.0;0.0;0.0;0.0;0.0;0.0;0.0;0.0;0.0;0.0;0.0;0.0;0.0;0.0;0.0;0.0;100.0;33.67;0;0;0;0;0;0;1;0;0;0;0;0;0;0;0;0;0;0;0;0
CONSTANCIA;1.0;154.0;1.0;18.0;135.0;66.0;0.0;1.0;1.0;0.0;0.0;0.0;0.0;1.0;21.0;0.0;2.0;19.0;109.0;0.0;34.0;1.0;0.0;31.0;2.0;0.0;3.0;31.0;0.0;2.0;29.0;78.0;4.0;57.0;2.0;0.0;29.0;26.0;0.0;2.0;41.0;1.0;4.0;36.0;66.0;9.0;38.0;2.0;0.0;24.0;11.0;1.0;5.0;66.0;1.0;9.0;56.0;73.0;9.0;50.0;1.0;3.0;35.0;11.0;0.0;1.0;85.0;5.0;11.0;69.0;100.0;8.0;79.0;0.0;6.0;65.0;7.0;1.0;9.0;109.0;23.0;35.0;51.0;111.0;6.0;55.0;0.0;3.0;40.0;11.0;1.0;9.0;150.0;27.0;56.0;67.0;89.0;9.0;45.0;0.0;6.0;33.0;6.0;0.0;11.0;181.0;77.0;44.0;60.0;62.0;1.0;49.0;0.0;3.0;37.0;8.0;1.0;9.0;190.0;86.0;51.0;53.0;28.0;0.0;25.0;0.0;2.0;22.0;0.0;1.0;20.0;196.0;147.0;19.0;30.0;23.0;0.0;18.0;0.0;4.0;12.0;2.0;0.0;18.0;186.0;137.0;17.0;32.0;11.0;0.0;10.0;0.0;3.0;6.0;1.0;0.0;114.0;369.0;327.0;21.0;21.0;14.0;0.0;9.0;0.0;4.0;5.0;0.0;0.0;1484.0;1675.0;344.0;295.0;0.94;1.5;1.5;0.0;240.0;199.0;956.0;428.0;230.0;188.0;997.0;560.0;0.0;0.0;0.0;0.0;0.0;0.0;0.0;0.0;1.0;0.0;0.0;0.0;0.0;0.0;0.0;0.0;3.56;2.22;14.78;0.19;1.36;3.28;0.0;1.03;0.17;0.25;0.0;0.88;1.49;9.89;0.0;16.24;0.0;0.0;0.0;44.43;0.09;0.16;0.0;0.0;0.0;3.83;0.0;0.0;0.0;0.0;0.0;0.0;0.0;0.0;0.0;0.0;0.0;61.06;0.0;0.0;0.0;29.34;0.0;0.0;0.0;0.0;0.0;0.0;0.0;0.0;0.0;0.0;0.0;0.0;0.0;0.0;0.0;0.0;0.0;0.0;0.0;0.0;0.0;0.0;0.0;0.0;0.0;0.0;0.0;0.0;0.0;0.0;0.0;0.0;0.0;0.0;0.0;0.0;0.0;0.0;0.0;0.0;0.0;0.0;0.0;0.0;0.0;0.0;0.0;0.0;0.0;0.0;0.0;0.0;100.0;5.77;0;0;0;0;0;0;0;0;0;0;0;0;0;0;1;0;0;0;0;0
CORUCHE;6.0;523.0;13.0;81.0;429.0;252.0;1.0;0.0;0.0;0.0;0.0;0.0;0.0;9.0;164.0;9.0;28.0;127.0;380.0;14.0;190.0;5.0;0.0;163.0;22.0;0.0;14.0;140.0;16.0;28.0;96.0;197.0;24.0;207.0;8.0;0.0;124.0;74.0;1.0;18.0;212.0;32.0;51.0;129.0;237.0;25.0;166.0;2.0;2.0;97.0;63.0;2.0;19.0;303.0;32.0;66.0;205.0;242.0;25.0;186.0;2.0;9.0;147.0;26.0;2.0;30.0;483.0;71.0;138.0;274.0;308.0;25.0;211.0;0.0;11.0;169.0;27.0;4.0;45.0;620.0;118.0;222.0;280.0;318.0;20.0;188.0;0.0;21.0;152.0;13.0;2.0;43.0;778.0;192.0;258.0;328.0;259.0;6.0;156.0;0.0;15.0;119.0;19.0;3.0;57.0;868.0;360.0;233.0;275.0;244.0;1.0;114.0;0.0;15.0;84.0;11.0;4.0;68.0;1056.0;618.0;194.0;244.0;185.0;0.0;105.0;0.0;11.0;81.0;10.0;3.0;108.0;1097.0;880.0;101.0;116.0;94.0;0.0;87.0;0.0;28.0;51.0;5.0;3.0;115.0;976.0;854.0;37.0;85.0;52.0;0.0;47.0;0.0;13.0;28.0;5.0;1.0;1401.0;1705.0;1555.0;66.0;84.0;34.0;0.0;40.0;0.0;21.0;16.0;3.0;0.0;5989.0;8071.0;2064.0;1231.0;1.75;2.21;2.21;78.02;935.0;782.0;4007.0;2469.0;922.0;757.0;4196.0;3287.0;0.0;0.0;0.0;0.0;0.0;0.0;0.0;0.0;1.0;0.0;0.0;0.0;0.0;1.0;0.0;0.0;2.26;1.38;10.08;0.14;0.86;1.8;0.0;0.39;0.24;0.03;0.0;0.7;0.58;11.83;0.0;19.77;0.0;0.0;0.0;49.33;0.08;0.36;0.16;0.0;0.0;5.98;0.0;0.0;0.0;0.0;0.0;0.0;0.0;0.0;0.0;0.0;0.0;53.47;0.0;0.0;0.0;24.5;0.0;0.0;0.0;0.0;0.0;0.0;0.0;0.0;0.0;0.0;0.0;0.0;0.0;0.0;0.0;0.0;0.0;0.0;0.0;0.0;0.0;0.0;0.0;0.0;0.0;0.0;0.0;0.0;0.0;0.0;0.0;0.0;0.0;0.0;0.0;0.0;0.0;0.0;0.0;0.0;0.0;0.0;0.0;0.0;0.0;0.0;0.0;0.0;0.0;0.0;0.0;0.0;99.99;16.04;0;0;0;0;0;0;0;0;0;0;0;0;0;0;1;0;0;0;0;0
CORVO;0.0;17.0;0.0;3.0;14.0;6.0;0.0;0.0;0.0;0.0;0.0;0.0;0.0;1.0;9.0;0.0;3.0;6.0;11.0;0.0;1.0;0.0;0.0;1.0;0.0;0.0;0.0;7.0;0.0;1.0;6.0;7.0;0.0;1.0;0.0;0.0;1.0;0.0;0.0;0.0;10.0;1.0;0.0;9.0;7.0;1.0;5.0;0.0;1.0;3.0;1.0;0.0;0.0;19.0;1.0;3.0;15.0;8.0;1.0;7.0;0.0;0.0;4.0;3.0;0.0;1.0;21.0;2.0;9.0;10.0;15.0;0.0;5.0;0.0;0.0;4.0;1.0;0.0;2.0;21.0;2.0;15.0;4.0;11.0;0.0;5.0;0.0;1.0;3.0;1.0;0.0;0.0;15.0;2.0;8.0;5.0;5.0;0.0;2.0;0.0;0.0;2.0;0.0;0.0;0.0;22.0;8.0;11.0;3.0;2.0;0.0;4.0;0.0;0.0;3.0;1.0;0.0;4.0;17.0;14.0;2.0;1.0;2.0;0.0;4.0;0.0;0.0;4.0;0.0;0.0;3.0;16.0;15.0;1.0;0.0;0.0;0.0;1.0;0.0;0.0;1.0;0.0;0.0;1.0;14.0;14.0;0.0;0.0;0.0;0.0;1.0;0.0;0.0;0.0;1.0;0.0;4.0;18.0;16.0;0.0;2.0;0.0;0.0;1.0;0.0;0.0;0.0;1.0;0.0;191.0;136.0;25.0;32.0;9.07;2.86;2.86;75.7;26.0;29.0;122.0;28.0;23.0;16.0;109.0;31.0;6.9;0.0;0.0;0.0;0.0;0.0;0.0;0.0;1.0;0.0;0.0;0.0;0.0;1.0;0.0;0.43;2.59;0.0;3.88;0.0;0.43;0.43;0.0;0.86;0.0;0.0;0.0;0.0;0.43;5.17;0.0;0.0;0.0;30.6;0.0;54.74;0.0;0.43;0.0;0.0;0.0;0.0;0.0;0.0;0.0;0.0;0.0;0.0;0.0;0.0;0.0;0.0;0.0;61.03;0.0;0.0;0.0;3.31;0.0;0.0;0.0;0.0;0.0;0.0;0.0;0.0;0.0;0.0;0.0;0.0;0.0;0.0;0.0;0.0;0.0;0.0;0.0;0.0;0.0;0.0;0.0;0.0;0.0;0.0;0.0;0.0;0.0;0.0;0.0;0.0;0.0;0.0;0.0;0.0;0.0;0.0;0.0;0.0;0.0;0.0;0.0;0.0;0.0;0.0;0.0;0.0;0.0;0.0;0.0;0.0;100.0;35.66;0;1;0;0;0;0;0;0;0;0;0;0;0;0;0;0;0;0;0;0
COVILHA;15.0;1275.0;13.0;142.0;1120.0;775.0;3.0;2.0;2.0;0.0;0.0;0.0;0.0;18.0;219.0;13.0;27.0;179.0;1348.0;32.0;715.0;19.0;0.0;578.0;117.0;1.0;25.0;280.0;24.0;47.0;209.0;718.0;70.0;897.0;17.0;0.0;482.0;384.0;14.0;26.0;395.0;26.0;76.0;293.0;723.0;87.0;924.0;11.0;3.0;445.0;428.0;37.0;40.0;585.0;44.0;125.0;416.0;845.0;68.0;975.0;13.0;34.0;581.0;302.0;45.0;46.0;912.0;86.0;239.0;587.0;998.0;70.0;1029.0;3.0;56.0;699.0;209.0;62.0;59.0;1297.0;189.0;410.0;698.0;994.0;37.0;889.0;0.0;96.0;569.0;148.0;76.0;76.0;1519.0;348.0;485.0;686.0;917.0;28.0;742.0;0.0;52.0;467.0;155.0;68.0;97.0;2054.0;691.0;603.0;760.0;773.0;5.0;511.0;0.0;34.0;338.0;76.0;63.0;156.0;2467.0;1205.0;591.0;671.0;645.0;0.0;408.0;0.0;46.0;255.0;60.0;47.0;187.0;2819.0;2087.0;251.0;481.0;365.0;0.0;326.0;0.0;67.0;208.0;31.0;20.0;213.0;2655.0;2100.0;186.0;369.0;199.0;0.0;173.0;0.0;65.0;79.0;17.0;12.0;1682.0;4835.0;4224.0;229.0;382.0;164.0;0.0;222.0;0.0;105.0;110.0;6.0;1.0;17893.0;20555.0;4514.0;3493.0;1.14;2.45;2.45;0.0;2461.0;2266.0;11438.0;5916.0;2365.0;2136.0;11949.0;7924.0;32.9;0.0;0.0;0.0;0.0;0.0;0.0;0.0;1.0;0.0;0.0;0.0;0.0;1.0;0.0;0.16;4.54;1.85;5.99;0.04;0.93;2.08;0.0;0.6;0.06;0.14;0.11;1.29;0.96;3.76;0.4;19.56;0.0;0.0;0.0;57.17;0.04;0.33;0.0;0.0;0.0;1.83;0.0;0.0;0.0;0.0;0.0;0.0;0.0;0.0;0.0;0.0;0.0;48.88;0.0;0.0;0.0;10.34;0.0;0.0;0.0;0.0;0.0;0.0;0.0;0.0;0.0;0.0;0.0;0.0;0.0;0.0;0.0;0.0;0.0;0.0;0.0;0.0;0.0;0.0;0.0;0.0;0.0;0.0;0.0;0.0;0.0;0.0;0.0;0.0;0.0;0.0;0.0;0.0;0.0;0.0;0.0;0.0;0.0;0.0;0.0;0.0;0.0;0.0;0.0;0.0;6.77;0.0;0.0;0.0;100.0;32.18;0;0;0;0;0;1;0;0;0;0;0;0;0;0;0;0;0;0;0;0
CRATO;3.0;85.0;0.0;10.0;75.0;27.0;0.0;0.0;0.0;0.0;0.0;0.0;0.0;2.0;22.0;2.0;1.0;19.0;63.0;2.0;30.0;0.0;0.0;27.0;3.0;0.0;3.0;21.0;3.0;3.0;15.0;37.0;2.0;33.0;1.0;0.0;21.0;11.0;0.0;0.0;24.0;2.0;5.0;17.0;42.0;4.0;26.0;0.0;0.0;20.0;6.0;0.0;3.0;41.0;5.0;10.0;26.0;37.0;2.0;42.0;1.0;0.0;36.0;5.0;0.0;8.0;65.0;6.0;16.0;43.0;63.0;5.0;41.0;0.0;1.0;35.0;5.0;0.0;11.0;95.0;13.0;35.0;47.0;59.0;2.0;36.0;0.0;7.0;27.0;2.0;0.0;11.0;127.0;41.0;44.0;42.0;51.0;3.0;25.0;0.0;0.0;25.0;0.0;0.0;14.0;179.0;62.0;47.0;70.0;38.0;2.0;24.0;0.0;1.0;22.0;1.0;0.0;15.0;174.0;85.0;54.0;35.0;33.0;0.0;16.0;0.0;2.0;12.0;2.0;0.0;17.0;204.0;148.0;31.0;25.0;20.0;0.0;10.0;0.0;2.0;7.0;1.0;0.0;21.0;254.0;211.0;23.0;20.0;14.0;0.0;5.0;0.0;3.0;2.0;0.0;0.0;220.0;502.0;444.0;23.0;35.0;14.0;0.0;8.0;0.0;5.0;3.0;0.0;0.0;1037.0;1455.0;503.0;230.0;1.83;1.58;1.58;73.69;139.0;127.0;702.0;517.0;149.0;107.0;712.0;772.0;0.0;0.0;0.0;0.0;0.0;0.0;0.0;0.0;1.0;0.0;0.0;0.0;0.0;0.0;0.0;0.0;2.73;0.8;8.51;0.02;0.7;1.59;0.0;0.5;0.06;0.02;0.0;0.48;0.38;6.8;0.34;24.5;0.0;0.0;0.0;52.53;0.0;0.0;0.04;0.0;0.0;0.89;0.0;0.0;0.0;0.0;0.0;0.0;19.62;0.0;0.0;0.0;0.0;44.98;0.0;0.0;0.0;15.65;0.0;0.0;0.0;0.0;0.0;0.0;0.0;0.0;0.0;0.0;0.0;0.0;0.0;0.0;0.0;0.0;0.0;0.0;0.0;0.0;0.0;0.0;0.0;0.0;0.0;0.0;0.0;0.0;0.0;0.0;0.0;0.0;0.0;0.0;0.0;0.0;0.0;0.0;0.0;0.0;0.0;0.0;0.0;0.0;0.0;0.0;0.0;0.0;0.0;0.0;0.0;0.0;100.0;18.86;0;0;0;0;0;0;0;0;0;0;0;0;1;0;0;0;0;0;0;0
CUBA;1.0;152.0;2.0;22.0;128.0;52.0;0.0;1.0;1.0;0.0;0.0;0.0;0.0;2.0;46.0;1.0;7.0;38.0;128.0;1.0;37.0;4.0;0.0;29.0;4.0;0.0;3.0;44.0;4.0;8.0;32.0;61.0;4.0;72.0;3.0;0.0;46.0;22.0;1.0;3.0;71.0;2.0;20.0;49.0;80.0;9.0;66.0;0.0;0.0;55.0;11.0;0.0;6.0;80.0;7.0;21.0;52.0;100.0;6.0;81.0;0.0;3.0;66.0;11.0;1.0;9.0;103.0;6.0;31.0;66.0;109.0;7.0;70.0;1.0;2.0;56.0;7.0;4.0;11.0;124.0;28.0;30.0;66.0;86.0;5.0;48.0;0.0;2.0;40.0;5.0;1.0;13.0;185.0;45.0;52.0;88.0;61.0;3.0;60.0;0.0;3.0;42.0;14.0;1.0;17.0;222.0;71.0;65.0;86.0;73.0;0.0;23.0;0.0;2.0;20.0;1.0;0.0;5.0;219.0;85.0;57.0;77.0;48.0;0.0;21.0;0.0;1.0;17.0;3.0;0.0;14.0;209.0;148.0;31.0;30.0;23.0;0.0;21.0;0.0;2.0;13.0;4.0;2.0;25.0;220.0;177.0;18.0;25.0;8.0;0.0;11.0;0.0;3.0;7.0;1.0;0.0;237.0;384.0;343.0;16.0;25.0;11.0;0.0;5.0;0.0;2.0;2.0;1.0;0.0;1836.0;1845.0;428.0;264.0;3.67;4.48;4.48;73.66;305.0;208.0;1141.0;498.0;272.0;212.0;1067.0;670.0;0.0;0.0;0.0;0.0;0.0;0.0;0.0;1.0;0.0;0.0;0.0;0.0;0.0;1.0;0.0;0.0;2.21;0.64;9.09;0.02;1.85;0.62;0.0;0.29;0.0;0.1;0.0;0.85;0.52;28.81;1.01;10.0;0.0;0.0;0.0;43.65;0.02;0.22;0.11;0.0;0.0;0.0;0.0;0.0;0.0;0.0;0.0;0.0;0.0;0.0;0.0;0.0;0.0;39.02;0.0;0.0;0.0;58.73;0.0;0.0;0.0;0.0;0.0;0.0;0.0;0.0;0.0;0.0;0.0;0.0;0.0;0.0;0.0;0.0;0.0;0.0;0.0;0.0;0.0;0.0;0.0;0.0;0.0;0.0;0.0;0.0;0.0;0.0;0.0;0.0;0.0;0.0;0.0;0.0;0.0;0.0;0.0;0.0;0.0;0.0;0.0;0.0;0.0;0.0;0.0;0.0;0.0;0.0;0.0;0.0;100.0;2.25;0;0;1;0;0;0;0;0;0;0;0;0;0;0;0;0;0;0;0;0
ELVAS;18.0;710.0;17.0;114.0;579.0;372.0;1.0;3.0;3.0;0.0;0.0;0.0;0.0;22.0;185.0;14.0;44.0;127.0;611.0;10.0;236.0;17.0;0.0;180.0;39.0;0.0;15.0;217.0;19.0;34.0;164.0;466.0;34.0;269.0;6.0;0.0;181.0;81.0;1.0;29.0;281.0;37.0;61.0;183.0;419.0;29.0;261.0;3.0;0.0;174.0;78.0;6.0;45.0;368.0;48.0;88.0;232.0;429.0;31.0;283.0;2.0;11.0;202.0;68.0;0.0;38.0;509.0;84.0;127.0;298.0;460.0;22.0;311.0;2.0;21.0;221.0;54.0;13.0;46.0;646.0;116.0;244.0;286.0;427.0;23.0;294.0;0.0;29.0;222.0;32.0;11.0;49.0;836.0;195.0;302.0;339.0;424.0;12.0;232.0;0.0;27.0;165.0;31.0;9.0;69.0;953.0;350.0;303.0;300.0;367.0;0.0;179.0;0.0;18.0;132.0;18.0;11.0;71.0;967.0;450.0;231.0;286.0;330.0;0.0;175.0;0.0;20.0;138.0;10.0;7.0;72.0;844.0;574.0;114.0;156.0;184.0;0.0;120.0;0.0;30.0;81.0;7.0;2.0;105.0;877.0;656.0;77.0;144.0;92.0;0.0;100.0;0.0;42.0;51.0;2.0;5.0;794.0;1672.0;1358.0;126.0;188.0;97.0;0.0;97.0;0.0;42.0;49.0;2.0;4.0;9254.0;7918.0;1858.0;1700.0;3.26;2.28;2.28;90.03;1490.0;1094.0;5119.0;2170.0;1402.0;1074.0;5497.0;2884.0;0.0;0.0;0.0;0.0;1.0;0.0;0.0;0.0;0.0;0.0;0.0;0.0;0.0;0.0;0.0;0.0;2.74;1.79;20.15;0.1;1.2;2.18;0.0;0.36;0.08;0.06;0.0;1.04;0.67;4.06;0.49;16.21;0.0;0.0;0.0;48.63;0.01;0.21;0.02;0.0;0.0;10.12;0.0;0.0;0.0;0.0;0.0;0.0;0.0;0.0;0.0;0.0;0.0;32.32;0.0;0.0;0.0;3.98;0.0;0.0;0.0;0.0;0.0;0.0;0.0;0.0;0.0;0.0;0.0;0.0;0.0;0.0;0.0;0.0;0.0;0.0;0.0;0.0;0.0;0.0;0.0;0.0;0.0;0.0;0.0;0.0;0.0;0.0;0.0;0.0;0.0;0.0;0.0;39.21;0.0;0.0;0.0;0.0;0.0;0.0;0.0;0.0;0.0;0.0;0.0;0.0;0.0;0.0;0.0;0.0;100.0;14.37;0;0;0;0;0;0;0;0;0;0;0;0;1;0;0;0;0;0;0;0
ENTRONCAMENTO;12.0;723.0;7.0;108.0;608.0;380.0;0.0;0.0;0.0;0.0;0.0;0.0;0.0;8.0;154.0;14.0;23.0;117.0;603.0;17.0;278.0;10.0;0.0;217.0;51.0;0.0;27.0;167.0;11.0;23.0;133.0;367.0;35.0;366.0;12.0;0.0;216.0;136.0;2.0;21.0;226.0;24.0;40.0;162.0;377.0;53.0;341.0;9.0;3.0;203.0;121.0;5.0;35.0;324.0;25.0;50.0;249.0;472.0;51.0;451.0;6.0;26.0;323.0;93.0;3.0;20.0;369.0;40.0;70.0;259.0;503.0;56.0;497.0;0.0;33.0;406.0;54.0;4.0;27.0;476.0;55.0;135.0;286.0;562.0;39.0;479.0;0.0;47.0;388.0;41.0;3.0;30.0;586.0;97.0;174.0;315.0;512.0;20.0;395.0;0.0;49.0;296.0;43.0;7.0;28.0;706.0;157.0;186.0;363.0;500.0;2.0;368.0;0.0;24.0;286.0;54.0;4.0;36.0;687.0;208.0;167.0;312.0;326.0;0.0;257.0;0.0;31.0;181.0;38.0;7.0;49.0;652.0;347.0;116.0;189.0;188.0;0.0;138.0;0.0;40.0;86.0;11.0;1.0;50.0;728.0;474.0;96.0;158.0;72.0;0.0;76.0;0.0;33.0;41.0;1.0;1.0;356.0;1706.0;1363.0;132.0;211.0;114.0;0.0;87.0;0.0;51.0;34.0;1.0;1.0;8693.0;8091.0;1377.0;1980.0;2.45;5.73;5.73;0.0;1493.0;1089.0;5123.0;1784.0;1463.0;1086.0;5671.0;2432.0;0.0;0.0;0.0;0.0;0.0;0.0;0.0;0.0;0.0;1.0;0.0;0.0;0.0;0.0;0.0;0.0;6.19;1.51;12.93;0.18;1.21;4.9;0.0;1.1;0.17;0.19;0.0;0.64;1.34;4.7;0.0;22.87;0.0;0.0;0.0;41.6;0.05;0.34;0.07;0.0;7.06;11.79;0.0;0.0;0.0;0.0;0.0;0.0;0.0;0.0;0.0;0.0;0.0;34.09;0.0;0.0;0.0;6.24;0.0;0.0;0.0;0.0;0.0;0.0;0.0;0.0;0.0;0.0;0.0;0.0;0.0;0.0;0.0;0.0;0.0;0.0;0.0;0.0;0.0;0.0;0.0;0.0;0.0;0.0;0.0;0.0;0.0;0.0;0.0;0.0;0.0;0.0;0.0;0.0;0.0;0.0;0.0;0.0;0.0;0.0;0.0;0.0;0.0;0.0;0.0;0.0;0.0;0.0;0.0;0.0;100.0;40.82;0;0;0;0;0;0;0;0;0;0;0;0;0;0;1;0;0;0;0;0
ESPINHO;22.0;948.0;2.0;116.0;830.0;550.0;0.0;3.0;3.0;0.0;0.0;0.0;0.0;12.0;247.0;12.0;31.0;204.0;925.0;22.0;397.0;13.0;0.0;312.0;72.0;0.0;13.0;271.0;12.0;54.0;205.0;561.0;25.0;584.0;15.0;0.0;301.0;265.0;3.0;14.0;356.0;24.0;103.0;229.0;409.0;25.0;546.0;2.0;2.0;274.0;257.0;11.0;42.0;558.0;43.0;165.0;350.0;438.0;24.0;665.0;4.0;25.0;456.0;160.0;20.0;52.0;651.0;89.0;223.0;339.0;490.0;28.0;711.0;1.0;44.0;536.0;104.0;26.0;93.0;953.0;232.0;349.0;372.0;506.0;27.0;624.0;0.0;62.0;461.0;85.0;16.0;98.0;1249.0;402.0;436.0;411.0;474.0;18.0;451.0;0.0;62.0;299.0;70.0;20.0;106.0;1433.0;587.0;439.0;407.0;525.0;4.0;390.0;0.0;50.0;278.0;49.0;13.0;129.0;1541.0;769.0;405.0;367.0;423.0;0.0;336.0;0.0;49.0;244.0;33.0;10.0;159.0;1664.0;1239.0;165.0;260.0;268.0;0.0;282.0;0.0;40.0;208.0;26.0;8.0;179.0;1608.0;1202.0;114.0;292.0;179.0;0.0;204.0;0.0;64.0;124.0;10.0;6.0;788.0;2976.0;2466.0;173.0;337.0;157.0;0.0;310.0;0.0;101.0;189.0;14.0;6.0;12269.0;13304.0;2672.0;2798.0;1.43;2.46;2.46;0.0;1636.0;1603.0;7522.0;3700.0;1664.0;1523.0;8321.0;5074.0;0.0;0.0;0.0;0.0;0.0;0.0;0.0;0.0;1.0;0.0;0.0;0.0;0.0;1.0;0.0;0.19;4.43;1.6;3.96;0.03;1.02;4.1;0.08;0.75;0.09;0.14;0.0;0.9;1.34;3.52;0.56;30.34;0.0;0.0;0.0;46.46;0.0;0.36;0.14;0.0;3.89;2.6;0.0;0.0;0.0;0.0;0.0;0.0;1.69;2.32;0.0;0.0;0.0;42.42;0.0;0.0;0.0;5.1;0.0;0.0;0.0;0.0;0.0;0.0;0.0;0.0;0.0;0.0;0.0;0.0;0.0;0.0;0.0;0.0;0.0;0.0;0.0;0.0;0.0;0.0;0.0;0.0;0.0;0.0;0.0;0.0;0.0;0.0;0.0;0.0;0.0;0.0;0.0;0.0;0.0;0.0;0.0;0.0;0.0;0.0;0.0;0.0;0.0;0.0;0.0;0.0;0.0;0.0;0.0;0.0;99.99;41.97;1;0;0;0;0;0;0;0;0;0;0;0;0;0;0;0;0;0;0;0
ESPOSENDE;13.0;1099.0;2.0;100.0;997.0;789.0;3.0;3.0;3.0;0.0;0.0;0.0;0.0;10.0;149.0;5.0;12.0;132.0;1236.0;38.0;556.0;35.0;0.0;429.0;91.0;1.0;20.0;239.0;3.0;25.0;211.0;753.0;66.0;842.0;15.0;0.0;501.0;322.0;4.0;19.0;515.0;5.0;118.0;392.0;640.0;72.0;719.0;8.0;5.0;412.0;277.0;17.0;27.0;815.0;21.0;211.0;583.0;640.0;70.0;793.0;7.0;19.0;565.0;181.0;21.0;48.0;1158.0;57.0;542.0;559.0;754.0;47.0;802.0;0.0;35.0;632.0;111.0;24.0;44.0;1525.0;152.0;827.0;546.0;611.0;38.0;612.0;0.0;46.0;450.0;103.0;13.0;65.0;1719.0;430.0;770.0;519.0;440.0;18.0;377.0;0.0;33.0;266.0;60.0;18.0;86.0;1892.0;783.0;694.0;415.0;318.0;1.0;286.0;0.0;37.0;213.0;29.0;7.0;94.0;1744.0;861.0;528.0;355.0;263.0;0.0;247.0;0.0;30.0;173.0;31.0;13.0;108.0;1580.0;1262.0;147.0;171.0;135.0;0.0;215.0;0.0;44.0;153.0;12.0;6.0;152.0;1464.0;1251.0;94.0;119.0;79.0;0.0;135.0;0.0;42.0;80.0;5.0;8.0;899.0;2107.0;1925.0;67.0;115.0;50.0;0.0;117.0;0.0;44.0;67.0;4.0;2.0;14579.0;16139.0;2243.0;2171.0;1.26;2.41;2.41;86.82;2485.0;1940.0;9248.0;3116.0;2291.0;1956.0;10171.0;3925.0;26.8;0.0;0.0;0.0;0.0;0.0;0.0;0.0;0.0;1.0;0.0;0.0;0.0;0.0;0.02;0.0;3.29;3.38;6.63;0.14;1.45;4.05;0.09;0.78;0.11;0.12;0.0;0.99;1.05;1.93;0.0;43.95;0.0;0.0;0.0;31.34;0.18;0.38;0.13;0.0;0.0;4.01;0.0;0.0;0.0;0.0;0.0;0.0;0.0;0.0;0.0;0.0;0.0;20.25;0.0;0.0;0.0;3.64;0.0;0.0;0.0;0.0;0.0;0.0;0.0;0.0;0.0;0.0;0.0;0.0;0.0;0.0;0.0;0.0;0.0;0.0;0.0;0.0;0.0;0.0;0.0;0.0;0.0;0.0;0.0;0.0;0.0;0.0;0.0;0.0;0.0;0.0;0.0;0.0;0.0;0.0;0.0;0.0;0.0;0.0;0.0;0.0;0.0;0.0;0.0;0.0;0.0;0.0;0.0;0.0;100.01;72.11;0;0;0;0;0;0;0;0;0;0;0;0;0;1;0;0;0;0;0;0
ESTARREJA;12.0;858.0;2.0;132.0;724.0;446.0;2.0;0.0;0.0;0.0;0.0;0.0;0.0;10.0;277.0;7.0;42.0;228.0;806.0;19.0;279.0;19.0;0.0;205.0;55.0;0.0;22.0;337.0;17.0;62.0;258.0;585.0;33.0;425.0;13.0;0.0;233.0;177.0;2.0;33.0;483.0;38.0;99.0;346.0;439.0;33.0;375.0;8.0;1.0;216.0;142.0;8.0;42.0;654.0;51.0;162.0;441.0;491.0;34.0;387.0;2.0;22.0;277.0;77.0;9.0;31.0;771.0;97.0;265.0;409.0;497.0;19.0;409.0;3.0;25.0;317.0;52.0;12.0;74.0;990.0;197.0;392.0;401.0;460.0;30.0;314.0;0.0;38.0;235.0;38.0;3.0;85.0;1274.0;317.0;524.0;433.0;384.0;9.0;223.0;0.0;27.0;167.0;24.0;5.0;86.0;1384.0;483.0;496.0;405.0;367.0;4.0;180.0;0.0;24.0;112.0;33.0;11.0;79.0;1345.0;638.0;387.0;320.0;280.0;0.0;147.0;0.0;17.0;115.0;13.0;2.0;86.0;1252.0;968.0;121.0;163.0;149.0;0.0;124.0;0.0;34.0;78.0;7.0;5.0;91.0;1284.0;1056.0;102.0;126.0;87.0;0.0;101.0;0.0;43.0;52.0;4.0;2.0;604.0;2465.0;2191.0;98.0;176.0;62.0;0.0;89.0;0.0;43.0;42.0;1.0;3.0;10476.0;11725.0;2150.0;1862.0;1.2;2.68;2.68;0.0;1715.0;1393.0;6831.0;2751.0;1580.0;1316.0;6984.0;3643.0;31.1;0.0;0.0;0.0;0.0;0.0;0.0;0.0;0.0;1.0;0.0;0.0;0.0;1.0;0.0;0.12;3.85;2.33;6.53;0.06;1.46;3.25;0.08;0.7;0.11;0.11;0.0;1.1;1.03;2.63;0.53;34.72;0.0;0.0;0.0;40.77;0.0;0.5;0.12;0.0;0.0;3.93;0.0;0.0;0.0;0.0;0.0;0.0;0.0;0.0;0.0;0.0;0.0;35.23;0.0;0.0;0.0;5.75;0.0;0.0;0.0;0.0;0.0;0.0;0.0;0.0;0.0;0.0;0.0;0.0;0.0;0.0;0.0;0.0;0.0;0.0;0.0;0.0;0.0;0.0;0.0;0.0;0.0;0.0;0.0;0.0;0.0;0.0;0.0;0.0;0.0;0.0;0.0;0.0;0.0;0.0;0.0;0.0;0.0;0.0;0.0;0.0;0.0;0.0;0.0;0.0;0.0;0.0;0.0;0.0;100.0;55.09;1;0;0;0;0;0;0;0;0;0;0;0;0;0;0;0;0;0;0;0
ESTREMOZ;10.0;358.0;7.0;63.0;288.0;191.0;0.0;0.0;0.0;0.0;0.0;0.0;0.0;11.0;96.0;4.0;28.0;64.0;327.0;17.0;126.0;4.0;0.0;99.0;23.0;0.0;13.0;90.0;16.0;16.0;58.0;244.0;20.0;161.0;2.0;0.0;108.0;50.0;1.0;20.0;164.0;21.0;31.0;112.0;235.0;19.0;165.0;1.0;1.0;119.0;44.0;0.0;16.0;183.0;10.0;41.0;132.0;248.0;20.0;185.0;2.0;10.0;130.0;41.0;2.0;25.0;269.0;32.0;71.0;166.0;279.0;16.0;206.0;1.0;12.0;163.0;25.0;5.0;26.0;404.0;57.0;140.0;207.0;265.0;15.0;185.0;0.0;12.0;145.0;24.0;4.0;41.0;575.0;130.0;202.0;243.0;270.0;9.0;136.0;0.0;11.0;101.0;21.0;3.0;42.0;653.0;200.0;187.0;266.0;219.0;1.0;124.0;0.0;10.0;96.0;15.0;3.0;26.0;556.0;270.0;115.0;171.0;194.0;0.0;94.0;0.0;10.0;69.0;11.0;4.0;48.0;568.0;402.0;69.0;97.0;94.0;0.0;101.0;0.0;19.0;69.0;10.0;3.0;65.0;530.0;403.0;52.0;75.0;52.0;0.0;34.0;0.0;8.0;22.0;3.0;1.0;801.0;1270.0;1101.0;85.0;84.0;59.0;0.0;61.0;0.0;25.0;30.0;4.0;2.0;5045.0;5418.0;1314.0;903.0;1.89;2.25;2.25;95.72;732.0;594.0;3132.0;1561.0;716.0;542.0;3281.0;2122.0;0.0;0.0;0.0;0.0;0.0;0.0;0.0;0.0;1.0;0.0;0.0;0.0;0.0;0.0;0.0;0.0;3.31;0.89;10.53;0.01;0.97;1.61;0.0;0.32;0.01;0.09;0.0;0.65;0.61;10.13;0.0;20.26;0.0;0.0;0.0;50.15;0.02;0.29;0.16;0.0;0.0;4.95;0.0;0.0;0.0;0.0;0.0;0.0;4.84;0.0;0.0;0.0;0.0;45.93;0.0;0.0;0.0;7.93;0.0;0.0;0.0;0.0;0.0;0.0;0.0;0.0;0.0;0.0;0.0;0.0;0.0;0.0;0.0;0.0;0.0;0.0;0.0;0.0;0.0;0.0;0.0;0.0;0.0;0.0;0.0;0.0;0.0;0.0;0.0;0.0;0.0;0.0;0.0;0.0;0.0;0.0;0.0;0.0;0.0;0.0;0.0;0.0;0.0;0.0;0.0;0.0;0.0;0.0;0.0;0.0;97.87;34.22;0;0;0;0;0;0;0;0;0;0;0;0;0;0;0;0;0;0;0;1
EVORA;13.0;1807.0;7.0;250.0;1550.0;923.0;2.0;3.0;3.0;0.0;0.0;0.0;0.0;17.0;336.0;4.0;44.0;288.0;1630.0;42.0;843.0;19.0;0.0;711.0;113.0;0.0;25.0;399.0;24.0;64.0;311.0;987.0;94.0;1131.0;15.0;0.0;671.0;438.0;7.0;38.0;638.0;39.0;123.0;476.0;955.0;99.0;1095.0;16.0;4.0;625.0;422.0;28.0;39.0;786.0;64.0;170.0;552.0;1120.0;129.0;1299.0;9.0;28.0;879.0;339.0;44.0;57.0;1077.0;123.0;291.0;663.0;1388.0;112.0;1480.0;2.0;70.0;1066.0;286.0;56.0;73.0;1307.0;227.0;368.0;712.0;1219.0;75.0;1303.0;0.0;73.0;952.0;206.0;72.0;91.0;1587.0;370.0;534.0;683.0;986.0;65.0;1124.0;0.0;67.0;766.0;189.0;102.0;73.0;1860.0;573.0;565.0;722.0;927.0;9.0;944.0;0.0;52.0;640.0;156.0;96.0;112.0;1989.0;875.0;485.0;629.0;807.0;0.0;749.0;0.0;72.0;481.0;113.0;83.0;142.0;2235.0;1352.0;355.0;528.0;485.0;0.0;652.0;0.0;118.0;428.0;61.0;45.0;177.0;2145.0;1477.0;230.0;438.0;278.0;0.0;388.0;0.0;110.0;234.0;30.0;14.0;1448.0;4007.0;3132.0;334.0;541.0;260.0;0.0;412.0;0.0;153.0;211.0;23.0;25.0;24477.0;20422.0;4130.0;4548.0;2.64;3.19;3.19;111.98;3737.0;2908.0;13477.0;5323.0;3347.0;2708.0;14771.0;7306.0;0.0;0.0;0.0;0.0;0.0;0.0;0.0;1.0;0.0;0.0;0.0;0.0;0.0;1.0;0.0;0.0;3.07;1.19;8.34;0.09;1.07;2.53;0.0;0.5;0.18;0.1;0.0;0.56;1.09;15.54;0.0;18.87;0.0;0.0;0.0;46.3;0.05;0.44;0.08;0.0;3.94;7.05;0.0;0.0;0.0;0.0;0.0;0.0;13.25;0.0;0.0;0.0;0.0;27.35;0.0;0.0;0.0;28.59;0.0;0.0;0.0;0.0;0.0;0.0;0.0;0.0;0.0;0.0;0.0;0.0;0.0;0.0;0.0;0.0;0.0;0.0;0.0;0.0;0.0;0.0;0.0;0.0;0.0;0.0;0.0;0.0;0.0;0.0;0.0;0.0;0.0;0.0;0.0;0.0;0.0;0.0;0.0;0.0;0.0;0.0;0.0;0.0;0.0;0.0;0.0;0.0;0.0;0.0;0.0;0.0;100.0;19.82;0;0;0;0;0;0;0;0;0;0;0;0;0;0;0;0;0;0;0;1
FAFE;19.0;1470.0;1.0;169.0;1300.0;1015.0;6.0;4.0;4.0;0.0;0.0;0.0;0.0;9.0;453.0;8.0;43.0;402.0;1605.0;39.0;672.0;19.0;0.0;547.0;105.0;1.0;32.0;649.0;17.0;95.0;537.0;987.0;49.0;822.0;8.0;0.0;484.0;326.0;4.0;39.0;950.0;34.0;254.0;662.0;757.0;60.0;790.0;6.0;2.0;478.0;293.0;11.0;50.0;1310.0;63.0;425.0;822.0;750.0;54.0;750.0;5.0;12.0;547.0;175.0;11.0;58.0;1945.0;204.0;975.0;766.0;774.0;53.0;728.0;3.0;15.0;592.0;106.0;12.0;113.0;2462.0;447.0;1316.0;699.0;710.0;22.0;500.0;0.0;36.0;384.0;68.0;12.0;127.0;2681.0;761.0;1285.0;635.0;485.0;16.0;383.0;0.0;29.0;306.0;43.0;5.0;131.0;2873.0;1442.0;947.0;484.0;343.0;1.0;267.0;0.0;12.0;224.0;24.0;7.0;189.0;2919.0;1851.0;657.0;411.0;304.0;0.0;203.0;0.0;26.0;158.0;15.0;4.0;234.0;2864.0;2517.0;150.0;197.0;131.0;0.0;227.0;0.0;65.0;149.0;9.0;4.0;268.0;2287.0;2050.0;94.0;143.0;59.0;0.0;116.0;0.0;51.0;63.0;1.0;1.0;1660.0;3161.0;2981.0;77.0;103.0;48.0;0.0;131.0;0.0;70.0;58.0;1.0;2.0;18922.0;22951.0;3625.0;2999.0;0.76;1.27;1.27;76.86;3007.0;2680.0;12635.0;4765.0;2676.0;2612.0;13701.0;6421.0;26.5;0.0;0.0;0.0;0.0;0.0;0.0;0.0;1.0;0.0;0.0;0.0;0.0;0.0;0.04;0.0;2.66;1.26;6.29;0.16;1.07;2.37;0.12;0.43;0.11;0.07;0.0;0.9;0.87;2.3;0.0;31.21;0.0;0.0;0.0;49.32;0.19;0.56;0.08;0.0;0.0;4.32;0.0;0.0;0.0;0.0;0.0;0.0;5.14;0.0;0.0;0.0;0.0;56.82;0.0;0.0;0.0;4.15;0.0;0.0;0.0;0.0;0.0;0.0;0.0;0.0;0.0;0.0;0.0;0.0;0.0;0.0;0.0;0.0;0.0;0.0;0.0;0.0;0.0;0.0;0.0;0.0;0.0;0.0;0.0;0.0;0.0;0.0;0.0;0.0;0.0;0.0;0.0;0.0;0.0;0.0;0.0;0.0;0.0;0.0;0.0;0.0;0.0;0.0;0.0;0.0;0.0;0.0;0.0;0.0;100.0;29.57;0;0;0;1;0;0;0;0;0;0;0;0;0;0;0;0;0;0;0;0
FARO;21.0;2275.0;21.0;346.0;1908.0;1069.0;0.0;1.0;1.0;0.0;0.0;0.0;0.0;57.0;686.0;36.0;111.0;539.0;2025.0;55.0;835.0;16.0;0.0;700.0;119.0;0.0;96.0;689.0;69.0;102.0;518.0;1385.0;98.0;1454.0;22.0;0.0;1001.0;422.0;9.0;112.0;809.0;82.0;157.0;570.0;1269.0;120.0;1552.0;15.0;9.0;993.0;502.0;33.0;129.0;1094.0;86.0;229.0;779.0;1352.0;112.0;1956.0;18.0;100.0;1336.0;441.0;61.0;136.0;1307.0;141.0;291.0;875.0;1512.0;109.0;2145.0;6.0;137.0;1588.0;320.0;94.0;132.0;1633.0;273.0;445.0;915.0;1530.0;112.0;1948.0;0.0;185.0;1408.0;266.0;89.0;156.0;1976.0;480.0;567.0;929.0;1357.0;81.0;1290.0;0.0;141.0;869.0;169.0;111.0;193.0;2024.0;687.0;479.0;858.0;1235.0;8.0;957.0;0.0;89.0;633.0;144.0;91.0;260.0;2252.0;997.0;452.0;803.0;1104.0;0.0;885.0;0.0;117.0;591.0;108.0;69.0;215.0;2404.0;1485.0;311.0;608.0;747.0;0.0;731.0;0.0;129.0;496.0;69.0;37.0;280.0;2544.0;1601.0;241.0;702.0;410.0;0.0;444.0;0.0;111.0;259.0;43.0;31.0;1283.0;4773.0;3606.0;322.0;845.0;437.0;0.0;568.0;0.0;177.0;339.0;25.0;27.0;0.0;0.0;0.0;0.0;8.21;9.79;9.79;116.01;4668.0;3580.0;17465.0;6426.0;4525.0;3444.0;19104.0;8410.0;49.8;0.0;0.0;0.0;0.0;0.0;0.0;0.0;0.0;1.0;0.0;0.0;0.0;1.0;0.0;0.62;5.86;0.95;10.94;0.07;1.27;4.66;0.0;1.23;0.12;0.25;0.0;0.77;2.1;5.7;0.0;24.95;0.0;0.0;0.0;40.01;0.09;0.34;0.07;0.0;4.19;5.31;0.0;0.0;0.0;0.0;0.0;0.0;0.0;2.75;0.0;0.0;0.0;31.64;0.0;0.0;0.0;6.71;0.0;0.0;0.0;0.0;0.0;0.0;0.0;0.0;0.0;0.0;0.0;0.0;0.0;0.0;0.0;0.0;0.0;0.0;0.0;0.0;0.0;0.0;0.0;0.0;0.0;0.0;0.0;0.0;0.0;0.0;0.0;0.0;0.0;0.0;0.0;0.0;0.0;0.0;0.0;0.0;0.0;0.0;0.0;0.0;0.0;0.0;0.0;0.0;0.0;0.0;0.0;0.0;100.0;49.4;0;0;0;0;0;0;0;1;0;0;0;0;0;0;0;0;0;0;0;0
FELGUEIRAS;43.0;1913.0;3.0;209.0;1701.0;1154.0;9.0;2.0;2.0;0.0;0.0;0.0;0.0;28.0;709.0;2.0;78.0;629.0;2151.0;71.0;734.0;30.0;0.0;582.0;120.0;2.0;36.0;1076.0;18.0;162.0;896.0;1430.0;95.0;897.0;11.0;0.0;516.0;360.0;10.0;46.0;1381.0;51.0;373.0;957.0;1064.0;93.0;762.0;7.0;3.0;500.0;240.0;12.0;46.0;1830.0;116.0;600.0;1114.0;1020.0;56.0;648.0;5.0;8.0;477.0;146.0;12.0;88.0;2405.0;362.0;1166.0;877.0;890.0;46.0;544.0;0.0;23.0;440.0;68.0;13.0;98.0;3072.0;948.0;1279.0;845.0;759.0;27.0;400.0;0.0;29.0;316.0;47.0;8.0;145.0;3604.0;1664.0;1176.0;764.0;537.0;20.0;288.0;0.0;31.0;218.0;33.0;6.0;191.0;3725.0;2370.0;727.0;628.0;448.0;1.0;199.0;0.0;18.0;159.0;18.0;4.0;233.0;3281.0;2363.0;500.0;418.0;293.0;0.0;132.0;0.0;14.0;107.0;7.0;4.0;257.0;2695.0;2336.0;152.0;207.0;134.0;0.0;100.0;0.0;25.0;70.0;5.0;0.0;282.0;2020.0;1843.0;71.0;106.0;52.0;0.0;73.0;0.0;26.0;43.0;2.0;2.0;1528.0;2786.0;2631.0;60.0;95.0;43.0;0.0;81.0;0.0;48.0;28.0;4.0;1.0;22055.0;27259.0;3301.0;3233.0;0.73;0.87;0.87;0.0;3604.0;3538.0;15420.0;4402.0;3473.0;3276.0;16486.0;5649.0;0.0;0.0;0.0;0.0;0.0;0.0;0.0;0.0;1.0;0.0;0.0;0.0;0.0;0.0;0.06;0.09;2.75;1.43;4.86;0.15;0.98;2.64;0.04;0.6;0.08;0.08;0.12;0.97;0.85;1.67;0.0;32.35;0.0;0.0;0.0;49.34;0.06;0.79;0.09;0.0;0.0;2.03;0.0;1.53;0.0;0.0;0.0;0.0;0.0;0.0;0.0;0.0;0.0;70.15;0.0;0.0;0.0;1.93;0.0;0.0;0.0;0.0;0.0;0.0;0.0;0.0;0.0;0.0;0.0;0.0;0.0;0.0;0.0;0.0;0.0;0.0;0.0;0.0;0.0;0.0;0.0;0.0;0.0;0.0;0.0;0.0;0.0;0.0;0.0;0.0;0.0;0.0;0.0;0.0;0.0;0.0;0.0;0.0;0.0;0.0;0.0;0.0;0.0;0.0;0.0;0.0;0.0;0.0;0.0;0.0;100.0;24.36;0;0;0;0;0;0;0;0;0;0;0;0;0;1;0;0;0;0;0;0
FERREIRA DO ALENTEJO;3.0;226.0;4.0;48.0;174.0;100.0;0.0;0.0;0.0;0.0;0.0;0.0;0.0;9.0;82.0;3.0;14.0;65.0;192.0;11.0;59.0;7.0;0.0;44.0;8.0;0.0;12.0;135.0;7.0;30.0;98.0;152.0;12.0;73.0;2.0;0.0;56.0;14.0;1.0;23.0;168.0;15.0;55.0;98.0;158.0;9.0;74.0;4.0;1.0;55.0;13.0;1.0;23.0;178.0;16.0;52.0;110.0;134.0;14.0;98.0;0.0;4.0;78.0;16.0;0.0;21.0;228.0;22.0;75.0;131.0;190.0;9.0;104.0;1.0;4.0;88.0;10.0;1.0;14.0;259.0;44.0;85.0;130.0;127.0;5.0;73.0;0.0;7.0;56.0;10.0;0.0;26.0;287.0;65.0;108.0;114.0;103.0;4.0;66.0;0.0;4.0;49.0;11.0;2.0;18.0;376.0;138.0;117.0;121.0;87.0;0.0;47.0;0.0;3.0;32.0;6.0;6.0;27.0;404.0;226.0;83.0;95.0;76.0;0.0;45.0;0.0;3.0;37.0;2.0;3.0;56.0;458.0;335.0;59.0;64.0;39.0;0.0;28.0;0.0;3.0;21.0;2.0;2.0;70.0;434.0;363.0;24.0;47.0;15.0;0.0;17.0;0.0;5.0;10.0;2.0;0.0;441.0;650.0;581.0;34.0;35.0;18.0;0.0;12.0;0.0;5.0;7.0;0.0;0.0;3370.0;2895.0;861.0;558.0;3.45;9.58;9.58;74.93;474.0;363.0;2074.0;957.0;431.0;319.0;1785.0;1281.0;0.0;0.0;0.0;0.0;0.0;0.0;0.0;0.0;1.0;0.0;0.0;0.0;0.0;0.0;0.0;0.0;4.04;0.52;8.95;0.2;1.08;1.02;0.0;0.44;0.01;0.24;0.0;0.84;0.71;15.51;0.74;11.11;0.0;0.0;0.0;54.04;0.01;0.41;0.14;0.0;8.89;8.8;0.0;0.0;0.0;0.0;0.0;0.0;0.0;0.0;0.0;0.0;0.0;48.27;0.0;0.0;0.0;30.32;0.0;0.0;0.0;0.0;0.0;0.0;0.0;0.0;0.0;0.0;0.0;0.0;0.0;0.0;0.0;0.0;0.0;0.0;0.0;0.0;0.0;0.0;0.0;0.0;0.0;0.0;0.0;0.0;0.0;0.0;0.0;0.0;0.0;0.0;0.0;0.0;0.0;0.0;0.0;0.0;0.0;0.0;0.0;0.0;0.0;0.0;0.0;0.0;0.0;0.0;0.0;0.0;99.99;3.71;0;0;1;0;0;0;0;0;0;0;0;0;0;0;0;0;0;0;0;0
FERREIRA DO ZEZERE;3.0;227.0;2.0;28.0;197.0;101.0;1.0;1.0;1.0;0.0;0.0;0.0;0.0;3.0;41.0;3.0;5.0;33.0;238.0;7.0;92.0;9.0;0.0;69.0;14.0;0.0;3.0;52.0;1.0;6.0;45.0;137.0;14.0;112.0;3.0;0.0;71.0;37.0;1.0;8.0;104.0;5.0;15.0;84.0;141.0;12.0;81.0;0.0;0.0;55.0;23.0;3.0;10.0;154.0;10.0;21.0;123.0;145.0;12.0;72.0;0.0;2.0;49.0;20.0;1.0;6.0;204.0;22.0;70.0;112.0;168.0;15.0;82.0;1.0;6.0;66.0;7.0;2.0;16.0;282.0;67.0;95.0;120.0;120.0;7.0;54.0;0.0;8.0;36.0;8.0;2.0;16.0;391.0;146.0;133.0;112.0;72.0;1.0;45.0;0.0;7.0;29.0;5.0;4.0;33.0;385.0;168.0;113.0;104.0;103.0;0.0;47.0;0.0;10.0;34.0;1.0;2.0;51.0;426.0;255.0;94.0;77.0;77.0;0.0;30.0;0.0;8.0;19.0;3.0;0.0;70.0;446.0;362.0;37.0;47.0;59.0;0.0;28.0;0.0;4.0;19.0;5.0;0.0;67.0;430.0;371.0;23.0;36.0;20.0;0.0;16.0;0.0;6.0;7.0;2.0;1.0;419.0;956.0;879.0;28.0;49.0;13.0;0.0;21.0;0.0;10.0;10.0;0.0;1.0;2769.0;3596.0;913.0;522.0;2.45;4.19;4.19;0.0;429.0;378.0;1811.0;1068.0;424.0;336.0;1877.0;1477.0;0.0;0.0;0.0;0.0;0.0;0.0;0.0;0.0;1.0;0.0;0.0;0.0;0.0;0.0;0.0;0.0;2.4;2.02;8.66;0.22;1.24;2.85;0.0;0.59;0.23;0.12;0.0;1.46;1.29;1.54;0.0;33.58;0.0;0.0;0.0;42.77;0.13;0.68;0.23;0.0;0.0;1.42;0.0;0.0;0.0;0.0;0.0;0.0;3.1;0.0;0.0;0.0;0.0;59.06;0.0;0.0;0.0;0.9;0.0;0.0;0.0;0.0;0.0;0.0;0.0;0.0;0.0;0.0;0.0;0.0;0.0;0.0;0.0;0.0;0.0;0.0;0.0;0.0;0.0;0.0;0.0;0.0;0.0;0.0;0.0;0.0;0.0;0.0;0.0;0.0;0.0;0.0;0.0;0.0;0.0;0.0;0.0;0.0;0.0;0.0;0.0;0.0;0.0;0.0;0.0;0.0;0.0;0.0;0.0;0.0;100.0;35.52;0;0;0;0;0;0;0;0;0;0;0;0;0;0;1;0;0;0;0;0
FIGUEIRA DA FOZ;21.0;1776.0;4.0;206.0;1566.0;1045.0;1.0;4.0;4.0;0.0;0.0;0.0;0.0;23.0;341.0;14.0;50.0;277.0;1637.0;44.0;727.0;42.0;0.0;570.0;114.0;1.0;26.0;397.0;18.0;67.0;312.0;1001.0;81.0;949.0;25.0;0.0;520.0;399.0;5.0;38.0;598.0;29.0;99.0;470.0;950.0;71.0;878.0;10.0;5.0;505.0;348.0;10.0;53.0;907.0;47.0;149.0;711.0;1115.0;81.0;1065.0;12.0;46.0;709.0;284.0;14.0;84.0;1291.0;103.0;294.0;894.0;1323.0;93.0;1303.0;6.0;85.0;1000.0;182.0;30.0;104.0;1742.0;249.0;543.0;950.0;1290.0;83.0;1230.0;0.0;112.0;939.0;140.0;39.0;125.0;2153.0;457.0;758.0;938.0;1056.0;41.0;864.0;0.0;82.0;630.0;123.0;29.0;131.0;2616.0;827.0;838.0;951.0;990.0;7.0;735.0;0.0;50.0;560.0;103.0;22.0;157.0;2934.0;1385.0;685.0;864.0;881.0;0.0;628.0;0.0;60.0;480.0;68.0;20.0;244.0;3035.0;2081.0;359.0;595.0;515.0;0.0;524.0;0.0;120.0;351.0;40.0;13.0;355.0;2969.0;2188.0;250.0;531.0;312.0;0.0;410.0;0.0;124.0;259.0;20.0;7.0;2028.0;5542.0;4569.0;346.0;627.0;296.0;0.0;441.0;0.0;166.0;252.0;13.0;10.0;22634.0;25503.0;5385.0;5429.0;2.28;4.19;4.19;0.0;3419.0;2879.0;14370.0;7215.0;3171.0;2740.0;15701.0;9456.0;25.7;0.0;1.0;0.0;0.0;0.0;0.0;0.0;0.0;0.0;0.0;0.0;0.0;0.0;0.27;0.0;4.91;1.12;7.85;0.07;1.64;2.84;0.0;0.81;0.1;0.16;0.0;1.45;1.12;3.38;0.39;25.62;0.0;0.0;0.0;47.62;0.0;0.54;0.1;0.0;2.15;0.0;0.0;0.0;0.0;0.0;0.0;0.0;0.0;0.0;0.0;0.0;0.0;40.2;0.0;0.0;0.0;2.8;0.0;0.0;0.0;0.0;0.0;0.0;0.0;0.0;0.0;0.0;0.0;0.0;0.0;0.0;0.0;0.0;0.0;0.0;0.0;0.0;0.0;42.29;0.0;0.0;0.0;0.0;0.0;0.0;0.0;0.0;0.0;0.0;0.0;0.0;0.0;0.0;0.0;0.0;0.0;0.0;0.0;0.0;0.0;0.0;0.0;0.0;0.0;0.0;0.0;0.0;0.0;0.0;99.99;12.55;0;0;0;0;0;0;1;0;0;0;0;0;0;0;0;0;0;0;0;0
FIGUEIRA DE CASTELO RODRIGO;1.0;123.0;3.0;19.0;101.0;62.0;1.0;0.0;0.0;0.0;0.0;0.0;0.0;3.0;52.0;4.0;15.0;33.0;106.0;5.0;39.0;4.0;0.0;31.0;4.0;0.0;2.0;53.0;5.0;8.0;40.0;72.0;4.0;49.0;3.0;0.0;36.0;10.0;0.0;6.0;72.0;5.0;20.0;47.0;65.0;2.0;57.0;2.0;0.0;38.0;17.0;0.0;4.0;119.0;13.0;24.0;82.0;71.0;2.0;52.0;0.0;1.0;42.0;7.0;2.0;16.0;129.0;20.0;37.0;72.0;70.0;2.0;57.0;0.0;1.0;44.0;12.0;0.0;17.0;145.0;33.0;58.0;54.0;67.0;4.0;49.0;0.0;6.0;35.0;7.0;1.0;14.0;219.0;69.0;77.0;73.0;42.0;5.0;30.0;0.0;0.0;26.0;3.0;1.0;16.0;274.0;139.0;70.0;65.0;44.0;2.0;27.0;0.0;2.0;21.0;4.0;0.0;28.0;321.0;199.0;58.0;64.0;57.0;0.0;27.0;0.0;4.0;22.0;0.0;1.0;34.0;332.0;261.0;28.0;43.0;26.0;0.0;36.0;0.0;12.0;21.0;1.0;2.0;35.0;321.0;263.0;20.0;38.0;14.0;0.0;17.0;0.0;6.0;11.0;0.0;0.0;298.0;803.0;744.0;32.0;27.0;14.0;0.0;26.0;0.0;19.0;4.0;2.0;1.0;1717.0;2429.0;723.0;279.0;1.58;1.59;1.59;0.0;250.0;207.0;1151.0;846.0;258.0;185.0;1141.0;1110.0;42.0;0.0;0.0;0.0;0.0;0.0;0.0;0.0;0.0;1.0;0.0;0.0;0.0;0.0;0.0;0.0;1.84;2.48;8.75;0.08;0.65;0.92;0.0;0.43;0.01;0.0;0.0;1.17;0.48;0.92;0.0;38.49;0.0;0.0;0.0;42.96;0.03;0.75;0.04;0.0;0.0;0.0;0.0;0.0;0.0;0.24;0.0;0.0;0.0;0.0;0.0;0.0;0.0;47.06;0.0;0.0;0.0;0.63;0.0;0.0;0.0;0.0;0.0;0.0;0.0;0.0;0.0;0.0;0.0;0.0;0.0;0.0;0.0;0.0;0.0;0.0;0.0;0.0;0.0;0.0;0.0;0.0;0.0;0.0;0.0;0.0;0.0;0.0;0.0;0.0;0.0;0.0;0.0;0.0;0.0;0.0;0.0;0.0;0.0;0.0;0.0;0.0;0.0;0.0;0.0;0.0;0.0;0.0;0.0;0.0;100.0;52.07;0;0;0;0;0;0;0;0;1;0;0;0;0;0;0;0;0;0;0;0
FIGUEIRO DOS VINHOS;2.0;114.0;0.0;16.0;98.0;79.0;0.0;0.0;0.0;0.0;0.0;0.0;0.0;1.0;32.0;0.0;4.0;28.0;125.0;10.0;37.0;2.0;0.0;27.0;8.0;0.0;4.0;45.0;1.0;10.0;34.0;78.0;5.0;61.0;1.0;0.0;40.0;19.0;1.0;6.0;72.0;2.0;20.0;50.0;86.0;7.0;42.0;2.0;0.0;23.0;16.0;1.0;7.0;82.0;1.0;22.0;59.0;64.0;7.0;49.0;3.0;3.0;34.0;9.0;0.0;6.0;115.0;21.0;26.0;68.0;115.0;15.0;56.0;0.0;5.0;40.0;10.0;1.0;7.0;193.0;46.0;53.0;94.0;101.0;7.0;45.0;0.0;4.0;36.0;4.0;1.0;11.0;214.0;80.0;66.0;68.0;69.0;6.0;47.0;0.0;4.0;35.0;7.0;1.0;25.0;290.0;159.0;69.0;62.0;59.0;0.0;49.0;0.0;4.0;40.0;5.0;0.0;28.0;369.0;204.0;84.0;81.0;61.0;0.0;32.0;0.0;2.0;24.0;5.0;1.0;40.0;358.0;280.0;29.0;49.0;36.0;0.0;29.0;0.0;6.0;19.0;3.0;1.0;41.0;371.0;311.0;26.0;34.0;18.0;0.0;17.0;0.0;5.0;12.0;0.0;0.0;281.0;631.0;569.0;26.0;36.0;16.0;0.0;20.0;0.0;8.0;12.0;0.0;0.0;1774.0;2435.0;676.0;396.0;1.38;4.83;4.83;0.0;268.0;215.0;1239.0;782.0;220.0;185.0;1296.0;1076.0;20.5;0.0;0.0;0.0;0.0;0.0;0.0;0.0;1.0;0.0;0.0;0.0;0.0;1.0;0.0;0.32;2.35;1.5;7.48;0.01;0.66;2.2;0.0;0.65;0.08;0.5;0.08;1.7;0.95;1.62;0.0;37.92;0.0;0.0;0.0;41.59;0.0;0.37;0.01;0.0;0.0;1.24;0.0;0.0;0.0;0.0;0.0;0.0;0.0;0.0;0.0;0.0;0.0;45.57;0.0;0.0;0.0;0.72;0.0;0.0;0.0;0.0;0.0;0.0;0.0;0.0;0.0;0.0;0.0;0.0;0.0;0.0;0.0;0.0;0.0;0.0;0.0;0.0;0.0;0.0;0.0;0.0;0.0;0.0;0.0;0.0;0.0;0.0;0.0;0.0;0.0;0.0;20.64;0.0;0.0;0.0;0.0;0.0;0.0;0.0;0.0;0.0;0.0;0.0;0.0;0.0;0.0;0.0;0.0;0.0;100.0;31.83;0;0;0;0;0;0;0;0;0;1;0;0;0;0;0;0;0;0;0;0
FORNOS DE ALGODRES;2.0;114.0;0.0;17.0;97.0;60.0;0.0;0.0;0.0;0.0;0.0;0.0;0.0;1.0;16.0;0.0;1.0;15.0;134.0;3.0;35.0;3.0;0.0;25.0;7.0;0.0;1.0;33.0;1.0;6.0;26.0;73.0;3.0;54.0;1.0;0.0;36.0;16.0;1.0;4.0;58.0;2.0;13.0;43.0;60.0;2.0;51.0;0.0;0.0;35.0;15.0;1.0;9.0;93.0;11.0;18.0;64.0;72.0;7.0;30.0;0.0;1.0;23.0;6.0;0.0;4.0;102.0;21.0;35.0;46.0;67.0;1.0;46.0;0.0;4.0;37.0;4.0;1.0;19.0;155.0;40.0;60.0;55.0;62.0;0.0;37.0;0.0;5.0;25.0;5.0;2.0;17.0;179.0;71.0;63.0;45.0;57.0;1.0;30.0;0.0;3.0;22.0;2.0;3.0;22.0;254.0;154.0;51.0;49.0;42.0;0.0;23.0;0.0;1.0;21.0;1.0;0.0;21.0;300.0;209.0;47.0;44.0;32.0;0.0;19.0;0.0;3.0;13.0;3.0;0.0;40.0;284.0;240.0;21.0;23.0;15.0;0.0;15.0;0.0;0.0;13.0;2.0;0.0;35.0;238.0;211.0;12.0;15.0;9.0;0.0;7.0;0.0;4.0;3.0;0.0;0.0;318.0;607.0;557.0;28.0;22.0;7.0;0.0;23.0;0.0;13.0;10.0;0.0;0.0;1435.0;2177.0;568.0;223.0;0.7;1.39;1.39;0.0;190.0;171.0;1015.0;663.0;210.0;194.0;1025.0;935.0;27.5;0.0;0.0;0.0;0.0;0.0;0.0;0.0;1.0;0.0;0.0;0.0;0.0;1.0;0.0;0.0;1.67;3.35;6.74;0.11;1.09;1.02;0.0;0.18;0.02;0.01;0.0;1.12;0.84;1.18;0.0;36.4;0.0;0.0;0.0;45.41;0.12;0.61;0.13;0.0;0.0;0.0;0.0;0.0;0.0;0.0;0.0;0.0;0.0;0.0;0.0;0.0;0.0;62.9;0.0;0.0;0.0;1.39;0.0;0.0;0.0;0.0;0.0;0.0;0.0;0.0;0.0;0.0;0.0;0.0;0.0;0.0;0.0;0.0;0.0;0.0;0.0;0.0;0.0;0.0;0.0;0.0;0.0;0.0;0.0;0.0;0.0;0.0;0.0;0.0;0.0;0.0;0.0;0.0;0.0;0.0;0.0;0.0;0.0;0.0;0.0;0.0;0.0;0.0;0.0;0.0;0.0;0.0;0.0;0.0;100.0;35.71;0;0;0;0;0;0;0;0;1;0;0;0;0;0;0;0;0;0;0;0
FREIXO DE ESPADA A CINTA;0.0;93.0;2.0;12.0;79.0;30.0;0.0;0.0;0.0;0.0;0.0;0.0;0.0;1.0;32.0;0.0;6.0;26.0;72.0;1.0;18.0;2.0;0.0;16.0;0.0;0.0;1.0;36.0;4.0;9.0;23.0;52.0;1.0;22.0;0.0;0.0;16.0;5.0;1.0;2.0;48.0;5.0;6.0;37.0;48.0;5.0;18.0;0.0;0.0;14.0;4.0;0.0;8.0;70.0;12.0;17.0;41.0;51.0;4.0;41.0;1.0;0.0;29.0;10.0;1.0;3.0;99.0;12.0;38.0;49.0;55.0;0.0;35.0;0.0;1.0;29.0;5.0;0.0;5.0;130.0;20.0;55.0;55.0;49.0;2.0;16.0;0.0;3.0;12.0;1.0;0.0;11.0;130.0;39.0;49.0;42.0;28.0;2.0;14.0;0.0;3.0;10.0;0.0;1.0;10.0;152.0;90.0;33.0;29.0;34.0;0.0;2.0;0.0;0.0;2.0;0.0;0.0;9.0;211.0;134.0;42.0;35.0;36.0;0.0;7.0;0.0;0.0;6.0;0.0;1.0;19.0;181.0;157.0;10.0;14.0;21.0;0.0;16.0;0.0;4.0;12.0;0.0;0.0;26.0;210.0;187.0;10.0;13.0;7.0;0.0;13.0;0.0;7.0;6.0;0.0;0.0;248.0;435.0;406.0;11.0;18.0;6.0;0.0;18.0;0.0;3.0;14.0;1.0;0.0;1089.0;1480.0;441.0;206.0;2.41;2.05;2.05;0.0;158.0;128.0;733.0;513.0;164.0;119.0;714.0;687.0;0.0;0.0;0.0;0.0;0.0;0.0;0.0;0.0;1.0;0.0;0.0;0.0;0.0;0.0;0.0;0.0;3.23;0.51;6.8;0.0;0.72;0.75;0.0;0.19;0.0;0.02;0.0;0.88;0.26;2.56;0.0;29.48;0.0;0.0;0.0;53.84;0.0;0.76;0.0;0.0;0.0;0.0;0.0;0.0;0.0;0.0;0.0;0.0;0.0;0.0;0.0;0.0;0.0;65.21;0.0;0.0;0.0;0.99;0.0;0.0;0.0;0.0;0.0;0.0;0.0;0.0;0.0;0.0;0.0;0.0;0.0;0.0;0.0;0.0;0.0;0.0;0.0;0.0;0.0;0.0;0.0;0.0;0.0;0.0;0.0;0.0;0.0;0.0;0.0;0.0;0.0;0.0;0.0;0.0;0.0;0.0;0.0;0.0;0.0;0.0;0.0;0.0;0.0;0.0;0.0;0.0;0.0;0.0;0.0;0.0;100.0;33.8;0;0;0;0;1;0;0;0;0;0;0;0;0;0;0;0;0;0;0;0
FRONTEIRA;1.0;92.0;0.0;18.0;74.0;36.0;0.0;0.0;0.0;0.0;0.0;0.0;0.0;1.0;13.0;0.0;1.0;12.0;79.0;2.0;21.0;1.0;0.0;19.0;1.0;0.0;1.0;18.0;2.0;6.0;10.0;37.0;7.0;29.0;0.0;0.0;22.0;7.0;0.0;0.0;30.0;2.0;3.0;25.0;64.0;8.0;18.0;1.0;0.0;14.0;3.0;0.0;2.0;41.0;1.0;9.0;31.0;56.0;6.0;38.0;0.0;0.0;31.0;7.0;0.0;3.0;81.0;11.0;16.0;54.0;63.0;2.0;45.0;0.0;2.0;32.0;11.0;0.0;3.0;93.0;15.0;27.0;51.0;43.0;2.0;28.0;0.0;1.0;23.0;2.0;2.0;5.0;109.0;22.0;49.0;38.0;37.0;3.0;27.0;0.0;5.0;19.0;3.0;0.0;7.0;145.0;43.0;50.0;52.0;52.0;0.0;18.0;0.0;0.0;14.0;3.0;1.0;6.0;174.0;80.0;54.0;40.0;31.0;0.0;26.0;0.0;4.0;17.0;4.0;1.0;14.0;188.0;135.0;31.0;22.0;14.0;0.0;21.0;0.0;10.0;10.0;0.0;1.0;18.0;167.0;127.0;16.0;24.0;4.0;0.0;8.0;0.0;3.0;5.0;0.0;0.0;197.0;302.0;265.0;15.0;22.0;9.0;0.0;15.0;0.0;4.0;9.0;0.0;2.0;1028.0;1356.0;313.0;161.0;2.2;1.5;1.5;76.22;161.0;130.0;671.0;394.0;137.0;115.0;687.0;563.0;0.0;0.0;0.0;0.0;0.0;0.0;0.0;0.0;0.0;1.0;0.0;0.0;0.0;0.0;0.0;0.0;2.14;0.64;11.02;0.0;1.56;2.18;0.0;0.32;0.0;0.72;0.0;0.93;0.07;9.16;0.51;27.81;0.0;0.0;0.0;42.94;0.0;0.0;0.0;0.0;0.0;8.96;0.0;0.0;0.0;0.0;0.0;0.0;0.0;0.0;0.0;0.0;0.0;23.56;0.0;0.0;0.0;5.76;0.0;0.0;0.0;0.0;0.0;0.0;0.0;0.0;0.0;0.0;0.0;0.0;0.0;0.0;0.0;0.0;0.0;0.0;0.0;0.0;0.0;0.0;0.0;0.0;0.0;0.0;0.0;0.0;0.0;0.0;0.0;0.0;0.0;0.0;0.0;0.0;0.0;0.0;0.0;0.0;0.0;0.0;0.0;0.0;0.0;0.0;0.0;0.0;0.0;0.0;0.0;0.0;100.0;61.72;0;0;0;0;0;0;0;0;0;0;0;0;1;0;0;0;0;0;0;0
FUNCHAL;55.0;3397.0;24.0;451.0;2922.0;2075.0;5.0;8.0;8.0;0.0;0.0;0.0;0.0;75.0;814.0;31.0;134.0;649.0;3238.0;67.0;1391.0;65.0;0.0;1113.0;208.0;5.0;132.0;942.0;55.0;219.0;668.0;1990.0;171.0;1886.0;57.0;0.0;1101.0;711.0;17.0;128.0;1375.0;148.0;363.0;864.0;1626.0;182.0;1986.0;28.0;14.0;1154.0;766.0;24.0;136.0;2032.0;168.0;517.0;1347.0;1901.0;216.0;2418.0;30.0;75.0;1692.0;576.0;45.0;190.0;2343.0;296.0;736.0;1311.0;2067.0;227.0;2940.0;14.0;127.0;2326.0;390.0;83.0;284.0;3327.0;719.0;1294.0;1314.0;2109.0;172.0;2609.0;0.0;131.0;2113.0;310.0;55.0;402.0;4270.0;1430.0;1641.0;1199.0;1834.0;98.0;1922.0;0.0;163.0;1471.0;233.0;55.0;496.0;5298.0;2268.0;1634.0;1396.0;1821.0;17.0;1526.0;0.0;118.0;1167.0;183.0;58.0;521.0;4960.0;2837.0;984.0;1139.0;1429.0;0.0;1164.0;0.0;126.0;869.0;125.0;44.0;553.0;4708.0;3312.0;613.0;783.0;774.0;0.0;808.0;0.0;144.0;561.0;66.0;37.0;576.0;4273.0;3199.0;377.0;697.0;432.0;0.0;491.0;0.0;118.0;318.0;36.0;19.0;2241.0;6776.0;5345.0;507.0;924.0;530.0;0.0;701.0;0.0;272.0;386.0;31.0;12.0;48167.0;39397.0;8498.0;9720.0;2.48;2.94;2.94;109.59;6472.0;5706.0;27987.0;8980.0;6175.0;5419.0;31160.0;13883.0;32.8;0.0;0.0;0.0;0.0;0.0;0.0;0.0;0.0;1.0;0.0;0.0;0.0;0.0;0.0;0.4;3.55;0.0;5.87;0.13;0.58;4.49;3.62;0.82;0.19;0.36;0.0;1.72;1.84;2.6;0.0;0.0;40.4;0.0;0.13;32.42;0.44;0.41;0.0;0.0;0.0;2.65;0.0;1.29;1.74;0.45;0.0;0.0;0.0;0.0;0.0;0.0;0.46;40.93;1.14;0.0;0.0;2.98;0.0;0.0;0.0;0.0;0.0;0.0;0.0;0.0;0.0;0.0;0.0;0.0;0.0;0.0;0.0;0.0;0.0;0.0;0.0;0.0;0.0;0.0;0.0;0.0;0.0;0.0;0.0;0.0;0.0;0.0;0.0;0.0;0.0;0.0;0.0;0.0;0.0;0.0;0.0;0.0;0.0;0.0;0.0;0.0;0.0;0.0;0.0;0.0;0.0;0.0;0.0;0.0;99.98;48.34;0;0;0;0;0;0;0;0;0;0;0;1;0;0;0;0;0;0;0;0
FUNDAO;13.0;713.0;16.0;102.0;595.0;407.0;4.0;5.0;5.0;0.0;0.0;0.0;0.0;12.0;144.0;16.0;19.0;109.0;727.0;20.0;283.0;27.0;0.0;204.0;52.0;0.0;22.0;158.0;15.0;23.0;120.0;415.0;45.0;426.0;10.0;0.0;253.0;160.0;3.0;22.0;267.0;17.0;39.0;211.0;398.0;50.0;426.0;5.0;3.0;269.0;143.0;6.0;22.0;429.0;38.0;77.0;314.0;487.0;46.0;449.0;7.0;22.0;306.0;106.0;8.0;30.0;634.0;72.0;181.0;381.0;502.0;36.0;411.0;2.0;34.0;286.0;78.0;11.0;46.0;806.0;150.0;244.0;412.0;431.0;22.0;362.0;0.0;53.0;248.0;47.0;14.0;51.0;1081.0;247.0;366.0;468.0;376.0;15.0;266.0;0.0;38.0;179.0;39.0;10.0;73.0;1333.0;516.0;384.0;433.0;346.0;3.0;221.0;0.0;19.0;161.0;30.0;11.0;110.0;1542.0;810.0;331.0;401.0;322.0;0.0;201.0;0.0;21.0;151.0;21.0;8.0;142.0;1628.0;1199.0;155.0;274.0;205.0;0.0;159.0;0.0;47.0;100.0;8.0;4.0;141.0;1516.0;1252.0;101.0;163.0;66.0;0.0;104.0;0.0;29.0;65.0;7.0;3.0;1605.0;2889.0;2598.0;122.0;169.0;56.0;0.0;103.0;0.0;46.0;53.0;2.0;2.0;9349.0;12391.0;2918.0;1845.0;1.61;3.26;3.26;0.0;1388.0;1243.0;6393.0;3717.0;1291.0;1085.0;6489.0;4897.0;42.5;0.0;0.0;0.0;0.0;0.0;0.0;0.0;0.0;1.0;0.0;0.0;0.0;1.0;0.0;0.15;4.19;1.73;8.83;0.02;1.62;1.81;0.0;0.64;0.15;0.09;0.11;1.66;0.7;2.56;0.36;25.52;0.0;0.0;0.0;49.43;0.1;0.32;0.0;0.0;0.0;4.59;0.0;0.0;0.0;0.0;0.0;0.0;0.0;0.0;0.0;0.0;0.0;29.38;0.0;0.0;0.0;5.88;0.0;0.0;0.0;0.0;0.0;0.0;0.0;0.0;0.0;0.0;0.0;0.0;0.0;0.0;0.0;0.0;0.0;0.0;0.0;0.0;0.0;0.0;0.0;0.0;0.0;0.0;0.0;0.0;0.0;0.0;0.0;0.0;0.0;0.0;0.0;0.0;0.0;0.0;0.0;0.0;0.0;0.0;0.0;0.0;0.0;0.0;0.0;0.0;0.0;0.0;0.0;0.0;99.99;60.14;0;0;0;0;0;1;0;0;0;0;0;0;0;0;0;0;0;0;0;0
GAVIAO;2.0;77.0;0.0;6.0;71.0;40.0;0.0;0.0;0.0;0.0;0.0;0.0;0.0;0.0;21.0;0.0;0.0;21.0;77.0;0.0;17.0;1.0;0.0;10.0;6.0;0.0;0.0;28.0;0.0;8.0;20.0;42.0;2.0;32.0;2.0;0.0;20.0;10.0;0.0;2.0;23.0;2.0;4.0;17.0;46.0;1.0;16.0;0.0;0.0;14.0;2.0;0.0;1.0;50.0;7.0;7.0;36.0;52.0;3.0;30.0;1.0;0.0;21.0;8.0;0.0;3.0;76.0;10.0;19.0;47.0;60.0;2.0;20.0;0.0;0.0;16.0;4.0;0.0;4.0;129.0;26.0;44.0;59.0;59.0;3.0;31.0;0.0;4.0;25.0;1.0;1.0;3.0;162.0;33.0;56.0;73.0;31.0;2.0;12.0;0.0;1.0;9.0;2.0;0.0;8.0;179.0;56.0;57.0;66.0;49.0;0.0;17.0;0.0;3.0;11.0;2.0;1.0;13.0;230.0;104.0;65.0;61.0;27.0;0.0;19.0;0.0;4.0;14.0;1.0;0.0;11.0;216.0;167.0;19.0;30.0;20.0;0.0;15.0;0.0;4.0;11.0;0.0;0.0;18.0;214.0;174.0;15.0;25.0;10.0;0.0;12.0;0.0;6.0;4.0;2.0;0.0;235.0;654.0;602.0;18.0;34.0;11.0;0.0;12.0;0.0;4.0;7.0;1.0;0.0;980.0;1633.0;564.0;217.0;0.63;1.18;1.18;70.87;142.0;119.0;734.0;586.0;123.0;115.0;733.0;842.0;0.0;0.0;0.0;0.0;0.0;0.0;0.0;0.0;1.0;0.0;0.0;0.0;0.0;1.0;0.0;0.0;3.68;0.58;7.48;0.03;0.95;0.57;0.0;0.29;0.12;0.36;0.0;0.77;0.91;9.18;0.94;14.39;0.0;0.0;0.0;59.34;0.0;0.28;0.12;0.0;0.0;3.85;0.0;0.0;0.0;0.0;0.0;0.0;0.0;0.0;0.0;0.0;0.0;49.34;0.0;0.0;0.0;25.63;0.0;0.0;0.0;0.0;0.0;0.0;0.0;0.0;0.0;0.0;0.0;0.0;0.0;0.0;0.0;0.0;0.0;0.0;0.0;0.0;0.0;0.0;0.0;0.0;0.0;0.0;0.0;0.0;0.0;0.0;0.0;0.0;0.0;0.0;0.0;0.0;0.0;0.0;0.0;0.0;0.0;0.0;0.0;0.0;0.0;0.0;0.0;0.0;0.0;0.0;0.0;0.0;99.99;21.17;0;0;0;0;0;0;0;0;0;0;0;0;1;0;0;0;0;0;0;0
GOIS;1.0;88.0;0.0;12.0;76.0;59.0;0.0;0.0;0.0;0.0;0.0;0.0;0.0;0.0;23.0;0.0;1.0;22.0;103.0;2.0;38.0;3.0;0.0;28.0;7.0;0.0;0.0;19.0;0.0;3.0;16.0;57.0;3.0;44.0;1.0;0.0;30.0;12.0;1.0;3.0;38.0;0.0;10.0;28.0;56.0;6.0;35.0;0.0;0.0;21.0;14.0;0.0;2.0;68.0;2.0;8.0;58.0;48.0;0.0;34.0;0.0;1.0;22.0;11.0;0.0;6.0;107.0;9.0;33.0;65.0;76.0;5.0;36.0;0.0;3.0;27.0;5.0;1.0;9.0;135.0;22.0;51.0;62.0;79.0;1.0;35.0;0.0;5.0;20.0;9.0;1.0;5.0;158.0;53.0;52.0;53.0;44.0;1.0;20.0;0.0;0.0;16.0;3.0;1.0;19.0;198.0;104.0;44.0;50.0;62.0;0.0;15.0;0.0;1.0;11.0;3.0;0.0;20.0;231.0;144.0;40.0;47.0;41.0;0.0;27.0;0.0;3.0;18.0;5.0;1.0;20.0;253.0;188.0;23.0;42.0;28.0;0.0;14.0;0.0;4.0;8.0;1.0;1.0;22.0;242.0;197.0;19.0;26.0;12.0;0.0;12.0;0.0;2.0;10.0;0.0;0.0;286.0;517.0;471.0;26.0;20.0;19.0;0.0;13.0;0.0;4.0;6.0;3.0;0.0;1220.0;1776.0;520.0;295.0;2.37;5.2;5.2;0.0;143.0;170.0;856.0;599.0;173.0;144.0;887.0;839.0;25.1;0.0;0.0;0.0;0.0;0.0;0.0;0.0;0.0;1.0;0.0;0.0;0.0;0.0;0.24;0.0;3.48;1.52;3.03;0.0;1.33;1.26;0.0;0.7;0.04;0.0;0.0;1.99;0.87;1.41;0.14;35.43;0.0;0.0;0.0;48.03;0.0;0.44;0.1;0.0;0.0;0.0;0.0;0.0;0.0;0.0;0.0;0.0;0.0;0.0;0.0;0.0;0.0;19.32;0.0;0.0;0.0;3.1;0.0;0.0;0.0;0.0;0.0;0.0;0.0;0.0;0.0;0.0;0.0;0.0;0.0;0.0;0.0;0.0;0.0;0.0;0.0;0.0;0.0;0.0;0.0;0.0;0.0;0.0;0.0;33.27;0.0;0.0;0.0;0.0;0.0;0.0;0.0;0.0;0.0;0.0;0.0;0.0;0.0;0.0;0.0;0.0;0.0;0.0;0.0;0.0;0.0;0.0;0.0;0.0;100.01;44.32;0;0;0;0;0;0;1;0;0;0;0;0;0;0;0;0;0;0;0;0
GOLEGA;3.0;185.0;0.0;24.0;161.0;89.0;0.0;1.0;1.0;0.0;0.0;0.0;0.0;0.0;43.0;1.0;5.0;37.0;157.0;11.0;50.0;2.0;0.0;42.0;6.0;0.0;2.0;52.0;2.0;6.0;44.0;110.0;9.0;75.0;1.0;0.0;52.0;21.0;1.0;2.0;72.0;6.0;8.0;58.0;88.0;12.0;72.0;0.0;0.0;47.0;23.0;2.0;0.0;87.0;6.0;22.0;59.0;133.0;11.0;92.0;1.0;0.0;70.0;19.0;2.0;7.0;137.0;5.0;46.0;86.0;128.0;10.0;75.0;2.0;5.0;59.0;9.0;0.0;3.0;174.0;26.0;50.0;98.0;128.0;6.0;75.0;0.0;10.0;56.0;9.0;0.0;5.0;217.0;38.0;77.0;102.0;98.0;2.0;58.0;0.0;10.0;42.0;6.0;0.0;10.0;231.0;61.0;84.0;86.0;75.0;1.0;51.0;0.0;4.0;40.0;7.0;0.0;13.0;244.0;92.0;74.0;78.0;67.0;0.0;38.0;0.0;4.0;29.0;4.0;1.0;25.0;312.0;219.0;38.0;55.0;33.0;0.0;23.0;0.0;6.0;13.0;3.0;1.0;27.0;296.0;244.0;18.0;34.0;20.0;0.0;17.0;0.0;4.0;13.0;0.0;0.0;226.0;548.0;468.0;38.0;42.0;20.0;0.0;36.0;0.0;10.0;23.0;2.0;1.0;2116.0;2254.0;540.0;490.0;1.08;2.09;2.09;84.11;296.0;281.0;1307.0;649.0;312.0;258.0;1363.0;934.0;0.0;0.0;0.0;0.0;0.0;0.0;0.0;0.0;0.0;1.0;0.0;0.0;0.0;0.0;0.0;0.0;4.21;1.93;9.16;0.04;0.88;1.89;0.0;0.75;0.04;0.09;0.0;0.5;0.5;11.17;0.0;19.04;0.0;0.0;0.0;49.43;0.13;0.16;0.07;0.0;0.0;2.65;0.0;0.0;0.0;0.0;0.0;0.0;0.0;0.0;0.0;0.0;0.0;44.19;0.0;0.0;0.0;4.09;0.0;0.0;0.0;0.0;0.0;0.0;0.0;0.0;0.0;0.0;0.0;0.0;0.0;0.0;0.0;0.0;0.0;0.0;0.0;0.0;0.0;0.0;0.0;0.0;0.0;0.0;0.0;0.0;0.0;0.0;0.0;0.0;0.0;0.0;0.0;0.0;0.0;0.0;0.0;0.0;0.0;0.0;0.0;0.0;0.0;0.0;0.0;0.0;0.0;0.0;0.0;0.0;100.0;49.07;0;0;0;0;0;0;0;0;0;0;0;0;0;0;1;0;0;0;0;0
GONDOMAR;58.0;5201.0;23.0;585.0;4593.0;3257.0;9.0;11.0;11.0;0.0;0.0;0.0;0.0;72.0;1277.0;22.0;203.0;1052.0;5513.0;204.0;2157.0;103.0;0.0;1688.0;363.0;3.0;80.0;1476.0;60.0;256.0;1160.0;3605.0;352.0;3288.0;72.0;0.0;1848.0;1348.0;20.0;118.0;2310.0;125.0;516.0;1669.0;3228.0;362.0;3071.0;29.0;12.0;1806.0;1166.0;58.0;132.0;3284.0;154.0;764.0;2366.0;3436.0;310.0;3230.0;21.0;106.0;2217.0;805.0;81.0;159.0;4112.0;372.0;1235.0;2505.0;3895.0;283.0;3258.0;7.0;216.0;2430.0;512.0;93.0;240.0;6341.0;1050.0;2424.0;2867.0;3534.0;238.0;2785.0;0.0;275.0;2128.0;313.0;69.0;368.0;7789.0;2133.0;2809.0;2847.0;2956.0;134.0;1786.0;0.0;191.0;1320.0;226.0;49.0;368.0;8488.0;3392.0;2381.0;2715.0;2569.0;18.0;1360.0;0.0;155.0;977.0;172.0;56.0;481.0;8399.0;4437.0;1788.0;2174.0;2018.0;0.0;1078.0;0.0;132.0;795.0;104.0;47.0;556.0;8067.0;5907.0;876.0;1284.0;1027.0;0.0;832.0;0.0;194.0;575.0;38.0;25.0;567.0;7658.0;6006.0;621.0;1031.0;553.0;0.0;544.0;0.0;194.0;312.0;27.0;11.0;2797.0;11492.0;9745.0;732.0;1015.0;464.0;0.0;538.0;0.0;227.0;270.0;21.0;20.0;69052.0;71100.0;11016.0;13089.0;0.96;1.86;1.86;0.0;10416.0;9113.0;43135.0;15327.0;10048.0;8646.0;47804.0;19768.0;0.0;0.0;0.0;0.0;0.0;0.0;0.0;0.0;1.0;0.0;0.0;0.0;0.0;0.0;0.03;0.17;5.72;1.18;5.08;0.1;1.07;4.07;0.06;0.93;0.15;0.06;0.07;0.89;1.79;4.32;0.0;27.84;0.0;0.0;0.0;45.4;0.05;0.91;0.09;0.0;6.09;4.22;0.0;2.88;0.0;0.0;0.0;0.0;0.0;3.04;0.0;0.0;0.0;49.61;0.0;0.0;0.0;11.39;0.0;0.0;0.0;0.0;0.0;0.0;0.0;0.0;0.0;0.0;0.0;0.0;0.0;0.0;0.0;0.0;0.0;0.0;0.0;0.0;0.0;0.0;0.0;0.0;0.0;0.0;0.0;0.0;0.0;0.0;0.0;0.0;0.0;0.0;0.0;0.0;0.0;0.0;0.0;0.0;0.0;0.0;0.0;0.0;0.0;0.0;0.0;0.0;0.0;0.0;0.0;0.0;100.0;22.77;0;0;0;0;0;0;0;0;0;0;0;0;0;1;0;0;0;0;0;0
GOUVEIA;1.0;268.0;2.0;36.0;230.0;186.0;0.0;0.0;0.0;0.0;0.0;0.0;0.0;2.0;71.0;3.0;6.0;62.0;305.0;8.0;136.0;8.0;0.0;112.0;16.0;0.0;8.0;89.0;8.0;10.0;71.0;156.0;10.0;151.0;5.0;0.0;92.0;51.0;3.0;11.0;130.0;16.0;25.0;89.0;153.0;16.0;117.0;3.0;0.0;67.0;41.0;6.0;14.0;176.0;17.0;40.0;119.0;143.0;19.0;135.0;3.0;3.0;102.0;24.0;3.0;16.0;286.0;34.0;97.0;155.0;218.0;18.0;169.0;2.0;7.0;132.0;26.0;2.0;23.0;372.0;67.0;139.0;166.0;156.0;9.0;133.0;0.0;15.0;102.0;15.0;1.0;40.0;466.0;154.0;153.0;159.0;149.0;9.0;122.0;0.0;8.0;89.0;21.0;4.0;37.0;646.0;315.0;167.0;164.0;135.0;0.0;100.0;0.0;9.0;76.0;12.0;3.0;59.0;732.0;430.0;166.0;136.0;130.0;0.0;105.0;0.0;8.0;91.0;5.0;1.0;67.0;849.0;674.0;88.0;87.0;89.0;0.0;68.0;0.0;14.0;51.0;2.0;1.0;92.0;844.0;711.0;62.0;71.0;38.0;0.0;54.0;0.0;19.0;32.0;3.0;0.0;645.0;1840.0;1683.0;78.0;79.0;27.0;0.0;56.0;0.0;30.0;24.0;0.0;2.0;3950.0;5956.0;1541.0;775.0;1.29;1.67;1.67;0.0;556.0;513.0;2639.0;1997.0;562.0;464.0;2819.0;2672.0;24.3;0.0;0.0;0.0;0.0;0.0;0.0;0.0;0.0;1.0;0.0;0.0;0.0;1.0;0.0;0.0;3.04;1.74;7.59;0.03;1.49;1.41;0.0;0.74;0.13;0.03;0.0;1.78;0.66;1.87;0.0;32.67;0.0;0.0;0.0;46.27;0.01;0.28;0.25;0.0;0.0;0.0;0.0;0.0;0.0;0.0;0.0;0.0;0.0;0.0;0.0;0.0;0.0;43.49;0.0;0.0;0.0;3.18;0.0;0.0;0.0;0.0;0.0;0.0;0.0;0.0;0.0;0.0;0.0;0.0;0.0;0.0;0.0;0.0;0.0;0.0;0.0;0.0;0.0;0.0;0.0;0.0;0.0;0.0;0.0;0.0;0.0;0.0;0.0;0.0;0.0;0.0;0.0;0.0;0.0;0.0;0.0;0.0;0.0;0.0;0.0;0.0;0.0;0.0;0.0;0.0;0.0;0.0;0.0;0.0;99.99;53.32;0;0;0;0;0;0;0;0;1;0;0;0;0;0;0;0;0;0;0;0
GRANDOLA;2.0;466.0;1.0;75.0;390.0;211.0;0.0;0.0;0.0;0.0;0.0;0.0;0.0;8.0;126.0;3.0;30.0;93.0;358.0;14.0;97.0;6.0;0.0;82.0;9.0;0.0;12.0;176.0;7.0;42.0;127.0;255.0;15.0;135.0;9.0;0.0;89.0;37.0;0.0;6.0;263.0;14.0;72.0;177.0;275.0;34.0;144.0;1.0;3.0;100.0;39.0;1.0;16.0;351.0;28.0;107.0;216.0;323.0;27.0;159.0;3.0;5.0;118.0;32.0;1.0;22.0;446.0;36.0;156.0;254.0;362.0;29.0;197.0;2.0;11.0;155.0;24.0;5.0;24.0;524.0;92.0;190.0;242.0;289.0;21.0;177.0;0.0;19.0;133.0;21.0;4.0;23.0;476.0;130.0;176.0;170.0;241.0;11.0;107.0;0.0;9.0;86.0;9.0;3.0;36.0;584.0;245.0;157.0;182.0;219.0;1.0;95.0;0.0;5.0;76.0;13.0;1.0;47.0;672.0;339.0;171.0;162.0;163.0;0.0;83.0;0.0;11.0;59.0;11.0;2.0;58.0;666.0;492.0;94.0;80.0;113.0;0.0;60.0;0.0;12.0;38.0;8.0;2.0;98.0;721.0;578.0;65.0;78.0;41.0;0.0;36.0;0.0;12.0;20.0;4.0;0.0;777.0;1185.0;1048.0;64.0;73.0;25.0;0.0;37.0;0.0;13.0;21.0;2.0;1.0;6514.0;4799.0;1251.0;1258.0;4.88;5.82;5.82;95.38;858.0;697.0;3708.0;1740.0;825.0;585.0;3332.0;2077.0;0.0;0.0;0.0;0.0;0.0;0.0;0.0;1.0;0.0;0.0;0.0;0.0;0.0;1.0;0.0;0.25;5.46;1.14;7.55;0.04;0.85;3.1;0.0;1.0;0.08;0.04;0.17;0.59;0.94;13.86;1.56;14.15;0.0;0.0;0.0;48.4;0.08;0.51;0.2;0.0;0.0;2.91;0.0;0.0;0.0;0.0;0.0;0.0;0.0;0.0;0.0;0.0;0.0;43.52;0.0;0.0;0.0;46.23;0.0;0.0;0.0;0.0;0.0;0.0;0.0;0.0;0.0;0.0;0.0;0.0;0.0;0.0;0.0;0.0;0.0;0.0;0.0;0.0;0.0;0.0;0.0;0.0;0.0;0.0;0.0;0.0;0.0;0.0;0.0;0.0;0.0;0.0;0.0;0.0;0.0;0.0;0.0;0.0;0.0;0.0;0.0;0.0;0.0;0.0;0.0;0.0;0.0;0.0;0.0;0.0;100.0;7.34;0;0;0;0;0;0;0;0;0;0;0;0;0;0;0;1;0;0;0;0
GUARDA;16.0;1238.0;15.0;156.0;1067.0;698.0;3.0;1.0;1.0;0.0;0.0;0.0;0.0;16.0;214.0;15.0;35.0;164.0;1294.0;30.0;646.0;21.0;0.0;510.0;115.0;0.0;19.0;211.0;16.0;26.0;169.0;705.0;53.0;883.0;14.0;0.0;550.0;316.0;3.0;33.0;381.0;35.0;53.0;293.0;614.0;75.0;810.0;5.0;7.0;527.0;262.0;9.0;34.0;620.0;54.0;84.0;482.0;739.0;74.0;905.0;6.0;23.0;660.0;203.0;13.0;59.0;784.0;65.0;180.0;539.0;921.0;59.0;1039.0;1.0;77.0;796.0;151.0;14.0;50.0;1049.0;133.0;314.0;602.0;823.0;42.0;973.0;0.0;154.0;659.0;127.0;33.0;75.0;1410.0;302.0;378.0;730.0;726.0;41.0;829.0;0.0;141.0;534.0;116.0;38.0;103.0;1752.0;676.0;306.0;770.0;681.0;6.0;626.0;0.0;57.0;464.0;83.0;22.0;107.0;1930.0;926.0;274.0;730.0;593.0;0.0;507.0;0.0;45.0;403.0;42.0;17.0;146.0;1764.0;1177.0;159.0;428.0;290.0;0.0;416.0;0.0;123.0;262.0;22.0;9.0;143.0;1784.0;1312.0;117.0;355.0;149.0;0.0;228.0;0.0;83.0;122.0;15.0;8.0;1258.0;3567.0;3101.0;177.0;289.0;123.0;0.0;266.0;0.0;122.0;129.0;10.0;5.0;15758.0;18489.0;3328.0;2542.0;1.34;2.38;2.38;0.0;2262.0;2124.0;10366.0;4366.0;2224.0;2032.0;10975.0;5768.0;24.7;0.0;0.0;0.0;0.0;0.0;0.0;0.0;0.0;1.0;0.0;0.0;0.0;0.0;0.0;0.0;3.31;2.0;8.2;0.22;1.12;1.38;0.0;0.36;0.09;0.09;0.0;1.49;0.48;1.54;0.0;27.92;0.0;0.0;0.0;51.07;0.12;0.49;0.12;0.0;1.66;2.79;0.0;0.0;0.0;0.0;0.0;0.0;0.0;0.0;0.0;0.0;0.0;18.7;0.0;0.0;0.0;1.36;0.0;0.0;0.0;0.0;0.0;0.0;0.0;0.0;0.0;0.0;0.0;0.0;0.0;0.0;0.0;0.0;0.0;0.0;0.0;0.0;0.0;0.0;0.0;0.0;0.0;0.0;0.0;0.0;0.0;0.0;0.0;0.0;0.0;0.0;0.0;0.0;0.0;0.0;0.0;0.0;0.0;0.0;0.0;0.0;0.0;0.0;0.0;0.0;0.0;0.0;0.0;0.0;100.0;75.49000000000001;0;0;0;0;0;0;0;0;1;0;0;0;0;0;0;0;0;0;0;0
GUIMARAES;53.0;4744.0;10.0;470.0;4264.0;3166.0;7.0;21.0;21.0;0.0;0.0;0.0;0.0;42.0;1259.0;18.0;107.0;1134.0;5572.0;137.0;2365.0;127.0;0.0;1836.0;401.0;1.0;58.0;1816.0;24.0;178.0;1614.0;3499.0;255.0;3299.0;58.0;0.0;1812.0;1397.0;32.0;103.0;2844.0;88.0;616.0;2140.0;2817.0;239.0;2948.0;21.0;5.0;1663.0;1175.0;84.0;109.0;4045.0;163.0;1077.0;2805.0;2891.0;233.0;2907.0;20.0;77.0;2037.0;696.0;77.0;149.0;5621.0;523.0;2437.0;2661.0;2878.0;186.0;2800.0;6.0;103.0;2195.0;418.0;78.0;235.0;7847.0;1685.0;3495.0;2667.0;2472.0;117.0;2057.0;0.0;149.0;1579.0;264.0;65.0;292.0;9016.0;3239.0;3388.0;2389.0;1874.0;92.0;1269.0;0.0;95.0;953.0;176.0;45.0;374.0;9621.0;5082.0;2553.0;1986.0;1487.0;7.0;919.0;0.0;76.0;680.0;137.0;26.0;530.0;8910.0;5954.0;1576.0;1380.0;1102.0;0.0;634.0;0.0;74.0;476.0;63.0;21.0;618.0;8376.0;6914.0;623.0;839.0;646.0;0.0;619.0;0.0;160.0;402.0;38.0;19.0;613.0;6562.0;5575.0;363.0;624.0;323.0;0.0;379.0;0.0;120.0;234.0;14.0;11.0;3556.0;8845.0;7789.0;377.0;679.0;337.0;0.0;453.0;0.0;202.0;229.0;12.0;10.0;64253.0;73554.0;9427.0;9596.0;0.98;1.58;1.58;89.31;10131.0;8967.0;43043.0;13680.0;9454.0;8399.0;45509.0;17647.0;19.4;0.0;0.0;0.0;0.0;0.0;0.0;0.0;1.0;0.0;0.0;0.0;0.0;1.0;0.05;0.0;3.77;1.35;5.59;0.13;1.25;4.35;0.09;0.65;0.1;0.09;0.0;0.61;0.98;3.3;0.0;30.53;0.0;0.0;0.0;46.68;0.08;0.34;0.07;0.0;2.57;3.39;0.0;1.85;0.0;0.0;0.0;0.0;0.0;1.31;0.0;0.0;0.0;49.76;0.0;0.0;0.0;5.73;0.0;0.0;0.0;0.0;0.0;0.0;0.0;0.0;0.0;0.0;0.0;0.0;0.0;0.0;0.0;0.0;0.0;0.0;0.0;0.0;0.0;0.0;0.0;0.0;0.0;0.0;0.0;0.0;0.0;0.0;0.0;0.0;0.0;0.0;0.0;0.0;0.0;0.0;0.0;0.0;0.0;0.0;0.0;0.0;0.0;0.0;0.0;0.0;0.0;0.0;0.0;0.0;100.0;35.39;0;0;0;1;0;0;0;0;0;0;0;0;0;0;0;0;0;0;0;0
HORTA;15.0;536.0;6.0;87.0;443.0;193.0;0.0;0.0;0.0;0.0;0.0;0.0;0.0;8.0;198.0;5.0;38.0;155.0;402.0;21.0;145.0;5.0;0.0;121.0;19.0;0.0;10.0;171.0;4.0;37.0;130.0;286.0;37.0;214.0;6.0;0.0;121.0;86.0;1.0;19.0;261.0;17.0;47.0;197.0;270.0;61.0;223.0;3.0;0.0;131.0;85.0;4.0;9.0;369.0;20.0;95.0;254.0;304.0;54.0;255.0;2.0;1.0;183.0;58.0;11.0;18.0;527.0;51.0;189.0;287.0;350.0;32.0;296.0;0.0;5.0;236.0;40.0;15.0;37.0;599.0;116.0;253.0;230.0;281.0;14.0;234.0;0.0;11.0;177.0;29.0;17.0;40.0;701.0;200.0;290.0;211.0;194.0;6.0;145.0;0.0;12.0;107.0;16.0;10.0;61.0;706.0;328.0;218.0;160.0;176.0;1.0;126.0;0.0;6.0;97.0;16.0;7.0;52.0;630.0;396.0;113.0;121.0;142.0;0.0;116.0;0.0;18.0;76.0;13.0;9.0;76.0;573.0;412.0;71.0;90.0;112.0;0.0;98.0;0.0;32.0;57.0;6.0;3.0;54.0;591.0;461.0;43.0;87.0;47.0;0.0;62.0;0.0;22.0;34.0;3.0;3.0;133.0;992.0;843.0;50.0;99.0;47.0;0.0;72.0;0.0;39.0;30.0;1.0;2.0;6272.0;5640.0;1068.0;1351.0;2.77;3.17;3.17;88.67;1013.0;799.0;3949.0;1228.0;916.0;719.0;4078.0;1629.0;31.0;0.0;0.0;0.0;0.0;0.0;0.0;0.0;0.0;1.0;0.0;0.0;0.0;0.0;0.0;0.73;3.43;0.0;3.85;0.1;3.66;2.16;0.0;0.61;0.06;0.25;0.0;0.51;1.24;3.42;0.28;0.0;0.0;42.4;0.0;37.07;0.0;0.22;0.02;0.0;2.04;0.0;0.0;0.0;0.0;0.0;0.0;0.0;0.0;0.0;0.0;0.0;0.0;42.41;0.0;0.0;0.0;5.09;0.0;0.0;0.0;0.0;0.0;0.0;0.0;0.0;0.0;0.0;0.0;0.0;0.0;0.0;0.0;0.0;0.0;0.0;0.0;0.0;0.0;0.0;0.0;0.0;0.0;0.0;0.0;0.0;0.0;0.0;0.0;0.0;0.0;0.0;0.0;0.0;0.0;0.0;0.0;0.0;0.0;0.0;0.0;0.0;0.0;0.0;0.0;0.0;0.0;0.0;0.0;0.0;98.5;48.96;0;1;0;0;0;0;0;0;0;0;0;0;0;0;0;0;0;0;0;0
IDANHA-A-NOVA;4.0;202.0;3.0;39.0;160.0;85.0;0.0;0.0;0.0;0.0;0.0;0.0;0.0;4.0;78.0;9.0;25.0;44.0;193.0;3.0;29.0;0.0;0.0;26.0;3.0;0.0;5.0;63.0;15.0;10.0;38.0;83.0;5.0;69.0;3.0;0.0;50.0;16.0;0.0;14.0;94.0;19.0;18.0;57.0;110.0;8.0;80.0;1.0;1.0;59.0;19.0;0.0;20.0;108.0;20.0;24.0;64.0;110.0;2.0;76.0;2.0;5.0;49.0;18.0;2.0;26.0;150.0;27.0;40.0;83.0;138.0;8.0;106.0;0.0;8.0;84.0;14.0;0.0;28.0;209.0;35.0;61.0;113.0;135.0;3.0;82.0;0.0;7.0;64.0;10.0;1.0;34.0;276.0;82.0;89.0;105.0;119.0;2.0;66.0;0.0;12.0;44.0;9.0;1.0;44.0;379.0;153.0;94.0;132.0;90.0;0.0;51.0;0.0;11.0;30.0;6.0;4.0;63.0;469.0;248.0;99.0;122.0;88.0;0.0;42.0;0.0;8.0;25.0;7.0;2.0;65.0;508.0;352.0;57.0;99.0;56.0;0.0;38.0;0.0;6.0;23.0;6.0;3.0;89.0;573.0;474.0;41.0;58.0;29.0;0.0;27.0;0.0;7.0;13.0;3.0;4.0;913.0;1207.0;1077.0;59.0;71.0;29.0;0.0;43.0;0.0;23.0;20.0;0.0;0.0;2667.0;3852.0;1271.0;565.0;1.98;5.46;5.46;0.0;387.0;314.0;1775.0;1522.0;338.0;284.0;1680.0;2055.0;49.6;0.0;0.0;0.0;0.0;0.0;0.0;0.0;1.0;0.0;0.0;0.0;0.0;1.0;0.0;0.2;3.37;1.43;9.17;0.01;1.23;1.21;0.0;0.6;0.15;0.49;0.13;2.16;0.9;2.64;0.76;23.01;0.0;0.0;0.0;52.12;0.02;0.41;0.0;0.0;0.0;0.0;0.0;0.0;0.0;0.0;0.0;0.0;0.0;0.0;0.0;0.0;0.0;56.48;0.0;0.0;0.0;3.54;0.0;0.0;0.0;0.0;0.0;0.0;0.0;0.0;0.0;0.0;0.0;0.0;0.0;0.0;0.0;0.0;0.0;0.0;0.0;0.0;0.0;0.0;0.0;0.0;0.0;0.0;33.41;0.0;0.0;0.0;0.0;0.0;0.0;0.0;0.0;0.0;0.0;0.0;0.0;0.0;0.0;0.0;0.0;0.0;0.0;0.0;0.0;0.0;0.0;0.0;0.0;0.0;100.0;6.57;0;0;0;0;0;1;0;0;0;0;0;0;0;0;0;0;0;0;0;0
ILHAVO;26.0;1267.0;4.0;153.0;1110.0;689.0;2.0;4.0;4.0;0.0;0.0;0.0;0.0;23.0;346.0;4.0;55.0;287.0;1204.0;30.0;455.0;15.0;0.0;373.0;65.0;2.0;29.0;389.0;15.0;68.0;306.0;761.0;70.0;738.0;23.0;0.0;384.0;323.0;8.0;44.0;560.0;26.0;106.0;428.0;673.0;58.0;809.0;20.0;4.0;433.0;327.0;25.0;40.0;773.0;40.0;161.0;572.0;752.0;78.0;988.0;6.0;29.0;621.0;286.0;46.0;63.0;893.0;76.0;287.0;530.0;895.0;51.0;986.0;3.0;59.0;720.0;155.0;49.0;66.0;1289.0;180.0;528.0;581.0;768.0;56.0;909.0;0.0;91.0;657.0;118.0;43.0;84.0;1591.0;385.0;626.0;580.0;649.0;46.0;708.0;0.0;64.0;499.0;94.0;51.0;97.0;1801.0;647.0;552.0;602.0;569.0;7.0;482.0;0.0;35.0;342.0;61.0;44.0;108.0;1778.0;916.0;440.0;422.0;455.0;0.0;354.0;0.0;67.0;235.0;38.0;14.0;121.0;1765.0;1295.0;210.0;260.0;269.0;0.0;280.0;0.0;82.0;170.0;17.0;11.0;151.0;1698.0;1386.0;94.0;218.0;126.0;0.0;153.0;0.0;54.0;82.0;12.0;5.0;700.0;2866.0;2470.0;129.0;267.0;116.0;0.0;200.0;0.0;101.0;91.0;3.0;5.0;16784.0;16096.0;2725.0;3630.0;2.56;3.66;3.66;0.0;2663.0;2069.0;10224.0;3679.0;2614.0;1977.0;11243.0;4766.0;33.9;0.0;0.0;0.0;0.0;0.0;0.0;0.0;0.0;0.0;1.0;0.0;0.0;1.0;0.0;0.48;5.5;2.24;8.55;0.04;2.01;5.26;0.02;1.03;0.09;0.25;0.0;0.92;1.85;1.51;0.38;33.23;0.0;0.0;0.0;35.81;0.0;0.5;0.32;0.0;2.42;4.61;0.0;0.0;0.0;0.0;0.0;0.0;0.0;0.0;0.0;0.0;0.0;21.72;0.0;0.0;0.0;1.64;0.0;0.0;0.0;0.0;0.0;0.0;0.0;0.0;0.0;0.0;0.0;0.0;0.0;0.0;0.0;0.0;0.0;0.0;0.0;0.0;0.0;0.0;0.0;0.0;34.94;0.0;0.0;0.0;0.0;0.0;0.0;0.0;0.0;0.0;0.0;0.0;0.0;0.0;0.0;0.0;0.0;0.0;0.0;0.0;0.0;0.0;0.0;0.0;0.0;0.0;0.0;0.0;100.0;34.67;1;0;0;0;0;0;0;0;0;0;0;0;0;0;0;0;0;0;0;0
LAGOA (ACORES);17.0;690.0;14.0;130.0;546.0;284.0;0.0;0.0;0.0;0.0;0.0;0.0;0.0;22.0;340.0;17.0;83.0;240.0;419.0;18.0;137.0;7.0;0.0;115.0;15.0;0.0;21.0;356.0;24.0;72.0;260.0;287.0;28.0;188.0;1.0;0.0;108.0;79.0;0.0;30.0;501.0;71.0;162.0;268.0;262.0;33.0;178.0;4.0;0.0;105.0;69.0;0.0;35.0;545.0;84.0;183.0;278.0;220.0;21.0;190.0;2.0;3.0;135.0;47.0;3.0;79.0;711.0;159.0;275.0;277.0;242.0;20.0;218.0;0.0;5.0;182.0;27.0;4.0;68.0;804.0;239.0;354.0;211.0;151.0;9.0;161.0;0.0;7.0;137.0;14.0;3.0;63.0;730.0;297.0;292.0;141.0;116.0;3.0;111.0;0.0;5.0;83.0;16.0;7.0;75.0;698.0;359.0;218.0;121.0;98.0;1.0;89.0;0.0;2.0;64.0;19.0;4.0;73.0;552.0;305.0;168.0;79.0;79.0;0.0;51.0;0.0;4.0;32.0;8.0;7.0;50.0;452.0;383.0;21.0;48.0;40.0;0.0;56.0;0.0;8.0;36.0;8.0;4.0;46.0;365.0;311.0;19.0;35.0;21.0;0.0;46.0;0.0;15.0;30.0;1.0;0.0;195.0;502.0;453.0;18.0;31.0;19.0;0.0;28.0;0.0;6.0;17.0;2.0;3.0;0.0;0.0;0.0;0.0;0.0;0.0;1.06;76.91;1229.0;957.0;4006.0;784.0;1116.0;970.0;4091.0;1036.0;44.3;0.0;0.0;0.0;0.0;0.0;0.0;0.0;1.0;0.0;0.0;0.0;0.0;0.0;0.0;0.0;0.0;0.0;0.0;0.0;0.0;0.0;0.0;0.0;0.0;0.0;0.0;0.0;0.0;0.0;0.0;0.0;0.0;0.0;0.0;0.0;0.0;0.0;0.0;0.0;2.33;2.29;0.0;0.0;0.0;0.0;0.0;0.0;0.0;0.0;0.0;0.0;0.0;64.64;0.0;0.0;0.0;0.63;0.0;0.0;0.0;0.0;0.0;0.0;0.0;0.0;0.0;0.0;0.0;0.0;0.0;0.0;0.0;0.0;0.0;0.0;0.0;0.0;0.0;0.0;0.0;0.0;0.0;0.0;0.0;0.0;0.0;0.0;0.0;0.0;0.0;0.0;0.0;0.0;0.0;0.0;0.0;0.0;0.0;0.0;0.0;0.0;0.0;0.0;0.0;0.0;0.0;0.0;0.0;0.0;100.01;30.12;0;1;0;0;0;0;0;0;0;0;0;0;0;0;0;0;0;0;0;0
LAGOA (FARO);10.0;827.0;4.0;104.0;719.0;403.0;0.0;0.0;0.0;0.0;0.0;0.0;0.0;21.0;305.0;7.0;40.0;258.0;684.0;15.0;212.0;12.0;0.0;173.0;27.0;0.0;25.0;288.0;13.0;45.0;230.0;459.0;36.0;295.0;9.0;0.0;208.0;77.0;1.0;25.0;401.0;34.0;82.0;285.0;431.0;46.0;330.0;7.0;4.0;232.0;82.0;5.0;35.0;507.0;38.0;96.0;373.0;452.0;42.0;363.0;7.0;37.0;241.0;74.0;4.0;31.0;570.0;63.0;131.0;376.0;573.0;39.0;404.0;2.0;49.0;297.0;52.0;4.0;55.0;847.0;102.0;294.0;451.0;556.0;30.0;376.0;0.0;59.0;264.0;45.0;8.0;79.0;1003.0;219.0;321.0;463.0;424.0;28.0;257.0;0.0;38.0;173.0;40.0;6.0;129.0;1034.0;336.0;313.0;385.0;432.0;1.0;185.0;0.0;34.0;122.0;26.0;3.0;166.0;955.0;442.0;196.0;317.0;367.0;0.0;199.0;0.0;43.0;110.0;34.0;12.0;202.0;1012.0;671.0;142.0;199.0;267.0;0.0;179.0;0.0;30.0;110.0;30.0;9.0;222.0;979.0;689.0;63.0;227.0;132.0;0.0;122.0;0.0;27.0;73.0;12.0;10.0;571.0;1628.0;1291.0;90.0;247.0;119.0;0.0;120.0;0.0;29.0;69.0;14.0;8.0;6448.0;5924.0;845.0;972.0;11.23;14.76;14.76;91.4;1671.0;1263.0;6070.0;2602.0;1549.0;1214.0;6405.0;2951.0;44.1;0.0;0.0;0.0;0.0;0.0;0.0;0.0;1.0;0.0;0.0;0.0;0.0;0.0;0.0;0.44;4.21;1.04;12.04;0.07;1.84;4.39;0.0;0.79;0.22;0.13;0.0;1.05;1.6;2.16;0.71;22.98;0.0;24.08;0.0;46.08;0.22;0.25;0.17;0.0;3.78;6.6;0.0;1.85;0.0;0.0;0.0;0.0;0.0;0.0;0.0;0.0;0.0;53.2;0.0;0.0;0.0;3.37;0.0;0.0;0.0;0.0;0.0;0.0;0.0;0.0;0.0;0.0;0.0;0.0;0.0;0.0;0.0;0.0;0.0;0.0;0.0;0.0;0.0;0.0;0.0;0.0;0.0;0.0;0.0;0.0;0.0;0.0;0.0;0.0;0.0;0.0;0.0;0.0;0.0;18.62;0.0;0.0;0.0;0.0;0.0;0.0;0.0;0.0;0.0;0.0;0.0;0.0;0.0;0.0;100.0;12.58;0;0;0;0;0;0;0;1;0;0;0;0;0;0;0;0;0;0;0;0
LAGOS;20.0;1134.0;6.0;139.0;989.0;483.0;0.0;1.0;1.0;0.0;0.0;0.0;0.0;35.0;386.0;8.0;45.0;333.0;918.0;28.0;273.0;17.0;0.0;215.0;41.0;0.0;66.0;408.0;14.0;46.0;348.0;614.0;59.0;420.0;4.0;0.0;298.0;115.0;3.0;78.0;481.0;22.0;87.0;372.0;633.0;66.0;478.0;5.0;10.0;320.0;136.0;7.0;67.0;576.0;35.0;89.0;452.0;654.0;54.0;545.0;5.0;51.0;372.0;105.0;12.0;84.0;801.0;52.0;166.0;583.0;821.0;57.0;639.0;2.0;72.0;466.0;89.0;10.0;105.0;936.0;122.0;289.0;525.0;758.0;62.0;625.0;0.0;85.0;461.0;68.0;11.0;116.0;1080.0;212.0;364.0;504.0;725.0;44.0;420.0;0.0;58.0;287.0;61.0;14.0;221.0;1267.0;371.0;380.0;516.0;668.0;8.0;408.0;0.0;62.0;263.0;70.0;13.0;373.0;1176.0;515.0;257.0;404.0;612.0;0.0;425.0;0.0;88.0;229.0;97.0;11.0;435.0;1217.0;769.0;162.0;286.0;465.0;0.0;408.0;0.0;103.0;208.0;72.0;25.0;359.0;1249.0;764.0;121.0;364.0;225.0;0.0;265.0;0.0;52.0;152.0;40.0;21.0;934.0;2253.0;1721.0;137.0;395.0;257.0;0.0;222.0;0.0;62.0;115.0;28.0;17.0;0.0;0.0;0.0;0.0;16.83;23.03;23.03;94.37;2211.0;1704.0;8477.0;3875.0;2086.0;1574.0;9153.0;4414.0;42.3;0.0;0.0;0.0;0.0;0.0;0.0;0.0;1.0;0.0;0.0;0.0;0.0;0.0;0.0;0.93;6.1;1.08;10.61;0.15;1.96;4.06;0.0;1.1;0.13;0.14;0.0;0.75;2.38;5.78;0.0;20.76;0.0;0.0;0.0;43.42;0.14;0.38;0.14;0.0;0.0;8.14;0.0;0.0;0.0;0.0;0.0;0.0;7.98;3.38;0.0;0.0;0.0;56.34;0.0;0.0;0.0;9.59;0.0;0.0;0.0;0.0;0.0;0.0;0.0;0.0;0.0;0.0;0.0;0.0;0.0;0.0;0.0;0.0;0.0;0.0;0.0;0.0;0.0;0.0;0.0;0.0;0.0;0.0;0.0;0.0;0.0;0.0;0.0;0.0;0.0;0.0;0.0;0.0;0.0;0.0;0.0;0.0;0.0;0.0;0.0;0.0;0.0;0.0;0.0;0.0;0.0;0.0;0.0;0.0;99.99;14.56;0;0;0;0;0;0;0;1;0;0;0;0;0;0;0;0;0;0;0;0
LAJES DAS FLORES;2.0;52.0;0.0;16.0;36.0;16.0;0.0;0.0;0.0;0.0;0.0;0.0;0.0;0.0;29.0;1.0;6.0;22.0;43.0;1.0;10.0;0.0;0.0;10.0;0.0;0.0;1.0;29.0;1.0;8.0;20.0;23.0;4.0;16.0;0.0;0.0;12.0;4.0;0.0;1.0;30.0;1.0;9.0;20.0;23.0;1.0;27.0;0.0;1.0;20.0;6.0;0.0;7.0;33.0;2.0;7.0;24.0;21.0;4.0;22.0;0.0;0.0;17.0;4.0;1.0;2.0;51.0;10.0;20.0;21.0;44.0;0.0;15.0;0.0;0.0;12.0;3.0;0.0;4.0;83.0;24.0;28.0;31.0;11.0;1.0;16.0;0.0;3.0;11.0;2.0;0.0;5.0;80.0;29.0;38.0;13.0;20.0;1.0;7.0;0.0;0.0;6.0;1.0;0.0;3.0;86.0;54.0;18.0;14.0;13.0;0.0;7.0;0.0;0.0;6.0;0.0;1.0;7.0;89.0;58.0;14.0;17.0;13.0;0.0;6.0;0.0;1.0;5.0;0.0;0.0;4.0;68.0;58.0;3.0;7.0;7.0;0.0;6.0;0.0;3.0;1.0;2.0;0.0;2.0;61.0;51.0;3.0;7.0;2.0;0.0;3.0;0.0;1.0;1.0;1.0;0.0;26.0;107.0;97.0;4.0;6.0;2.0;0.0;4.0;0.0;0.0;3.0;0.0;1.0;643.0;509.0;105.0;151.0;4.85;5.26;5.26;82.57;87.0;78.0;432.0;133.0;70.0;75.0;374.0;159.0;14.4;0.0;0.0;0.0;0.0;0.0;0.0;0.0;1.0;0.0;0.0;0.0;0.0;0.0;0.0;0.28;4.23;0.0;4.89;0.45;6.33;2.66;0.0;0.43;0.28;0.15;0.0;1.16;0.5;1.74;2.87;0.0;0.0;27.96;0.0;45.77;0.0;0.28;0.0;0.0;0.0;0.0;0.0;0.0;0.0;0.0;0.0;0.0;0.0;0.0;0.0;0.0;0.0;50.95;0.0;0.0;0.0;0.0;0.0;0.0;0.0;0.0;0.0;0.0;0.0;0.0;0.0;0.0;0.0;0.0;0.0;0.0;0.0;0.0;0.0;0.0;0.0;0.0;0.0;0.0;0.0;0.0;0.0;0.0;0.0;0.0;0.0;0.0;0.0;0.0;0.0;0.0;0.0;0.0;0.0;0.0;0.0;0.0;0.0;0.0;0.0;0.0;0.0;0.0;0.0;0.0;0.0;0.0;0.0;0.0;100.0;49.05;0;1;0;0;0;0;0;0;0;0;0;0;0;0;0;0;0;0;0;0
LAJES DO PICO;3.0;140.0;0.0;21.0;119.0;55.0;0.0;0.0;0.0;0.0;0.0;0.0;0.0;0.0;39.0;0.0;6.0;33.0;132.0;6.0;41.0;3.0;0.0;33.0;5.0;0.0;0.0;47.0;0.0;4.0;43.0;91.0;11.0;54.0;1.0;0.0;32.0;21.0;0.0;1.0;69.0;1.0;13.0;55.0;81.0;13.0;53.0;2.0;0.0;36.0;14.0;1.0;3.0;119.0;10.0;33.0;76.0;69.0;9.0;68.0;0.0;1.0;56.0;10.0;1.0;9.0;169.0;19.0;65.0;85.0;86.0;8.0;52.0;1.0;2.0;43.0;6.0;0.0;16.0;198.0;26.0;102.0;70.0;59.0;6.0;46.0;0.0;3.0;38.0;4.0;1.0;13.0;240.0;59.0;115.0;66.0;41.0;1.0;38.0;0.0;4.0;30.0;4.0;0.0;14.0;268.0;148.0;61.0;59.0;36.0;2.0;25.0;0.0;1.0;22.0;2.0;0.0;16.0;229.0;151.0;41.0;37.0;27.0;0.0;24.0;0.0;1.0;18.0;5.0;0.0;14.0;239.0;195.0;19.0;25.0;14.0;0.0;28.0;0.0;7.0;18.0;2.0;1.0;12.0;219.0;187.0;13.0;19.0;15.0;0.0;11.0;0.0;3.0;7.0;1.0;0.0;92.0;418.0;391.0;12.0;15.0;5.0;0.0;12.0;0.0;6.0;4.0;0.0;2.0;1711.0;1892.0;417.0;320.0;2.63;2.67;2.67;70.63;287.0;206.0;1171.0;462.0;247.0;210.0;1140.0;617.0;11.6;0.0;0.0;0.0;0.0;0.0;0.0;0.0;1.0;0.0;0.0;0.0;0.0;0.0;0.0;0.56;2.04;0.0;3.33;0.02;4.26;1.38;0.0;0.3;0.13;0.21;0.0;1.21;0.41;1.58;0.1;0.0;0.0;36.92;0.0;47.14;0.0;0.42;0.0;0.0;0.0;0.0;0.0;0.0;0.0;0.0;0.0;0.0;0.0;0.0;0.0;0.0;0.0;57.44;0.0;0.0;0.0;3.09;0.0;0.0;0.0;0.0;0.0;0.0;0.0;0.0;0.0;0.0;0.0;0.0;0.0;0.0;0.0;0.0;0.0;0.0;0.0;0.0;0.0;0.0;0.0;0.0;0.0;0.0;0.0;0.0;0.0;0.0;0.0;0.0;0.0;0.0;0.0;0.0;0.0;0.0;0.0;0.0;0.0;0.0;0.0;0.0;0.0;0.0;0.0;0.0;0.0;0.0;0.0;0.0;100.0;39.47;0;1;0;0;0;0;0;0;0;0;0;0;0;0;0;0;0;0;0;0
LAMEGO;6.0;739.0;4.0;75.0;660.0;463.0;1.0;0.0;0.0;0.0;0.0;0.0;0.0;12.0;151.0;3.0;21.0;127.0;797.0;33.0;329.0;16.0;0.0;253.0;57.0;3.0;7.0;151.0;8.0;20.0;123.0;436.0;32.0;379.0;7.0;0.0;223.0;148.0;1.0;19.0;285.0;22.0;69.0;194.0;354.0;26.0;357.0;9.0;0.0;237.0;106.0;5.0;25.0;440.0;39.0;138.0;263.0;401.0;18.0;399.0;2.0;7.0;320.0;66.0;4.0;52.0;654.0;86.0;234.0;334.0;472.0;20.0;425.0;2.0;9.0;345.0;60.0;9.0;72.0;959.0;236.0;348.0;375.0;432.0;12.0;328.0;0.0;25.0;259.0;37.0;7.0;88.0;1216.0;406.0;455.0;355.0;365.0;10.0;294.0;0.0;21.0;227.0;42.0;4.0;109.0;1423.0;687.0;392.0;344.0;268.0;2.0;298.0;0.0;10.0;228.0;45.0;15.0;116.0;1476.0;921.0;292.0;263.0;239.0;0.0;232.0;0.0;20.0;190.0;17.0;5.0;146.0;1324.0;1063.0;105.0;156.0;116.0;0.0;212.0;0.0;48.0;150.0;7.0;7.0;132.0;1078.0;885.0;70.0;123.0;57.0;0.0;121.0;0.0;47.0;68.0;3.0;3.0;989.0;1966.0;1736.0;97.0;133.0;57.0;0.0;148.0;0.0;75.0;68.0;5.0;0.0;8979.0;11681.0;2197.0;1455.0;0.57;0.7;0.7;0.0;1292.0;1279.0;6238.0;2684.0;1252.0;1252.0;6653.0;3662.0;0.0;0.0;0.0;0.0;0.0;0.0;0.0;0.0;0.0;1.0;0.0;0.0;0.0;0.0;0.0;0.02;2.14;2.2;7.86;0.11;0.47;1.31;0.0;0.5;0.05;0.2;0.1;1.35;0.69;2.2;0.0;34.12;0.0;0.0;0.0;45.98;0.03;0.53;0.16;0.0;0.0;4.29;0.0;0.0;0.0;0.0;0.0;0.0;0.0;0.0;0.0;0.0;0.0;45.83;0.0;0.0;0.0;2.6;0.0;0.0;0.0;0.0;0.0;0.0;0.0;0.0;0.0;0.0;0.0;0.0;0.0;0.0;0.0;0.0;0.0;0.0;0.0;0.0;0.0;0.0;0.0;0.0;0.0;0.0;0.0;0.0;0.0;0.0;0.0;0.0;0.0;0.0;0.0;0.0;0.0;0.0;0.0;0.0;0.0;0.0;0.0;0.0;0.0;0.0;0.0;0.0;0.0;0.0;0.0;0.0;99.99;47.27;0;0;0;0;0;0;0;0;0;0;0;0;0;0;0;0;0;0;1;0
LEIRIA;44.0;4175.0;14.0;465.0;3696.0;2374.0;7.0;9.0;9.0;0.0;0.0;0.0;0.0;61.0;826.0;21.0;86.0;719.0;4137.0;158.0;2041.0;152.0;0.0;1581.0;308.0;0.0;102.0;972.0;21.0;86.0;865.0;2538.0;288.0;3111.0;92.0;0.0;1971.0;1032.0;16.0;123.0;1426.0;57.0;167.0;1202.0;2316.0;311.0;3074.0;52.0;13.0;2010.0;961.0;38.0;93.0;2028.0;63.0;333.0;1632.0;2549.0;307.0;3176.0;39.0;115.0;2259.0;717.0;46.0;176.0;2792.0;157.0;787.0;1848.0;2949.0;273.0;3478.0;10.0;192.0;2731.0;454.0;91.0;186.0;3826.0;521.0;1395.0;1910.0;2793.0;198.0;2872.0;0.0;269.0;2149.0;361.0;93.0;183.0;5102.0;1073.0;1888.0;2141.0;2259.0;122.0;1863.0;0.0;190.0;1360.0;245.0;68.0;246.0;5764.0;2021.0;1823.0;1920.0;1836.0;23.0;1307.0;0.0;96.0;982.0;189.0;40.0;333.0;5766.0;3096.0;1159.0;1511.0;1412.0;0.0;986.0;0.0;98.0;737.0;116.0;35.0;466.0;5694.0;4191.0;589.0;914.0;793.0;0.0;799.0;0.0;166.0;553.0;63.0;17.0;530.0;5534.0;4339.0;393.0;802.0;379.0;0.0;495.0;0.0;142.0;318.0;26.0;9.0;3520.0;9482.0;7971.0;541.0;970.0;395.0;0.0;548.0;0.0;227.0;298.0;12.0;11.0;55460.0;54171.0;8521.0;10451.0;3.47;5.1;5.1;0.0;8742.0;7162.0;33382.0;12572.0;8235.0;6670.0;35777.0;16063.0;26.4;0.0;0.0;0.0;0.0;0.0;0.0;0.0;1.0;0.0;0.0;0.0;0.0;0.0;0.0;0.3;3.77;2.59;7.45;0.09;1.92;5.51;0.0;0.95;0.12;0.22;0.14;1.26;1.23;1.57;0.0;41.72;0.0;0.0;0.0;30.42;0.07;0.57;0.06;0.0;2.55;6.0;0.0;2.52;0.0;0.7;0.0;0.0;0.0;1.93;0.0;0.0;0.0;55.24;0.0;0.0;0.0;2.74;0.0;0.0;0.0;0.0;0.0;0.0;0.0;0.0;0.0;0.0;0.0;0.0;0.0;0.0;0.0;0.0;0.0;0.0;0.0;0.0;0.0;0.0;0.0;0.0;0.0;0.0;0.0;0.0;0.0;0.0;0.0;0.0;0.0;0.0;0.0;0.0;0.0;0.0;0.0;0.0;0.0;0.0;0.0;0.0;0.0;0.0;0.0;0.0;0.0;0.0;0.0;0.0;100.0;28.32;0;0;0;0;0;0;0;0;0;1;0;0;0;0;0;0;0;0;0;0
LISBOA;210.0;16394.0;279.0;2259.0;13856.0;8745.0;11.0;24.0;24.0;0.0;0.0;0.0;0.0;512.0;4490.0;267.0;925.0;3298.0;14685.0;343.0;9655.0;168.0;0.0;7492.0;1989.0;6.0;982.0;4679.0;388.0;942.0;3349.0;9135.0;671.0;21829.0;178.0;0.0;10476.0;11042.0;133.0;1161.0;5177.0;557.0;1097.0;3523.0;7897.0;747.0;23165.0;146.0;229.0;10250.0;11931.0;609.0;1045.0;5950.0;783.0;1354.0;3813.0;7535.0;681.0;22074.0;121.0;1057.0;11880.0;7998.0;1018.0;1028.0;6733.0;1039.0;1621.0;4073.0;8057.0;650.0;23385.0;29.0;1119.0;15446.0;5470.0;1321.0;976.0;7773.0;1602.0;2172.0;3999.0;7861.0;623.0;22087.0;1.0;1317.0;14984.0;4546.0;1239.0;1067.0;9413.0;2622.0;2780.0;4011.0;7282.0;437.0;16871.0;0.0;1467.0;10959.0;3263.0;1182.0;1172.0;10946.0;4166.0;2768.0;4012.0;7341.0;86.0;13983.0;0.0;1350.0;8903.0;2582.0;1148.0;1350.0;11674.0;5637.0;2276.0;3761.0;6528.0;0.0;11688.0;0.0;1253.0;7491.0;1981.0;963.0;1500.0;13172.0;8035.0;1647.0;3490.0;5008.0;0.0;9903.0;0.0;1189.0;6733.0;1231.0;750.0;1511.0;15800.0;9262.0;1595.0;4943.0;3602.0;0.0;8397.0;0.0;1153.0;5835.0;785.0;624.0;7621.0;42549.0;28329.0;3611.0;10609.0;6280.0;0.0;12425.0;0.0;2367.0;8473.0;799.0;786.0;281570.0;173337.0;40761.0;50128.0;6.28;10.14;10.14;186.34;36718.0;27794.0;140464.0;49203.0;34502.0;27275.0;151275.0;78565.0;0.0;0.0;0.0;0.0;0.0;0.0;0.0;0.0;0.0;1.0;0.0;0.0;0.0;1.0;0.06;0.24;4.84;2.3;5.61;0.06;0.74;10.28;0.1;3.85;0.12;0.11;0.06;0.6;1.83;5.02;0.37;26.17;0.0;0.0;0.0;37.27;0.06;0.16;0.14;0.0;6.4;4.56;0.14;4.34;0.0;0.0;0.0;0.0;0.21;2.82;0.0;0.14;0.0;34.38;0.0;0.0;0.43;10.86;0.0;0.0;0.0;0.0;0.0;0.0;0.0;0.0;0.0;0.0;0.0;0.0;0.0;0.0;0.0;0.0;0.0;0.0;0.0;0.0;0.0;0.0;0.0;0.0;0.0;0.0;0.0;0.0;0.0;0.0;0.0;0.0;0.0;0.0;0.0;0.0;0.0;0.0;0.0;0.0;0.0;0.0;0.0;0.0;0.0;0.0;0.0;0.0;0.0;0.0;0.0;0.0;99.63;35.35;0;0;0;0;0;0;0;0;0;0;1;0;0;0;0;0;0;0;0;0
LOULE;41.0;2341.0;13.0;335.0;1993.0;1129.0;1.0;6.0;6.0;0.0;0.0;0.0;0.0;73.0;720.0;20.0;73.0;627.0;2025.0;70.0;638.0;28.0;0.0;533.0;77.0;0.0;116.0;848.0;33.0;95.0;720.0;1620.0;116.0;926.0;26.0;0.0;650.0;247.0;3.0;115.0;1038.0;42.0;149.0;847.0;1525.0;115.0;1147.0;19.0;18.0;794.0;306.0;10.0;151.0;1410.0;106.0;240.0;1064.0;1647.0;125.0;1386.0;20.0;98.0;973.0;277.0;18.0;181.0;1824.0;162.0;412.0;1250.0;1850.0;128.0;1413.0;8.0;138.0;1039.0;199.0;29.0;228.0;2280.0;332.0;645.0;1303.0;1788.0;115.0;1252.0;0.0;150.0;906.0;166.0;30.0;232.0;2624.0;600.0;836.0;1188.0;1387.0;80.0;844.0;0.0;124.0;555.0;116.0;49.0;325.0;2775.0;1024.0;732.0;1019.0;1284.0;13.0;730.0;0.0;112.0;483.0;105.0;30.0;427.0;2939.0;1458.0;613.0;868.0;1044.0;0.0;556.0;0.0;102.0;373.0;63.0;18.0;522.0;2891.0;1993.0;358.0;540.0;742.0;0.0;529.0;0.0;97.0;338.0;57.0;37.0;539.0;2866.0;2113.0;234.0;519.0;327.0;0.0;378.0;0.0;107.0;191.0;48.0;32.0;1945.0;5508.0;4666.0;313.0;529.0;315.0;0.0;348.0;0.0;108.0;167.0;44.0;29.0;0.0;0.0;0.0;0.0;14.63;15.93;15.93;115.41;4981.0;3611.0;18566.0;7818.0;4793.0;3433.0;20038.0;9092.0;61.4;0.0;0.0;0.0;0.0;0.0;0.0;0.0;1.0;0.0;0.0;0.0;0.0;1.0;0.0;0.6;4.37;0.82;10.91;0.1;1.31;3.94;0.0;0.82;0.17;0.18;0.0;1.26;1.73;3.44;0.0;27.44;0.0;0.0;0.0;42.22;0.09;0.49;0.12;0.0;3.46;9.07;0.0;0.0;0.0;0.0;0.0;0.0;0.0;2.63;0.0;0.0;0.0;57.94;0.0;0.0;0.0;3.73;0.0;0.0;0.0;0.0;0.0;0.0;0.0;0.0;0.0;0.0;0.0;0.0;0.0;0.0;0.0;0.0;0.0;0.0;0.0;0.0;0.0;0.0;0.0;0.0;0.0;0.0;0.0;0.0;0.0;0.0;0.0;0.0;0.0;0.0;0.0;0.0;0.0;0.0;0.0;0.0;0.0;0.0;0.0;0.0;0.0;0.0;0.0;0.0;0.0;0.0;0.0;0.0;100.0;23.17;0;0;0;0;0;0;0;1;0;0;0;0;0;0;0;0;0;0;0;0
LOURES;71.0;7096.0;71.0;1156.0;5869.0;3464.0;11.0;10.0;10.0;0.0;0.0;0.0;0.0;161.0;2115.0;103.0;326.0;1686.0;6144.0;235.0;2425.0;88.0;0.0;1993.0;343.0;1.0;259.0;2352.0;130.0;428.0;1794.0;4418.0;398.0;4126.0;68.0;0.0;2579.0;1458.0;21.0;273.0;2802.0;201.0;564.0;2037.0;4215.0;391.0;4541.0;68.0;30.0;2709.0;1670.0;64.0;288.0;3534.0;257.0;767.0;2510.0;4396.0;423.0;4962.0;59.0;213.0;3343.0;1233.0;114.0;327.0;4308.0;479.0;1092.0;2737.0;4798.0;389.0;5339.0;18.0;315.0;4076.0;790.0;140.0;338.0;5449.0;889.0;1630.0;2930.0;4848.0;290.0;4366.0;0.0;383.0;3328.0;544.0;111.0;376.0;6301.0;1470.0;2109.0;2722.0;3765.0;205.0;2808.0;0.0;332.0;2020.0;370.0;86.0;442.0;6920.0;2354.0;1937.0;2629.0;3210.0;30.0;1920.0;0.0;226.0;1376.0;250.0;68.0;593.0;7387.0;3416.0;1691.0;2280.0;2582.0;0.0;1560.0;0.0;226.0;1112.0;173.0;49.0;692.0;8057.0;5242.0;1056.0;1759.0;1659.0;0.0;1274.0;0.0;239.0;876.0;113.0;46.0;663.0;8634.0;6161.0;818.0;1655.0;888.0;0.0;1113.0;0.0;235.0;753.0;74.0;51.0;3349.0;15710.0;12521.0;1066.0;2123.0;1024.0;0.0;1243.0;0.0;341.0;802.0;62.0;38.0;98427.0;72605.0;13945.0;16613.0;8.74;8.52;8.52;102.3;15306.0;11063.0;49958.0;18793.0;14317.0;10669.0;55971.0;25513.0;0.0;0.0;0.0;0.0;0.0;0.0;0.0;0.0;1.0;0.0;0.0;0.0;0.0;1.0;0.04;0.23;4.0;1.07;8.56;0.06;1.02;5.47;0.1;1.57;0.13;0.11;0.04;0.89;1.79;7.76;0.53;20.23;0.0;0.0;0.0;46.02;0.04;0.26;0.07;0.0;4.04;8.83;0.0;3.49;0.0;0.0;0.0;0.0;0.0;2.33;1.6;0.0;0.0;32.97;0.0;0.0;0.0;30.48;0.0;0.0;0.0;0.0;0.0;0.0;0.0;0.0;0.0;0.0;0.0;0.0;0.0;0.0;0.0;0.0;0.0;0.0;0.0;0.0;0.0;0.0;0.0;0.0;0.0;0.0;0.0;0.0;0.0;0.0;0.0;0.0;0.0;0.0;0.0;0.0;0.0;0.0;0.0;0.0;0.0;0.0;0.0;0.0;0.0;0.0;0.0;0.0;0.0;0.0;0.0;0.0;99.99;16.25;0;0;0;0;0;0;0;0;0;0;1;0;0;0;0;0;0;0;0;0
LOURINHA;7.0;925.0;11.0;140.0;774.0;396.0;1.0;2.0;2.0;0.0;0.0;0.0;0.0;19.0;288.0;10.0;47.0;231.0;692.0;43.0;277.0;27.0;0.0;227.0;23.0;0.0;20.0;244.0;9.0;60.0;175.0;520.0;56.0;345.0;10.0;0.0;205.0;127.0;3.0;34.0;377.0;22.0;65.0;290.0;462.0;57.0;324.0;9.0;2.0;224.0;86.0;3.0;26.0;585.0;38.0;108.0;439.0;582.0;59.0;405.0;8.0;17.0;283.0;85.0;12.0;46.0;756.0;51.0;223.0;482.0;647.0;52.0;457.0;1.0;35.0;357.0;57.0;7.0;58.0;982.0;185.0;387.0;410.0;560.0;38.0;405.0;0.0;43.0;300.0;54.0;8.0;76.0;1035.0;327.0;367.0;341.0;374.0;23.0;235.0;0.0;33.0;167.0;29.0;6.0;100.0;1230.0;583.0;358.0;289.0;308.0;2.0;190.0;0.0;28.0;124.0;32.0;6.0;103.0;1191.0;649.0;296.0;246.0;274.0;0.0;166.0;0.0;30.0;110.0;21.0;5.0;162.0;1386.0;1037.0;158.0;191.0;186.0;0.0;142.0;0.0;31.0;95.0;11.0;5.0;134.0;1287.0;1037.0;97.0;153.0;101.0;0.0;103.0;0.0;33.0;54.0;8.0;8.0;778.0;2204.0;1904.0;133.0;167.0;91.0;0.0;96.0;0.0;39.0;47.0;8.0;2.0;11011.0;10780.0;2075.0;2374.0;4.11;5.4;5.4;0.0;1826.0;1363.0;6482.0;3020.0;1690.0;1287.0;6922.0;3650.0;0.0;0.0;0.0;0.0;0.0;0.0;0.0;0.0;1.0;0.0;0.0;0.0;0.0;1.0;0.04;0.41;3.81;2.07;12.48;0.11;1.57;3.66;0.08;1.02;0.07;0.13;0.04;1.53;1.38;2.57;0.35;33.38;0.0;0.0;0.0;34.59;0.03;0.56;0.11;0.0;0.0;11.23;0.0;0.0;0.0;0.0;0.0;0.0;0.0;0.0;0.0;0.0;0.0;47.82;0.0;0.0;0.0;4.66;0.0;0.0;0.0;0.0;0.0;0.0;0.0;0.0;0.0;0.0;0.0;0.0;0.0;0.0;0.0;0.0;0.0;0.0;0.0;0.0;0.0;0.0;0.0;0.0;0.0;0.0;0.0;0.0;0.0;0.0;0.0;0.0;0.0;0.0;0.0;0.0;0.0;0.0;0.0;0.0;0.0;0.0;0.0;0.0;0.0;0.0;0.0;0.0;0.0;0.0;0.0;0.0;100.0;36.29;0;0;0;0;0;0;0;0;0;0;1;0;0;0;0;0;0;0;0;0
LOUSA;14.0;537.0;5.0;51.0;481.0;321.0;1.0;2.0;2.0;0.0;0.0;0.0;0.0;6.0;122.0;4.0;17.0;101.0;551.0;19.0;200.0;12.0;0.0;155.0;33.0;0.0;11.0;120.0;2.0;13.0;105.0;333.0;23.0;274.0;0.0;0.0;163.0;111.0;0.0;12.0;202.0;8.0;23.0;171.0;302.0;33.0;267.0;3.0;4.0;155.0;101.0;4.0;13.0;305.0;10.0;60.0;235.0;323.0;31.0;305.0;1.0;5.0;230.0;63.0;6.0;29.0;462.0;30.0;115.0;317.0;470.0;33.0;387.0;1.0;21.0;290.0;64.0;11.0;36.0;628.0;70.0;207.0;351.0;457.0;28.0;337.0;0.0;23.0;261.0;43.0;10.0;34.0;714.0;160.0;236.0;318.0;339.0;18.0;219.0;0.0;21.0;166.0;27.0;5.0;44.0;751.0;265.0;220.0;266.0;261.0;3.0;166.0;0.0;11.0;115.0;33.0;7.0;36.0;780.0;413.0;159.0;208.0;187.0;0.0;115.0;0.0;18.0;79.0;14.0;4.0;43.0;758.0;560.0;81.0;117.0;133.0;0.0;80.0;0.0;23.0;46.0;7.0;4.0;58.0;783.0;633.0;52.0;98.0;53.0;0.0;52.0;0.0;21.0;27.0;1.0;3.0;348.0;1477.0;1314.0;59.0;104.0;42.0;0.0;61.0;0.0;36.0;21.0;2.0;2.0;6985.0;7266.0;1224.0;1531.0;2.89;2.76;2.76;0.0;1188.0;930.0;4364.0;1714.0;1069.0;843.0;4724.0;2174.0;17.2;0.0;0.0;0.0;0.0;0.0;0.0;0.0;1.0;0.0;0.0;0.0;0.0;1.0;0.06;0.0;4.63;1.2;5.99;0.69;1.78;2.88;0.0;0.86;0.1;0.42;0.0;1.13;1.13;2.08;0.25;24.0;0.0;0.0;0.0;50.44;0.0;0.29;2.09;0.0;5.07;2.8;0.0;0.0;0.0;0.0;0.0;0.0;0.0;0.0;0.0;0.0;0.0;55.58;0.0;0.0;0.0;2.91;0.0;0.0;0.0;0.0;0.0;0.0;0.0;0.0;0.0;0.0;0.0;0.0;0.0;0.0;0.0;0.0;0.0;0.0;0.0;0.0;0.0;0.0;0.0;0.0;0.0;0.0;0.0;0.0;0.0;0.0;0.0;0.0;0.0;0.0;0.0;0.0;0.0;0.0;0.0;0.0;0.0;0.0;0.0;0.0;0.0;0.0;0.0;0.0;0.0;0.0;0.0;0.0;100.0;33.64;0;0;0;0;0;0;1;0;0;0;0;0;0;0;0;0;0;0;0;0
LOUSADA;24.0;1746.0;8.0;192.0;1546.0;1065.0;5.0;5.0;5.0;0.0;0.0;0.0;0.0;22.0;629.0;4.0;75.0;550.0;1878.0;71.0;636.0;28.0;0.0;510.0;95.0;3.0;26.0;862.0;17.0;172.0;673.0;1261.0;99.0;798.0;17.0;0.0;476.0;296.0;9.0;36.0;1341.0;50.0;371.0;920.0;847.0;73.0;615.0;3.0;3.0;390.0;211.0;8.0;48.0;1714.0;134.0;541.0;1039.0;862.0;56.0;537.0;0.0;11.0;408.0;107.0;11.0;67.0;2213.0;268.0;1124.0;821.0;770.0;43.0;548.0;0.0;25.0;436.0;78.0;9.0;106.0;2884.0;771.0;1291.0;822.0;646.0;22.0;378.0;0.0;38.0;271.0;63.0;6.0;167.0;2966.0;1329.0;1001.0;636.0;400.0;14.0;210.0;0.0;24.0;168.0;13.0;5.0;174.0;3026.0;1771.0;749.0;506.0;302.0;0.0;128.0;0.0;7.0;102.0;16.0;3.0;193.0;2693.0;1928.0;412.0;353.0;198.0;0.0;74.0;0.0;9.0;60.0;5.0;0.0;250.0;2023.0;1737.0;112.0;174.0;84.0;0.0;69.0;0.0;12.0;51.0;3.0;3.0;210.0;1556.0;1390.0;73.0;93.0;30.0;0.0;53.0;0.0;16.0;31.0;4.0;2.0;1033.0;1911.0;1765.0;77.0;69.0;23.0;0.0;43.0;0.0;17.0;24.0;1.0;1.0;19280.0;22755.0;2662.0;2667.0;0.55;1.04;1.04;0.0;3400.0;3101.0;13169.0;3220.0;3201.0;2980.0;14228.0;4065.0;0.0;0.0;0.0;0.0;0.0;0.0;0.0;0.0;1.0;0.0;0.0;0.0;0.0;1.0;0.05;0.07;2.79;1.12;4.69;0.11;0.92;2.68;0.01;0.62;0.08;0.05;0.12;1.06;0.87;1.64;0.0;32.41;0.0;0.0;0.0;48.96;0.06;1.63;0.07;0.0;1.54;1.56;0.0;0.0;0.0;0.0;0.0;0.0;0.0;0.0;0.0;0.0;0.0;60.25;0.0;0.65;0.0;1.18;0.0;0.0;0.0;0.0;0.0;0.0;0.0;0.0;0.0;0.0;0.0;0.0;0.0;0.0;0.0;0.0;0.0;0.0;0.0;0.0;0.0;0.0;0.0;0.0;0.0;0.0;0.0;0.0;0.0;0.0;0.0;0.0;0.0;0.0;0.0;0.0;0.0;0.0;0.0;0.0;0.0;0.0;0.0;0.0;0.0;0.0;0.0;0.0;0.0;0.0;0.0;0.0;100.0;34.82;0;0;0;0;0;0;0;0;0;0;0;0;0;1;0;0;0;0;0;0
MACAO;1.0;142.0;0.0;26.0;116.0;77.0;0.0;2.0;2.0;0.0;0.0;0.0;0.0;2.0;25.0;0.0;5.0;20.0;158.0;4.0;56.0;1.0;0.0;50.0;5.0;0.0;3.0;47.0;2.0;9.0;36.0;89.0;11.0;60.0;4.0;0.0;33.0;22.0;1.0;4.0;58.0;3.0;18.0;37.0;68.0;9.0;64.0;1.0;1.0;43.0;18.0;1.0;7.0;73.0;3.0;16.0;54.0;95.0;11.0;70.0;0.0;2.0;54.0;14.0;0.0;5.0;125.0;5.0;28.0;92.0;108.0;4.0;69.0;0.0;2.0;56.0;9.0;2.0;11.0;150.0;21.0;40.0;89.0;101.0;2.0;65.0;0.0;6.0;51.0;7.0;1.0;9.0;261.0;46.0;92.0;123.0;106.0;6.0;41.0;0.0;5.0;32.0;4.0;0.0;15.0;370.0;107.0;111.0;152.0;81.0;1.0;41.0;0.0;5.0;29.0;7.0;0.0;28.0;370.0;187.0;72.0;111.0;78.0;0.0;34.0;0.0;6.0;25.0;3.0;0.0;20.0;406.0;274.0;48.0;84.0;49.0;0.0;42.0;0.0;12.0;28.0;2.0;0.0;45.0;425.0;307.0;45.0;73.0;23.0;0.0;31.0;0.0;8.0;20.0;2.0;1.0;466.0;1121.0;987.0;48.0;86.0;25.0;0.0;41.0;0.0;21.0;18.0;2.0;0.0;2088.0;2968.0;956.0;390.0;1.14;2.94;2.94;0.0;246.0;252.0;1418.0;1145.0;245.0;215.0;1332.0;1549.0;0.0;0.0;0.0;0.0;0.0;0.0;0.0;0.0;0.0;1.0;0.0;0.0;0.0;0.0;0.0;0.0;3.18;1.83;8.44;0.21;0.96;1.43;0.0;0.82;0.22;0.09;0.0;1.32;0.65;2.73;0.0;37.12;0.0;0.0;0.0;40.58;0.06;0.27;0.09;0.0;0.0;2.54;0.0;0.0;0.0;0.0;0.0;0.0;0.0;0.0;0.0;0.0;0.0;27.22;0.0;0.0;0.0;2.72;0.0;0.0;0.0;0.0;0.0;0.0;0.0;0.0;0.0;0.0;0.0;0.0;0.0;0.0;0.0;0.0;0.0;0.0;0.0;0.0;0.0;0.0;0.0;0.0;0.0;0.0;0.0;0.0;0.0;0.0;0.0;0.0;0.0;0.0;0.0;0.0;0.0;0.0;0.0;0.0;0.0;0.0;0.0;0.0;0.0;0.0;0.0;0.0;0.0;0.0;0.0;0.0;99.99;67.51;0;0;0;0;0;0;0;0;0;0;0;0;0;0;1;0;0;0;0;0
MACEDO DE CAVALEIROS;0.0;412.0;8.0;65.0;339.0;189.0;0.0;0.0;0.0;0.0;0.0;0.0;0.0;8.0;116.0;4.0;24.0;88.0;374.0;3.0;154.0;11.0;0.0;110.0;32.0;1.0;9.0;119.0;10.0;26.0;83.0;183.0;20.0;194.0;3.0;0.0;118.0;73.0;0.0;11.0;194.0;24.0;52.0;118.0;199.0;20.0;201.0;5.0;0.0;136.0;59.0;1.0;20.0;203.0;17.0;59.0;127.0;229.0;10.0;211.0;1.0;2.0;165.0;38.0;5.0;23.0;317.0;39.0;105.0;173.0;228.0;12.0;229.0;0.0;5.0;195.0;25.0;4.0;25.0;379.0;80.0;131.0;168.0;229.0;10.0;186.0;0.0;14.0;152.0;20.0;0.0;47.0;578.0;177.0;201.0;200.0;182.0;3.0;185.0;0.0;14.0;153.0;16.0;2.0;59.0;708.0;350.0;175.0;183.0;209.0;0.0;125.0;0.0;11.0;95.0;18.0;1.0;89.0;853.0;522.0;161.0;170.0;173.0;0.0;96.0;0.0;4.0;81.0;10.0;1.0;89.0;970.0;747.0;104.0;119.0;87.0;0.0;101.0;0.0;23.0;74.0;3.0;1.0;111.0;926.0;765.0;69.0;92.0;40.0;0.0;62.0;0.0;25.0;37.0;0.0;0.0;839.0;1613.0;1447.0;78.0;88.0;35.0;0.0;68.0;0.0;29.0;36.0;0.0;3.0;5059.0;6843.0;1527.0;822.0;1.2;2.62;2.62;0.0;654.0;613.0;3316.0;2190.0;632.0;643.0;3452.0;2751.0;0.0;0.0;0.0;0.0;0.0;0.0;0.0;0.0;1.0;0.0;0.0;0.0;0.0;0.0;0.0;0.0;1.7;3.12;7.68;0.11;1.06;1.19;0.0;0.24;0.18;0.13;0.0;1.47;0.32;0.9;0.0;38.35;0.0;0.0;0.0;43.23;0.0;0.33;0.0;0.0;0.0;1.25;0.0;0.0;0.0;0.0;0.0;0.0;0.0;0.0;0.0;0.0;0.0;50.21;0.0;0.0;0.0;1.08;0.0;0.0;0.0;0.0;0.0;0.0;0.0;0.0;0.0;0.0;0.0;0.0;0.0;0.0;0.0;0.0;0.0;0.0;0.0;0.0;0.0;0.0;0.0;0.0;0.0;0.0;0.0;0.0;0.0;0.0;0.0;0.0;0.0;0.0;0.0;0.0;0.0;0.0;0.0;0.0;0.0;0.0;0.0;0.0;0.0;0.0;0.0;0.0;0.0;5.91;0.0;0.0;100.0;41.55;0;0;0;0;1;0;0;0;0;0;0;0;0;0;0;0;0;0;0;0
MACHICO;14.0;737.0;9.0;110.0;618.0;395.0;0.0;1.0;1.0;0.0;0.0;0.0;0.0;11.0;201.0;9.0;39.0;153.0;694.0;18.0;221.0;12.0;0.0;174.0;35.0;0.0;18.0;226.0;12.0;56.0;158.0;349.0;42.0;301.0;8.0;0.0;187.0;105.0;1.0;25.0;312.0;35.0;96.0;181.0;322.0;49.0;249.0;4.0;1.0;159.0;84.0;1.0;28.0;474.0;51.0;146.0;277.0;373.0;37.0;245.0;3.0;3.0;191.0;44.0;4.0;39.0;657.0;102.0;205.0;350.0;365.0;28.0;334.0;0.0;11.0;283.0;36.0;4.0;67.0;975.0;232.0;400.0;343.0;339.0;19.0;270.0;0.0;12.0;234.0;20.0;4.0;109.0;1162.0;530.0;425.0;207.0;219.0;16.0;149.0;0.0;13.0;117.0;19.0;0.0;117.0;1349.0;823.0;329.0;197.0;165.0;0.0;102.0;0.0;10.0;80.0;11.0;1.0;129.0;1235.0;900.0;215.0;120.0;111.0;0.0;58.0;0.0;5.0;44.0;7.0;2.0;140.0;1104.0;951.0;85.0;68.0;57.0;0.0;35.0;0.0;5.0;28.0;2.0;0.0;163.0;729.0;662.0;34.0;33.0;21.0;0.0;17.0;0.0;10.0;5.0;1.0;1.0;712.0;976.0;906.0;35.0;35.0;32.0;0.0;35.0;0.0;10.0;22.0;1.0;2.0;8170.0;8564.0;1637.0;1222.0;1.09;1.56;1.56;77.02;1155.0;1195.0;5540.0;1588.0;1061.0;1097.0;5524.0;2433.0;24.1;0.0;0.0;0.0;0.0;0.0;0.0;0.0;1.0;0.0;0.0;0.0;0.0;1.0;0.0;0.3;2.99;0.0;5.0;0.21;0.38;2.13;5.97;0.37;0.18;0.3;0.0;1.98;1.2;1.0;0.0;0.0;30.98;0.0;0.23;46.03;0.48;0.26;0.0;0.0;0.0;2.11;0.0;1.7;4.45;0.0;0.0;0.0;0.0;0.0;0.0;0.0;0.0;53.54;0.61;0.0;0.0;0.81;0.0;0.0;0.0;0.0;0.0;0.0;0.0;0.0;0.0;0.0;0.0;0.0;0.0;0.0;0.0;0.0;0.0;0.0;0.0;0.0;0.0;0.0;0.0;0.0;0.0;0.0;0.0;0.0;0.0;0.0;0.0;0.0;0.0;0.0;0.0;0.0;0.0;0.0;0.0;0.0;0.0;0.0;0.0;0.0;0.0;0.0;0.0;0.0;0.0;0.0;0.0;0.0;99.99;36.77;0;0;0;0;0;0;0;0;0;0;0;1;0;0;0;0;0;0;0;0
MADALENA;3.0;213.0;1.0;38.0;174.0;106.0;0.0;1.0;1.0;0.0;0.0;0.0;0.0;2.0;81.0;3.0;12.0;66.0;174.0;14.0;59.0;4.0;0.0;47.0;8.0;0.0;3.0;107.0;4.0;16.0;87.0;124.0;12.0;85.0;1.0;0.0;54.0;29.0;1.0;13.0;152.0;6.0;25.0;121.0;131.0;20.0;104.0;3.0;1.0;70.0;30.0;0.0;10.0;158.0;17.0;24.0;117.0;128.0;18.0;112.0;2.0;3.0;88.0;17.0;2.0;7.0;223.0;28.0;55.0;140.0;161.0;7.0;114.0;0.0;5.0;94.0;14.0;1.0;16.0;293.0;48.0;126.0;119.0;112.0;8.0;88.0;0.0;5.0;74.0;8.0;1.0;19.0;288.0;99.0;112.0;77.0;90.0;2.0;35.0;0.0;0.0;31.0;3.0;1.0;18.0;364.0;208.0;85.0;71.0;69.0;1.0;37.0;0.0;4.0;30.0;2.0;1.0;27.0;289.0;197.0;46.0;46.0;50.0;0.0;26.0;0.0;5.0;19.0;1.0;1.0;21.0;304.0;255.0;20.0;29.0;15.0;0.0;16.0;0.0;3.0;12.0;1.0;0.0;25.0;254.0;219.0;16.0;19.0;11.0;0.0;16.0;0.0;9.0;7.0;0.0;0.0;112.0;469.0;439.0;13.0;17.0;7.0;0.0;12.0;0.0;7.0;3.0;2.0;0.0;2705.0;2564.0;501.0;549.0;2.99;2.56;2.56;84.76;449.0;326.0;1774.0;530.0;434.0;327.0;1747.0;732.0;35.4;0.0;0.0;0.0;0.0;0.0;0.0;0.0;0.0;1.0;0.0;0.0;0.0;0.0;0.0;0.64;1.73;0.0;4.19;0.0;4.49;2.61;0.0;0.7;0.06;0.17;0.0;0.83;0.77;0.75;0.52;0.0;0.0;39.63;0.0;42.57;0.0;0.29;0.03;0.0;1.94;0.0;0.0;0.0;0.0;0.0;0.0;0.0;0.0;0.0;0.0;0.0;0.0;38.03;0.0;0.0;0.0;0.0;0.0;0.0;0.0;0.0;0.0;0.0;0.0;0.0;0.0;0.0;0.0;0.0;0.0;0.0;0.0;0.0;0.0;0.0;0.0;0.0;0.0;0.0;0.0;0.0;0.0;0.0;0.0;0.0;0.0;0.0;0.0;0.0;0.0;0.0;0.0;0.0;0.0;0.0;0.0;0.0;0.0;0.0;0.0;0.0;0.0;0.0;0.0;0.0;0.0;0.0;0.0;0.0;100.0;60.03;0;1;0;0;0;0;0;0;0;0;0;0;0;0;0;0;0;0;0;0
MAFRA;23.0;3523.0;9.0;434.0;3080.0;1683.0;5.0;2.0;2.0;0.0;0.0;0.0;0.0;41.0;720.0;8.0;87.0;625.0;2548.0;103.0;1146.0;51.0;0.0;903.0;190.0;2.0;76.0;706.0;16.0;114.0;576.0;1543.0;158.0;1501.0;26.0;0.0;894.0;566.0;15.0;81.0;1008.0;42.0;190.0;776.0;1565.0;187.0;1700.0;17.0;27.0;991.0;640.0;25.0;92.0;1518.0;76.0;311.0;1131.0;1899.0;212.0;2404.0;24.0;125.0;1620.0;579.0;56.0;109.0;2095.0;159.0;580.0;1356.0;2503.0;202.0;2859.0;7.0;161.0;2199.0;440.0;52.0;117.0;2708.0;369.0;994.0;1345.0;2418.0;185.0;2662.0;0.0;282.0;1938.0;383.0;59.0;125.0;2923.0;715.0;1061.0;1147.0;1796.0;99.0;1514.0;0.0;188.0;1084.0;205.0;37.0;144.0;3047.0;1078.0;951.0;1018.0;1335.0;13.0;1022.0;0.0;128.0;700.0;158.0;36.0;175.0;2931.0;1415.0;757.0;759.0;892.0;1.0;644.0;0.0;97.0;423.0;95.0;29.0;199.0;2846.0;1955.0;356.0;535.0;595.0;0.0;529.0;0.0;111.0;337.0;58.0;23.0;223.0;2929.0;2149.0;249.0;531.0;297.0;0.0;366.0;0.0;88.0;229.0;36.0;13.0;1359.0;5317.0;4361.0;372.0;584.0;313.0;0.0;402.0;0.0;90.0;268.0;22.0;22.0;40785.0;33108.0;5011.0;7611.0;5.19;6.68;6.68;102.88;7228.0;4997.0;22927.0;6764.0;6949.0;4797.0;24242.0;8611.0;0.0;0.0;0.0;0.0;0.0;0.0;0.0;0.0;0.0;1.0;0.0;0.0;0.0;0.0;0.13;0.42;4.35;1.29;8.71;0.08;1.48;7.14;0.09;1.85;0.11;0.18;0.07;1.03;2.1;3.28;0.34;28.46;0.0;0.0;0.0;38.42;0.02;0.33;0.09;0.0;2.82;5.85;0.0;2.74;0.0;0.0;0.0;0.0;0.0;3.23;0.0;0.0;0.0;19.75;0.0;0.0;0.0;4.58;0.0;0.0;0.0;0.0;0.0;0.0;0.0;0.0;0.0;0.0;0.0;0.0;0.0;0.0;0.0;0.0;0.0;0.0;0.0;0.0;0.0;0.0;0.0;0.0;0.0;0.0;0.0;0.0;0.0;0.0;0.0;0.0;0.0;0.0;0.0;0.0;0.0;0.0;0.0;0.0;0.0;0.0;0.0;0.0;0.0;0.0;0.0;0.0;0.0;0.0;0.0;0.0;100.0;61.03;0;0;0;0;0;0;0;0;0;0;1;0;0;0;0;0;0;0;0;0
MAIA;39.0;4601.0;12.0;447.0;4142.0;2755.0;9.0;11.0;11.0;0.0;0.0;0.0;0.0;55.0;851.0;20.0;120.0;711.0;4237.0;156.0;2078.0;83.0;0.0;1633.0;358.0;4.0;62.0;904.0;33.0;144.0;727.0;2445.0;219.0;3208.0;43.0;0.0;1747.0;1388.0;30.0;75.0;1448.0;70.0;345.0;1033.0;2244.0;248.0;3498.0;37.0;25.0;1876.0;1478.0;82.0;128.0;2143.0;106.0;487.0;1550.0;2750.0;302.0;3884.0;23.0;155.0;2596.0;959.0;151.0;115.0;2797.0;232.0;872.0;1693.0;3102.0;263.0;4559.0;12.0;291.0;3388.0;709.0;159.0;170.0;4108.0;676.0;1486.0;1946.0;3115.0;224.0;4229.0;0.0;425.0;3149.0;540.0;115.0;220.0;5070.0;1304.0;1819.0;1947.0;2595.0;149.0;2737.0;0.0;282.0;1942.0;410.0;103.0;265.0;5572.0;2235.0;1440.0;1897.0;2168.0;21.0;1879.0;0.0;190.0;1332.0;245.0;112.0;299.0;5448.0;2768.0;1140.0;1540.0;1671.0;0.0;1234.0;0.0;148.0;895.0;137.0;54.0;333.0;5326.0;3862.0;537.0;927.0;961.0;0.0;1033.0;0.0;239.0;689.0;68.0;37.0;365.0;5433.0;4018.0;481.0;934.0;535.0;0.0;673.0;0.0;211.0;400.0;35.0;27.0;1886.0;8382.0;6836.0;538.0;1008.0;500.0;0.0;709.0;0.0;270.0;385.0;29.0;25.0;57756.0;57511.0;8102.0;11608.0;1.67;2.69;2.69;0.0;9430.0;7528.0;35798.0;11371.0;9051.0;7264.0;39770.0;14765.0;0.0;0.0;0.0;0.0;0.0;0.0;0.0;0.0;0.0;1.0;0.0;0.0;0.0;0.0;0.04;0.15;4.77;1.17;4.14;0.12;1.14;6.1;0.05;1.11;0.07;0.07;0.07;0.8;2.06;3.03;0.0;34.97;0.0;0.0;0.0;39.49;0.05;0.49;0.1;0.0;5.49;4.09;0.0;3.89;0.0;0.0;0.0;0.0;0.0;3.98;0.0;0.0;0.22;34.28;0.0;0.0;0.0;5.12;0.0;0.0;0.0;0.0;0.0;0.0;0.0;0.0;0.0;0.0;0.0;0.0;0.0;0.0;0.0;0.0;0.0;0.0;0.0;0.0;0.0;0.0;0.0;0.0;0.0;0.0;0.0;0.0;0.0;0.0;0.0;0.0;0.0;0.0;0.0;0.0;0.0;0.0;0.0;0.0;0.0;0.0;0.0;0.0;0.0;0.0;0.0;0.0;0.0;0.0;0.0;0.0;100.01;42.94;0;0;0;0;0;0;0;0;0;0;0;0;0;1;0;0;0;0;0;0
MANGUALDE;4.0;641.0;1.0;72.0;568.0;286.0;1.0;1.0;1.0;0.0;0.0;0.0;0.0;4.0;153.0;3.0;18.0;132.0;543.0;17.0;195.0;16.0;0.0;141.0;38.0;0.0;9.0;199.0;2.0;18.0;179.0;318.0;24.0;259.0;8.0;0.0;171.0;79.0;1.0;11.0;259.0;8.0;44.0;207.0;292.0;32.0;207.0;0.0;0.0;128.0;78.0;1.0;17.0;401.0;19.0;78.0;304.0;346.0;34.0;271.0;3.0;11.0;209.0;46.0;2.0;24.0;562.0;42.0;204.0;316.0;357.0;14.0;245.0;1.0;10.0;211.0;21.0;2.0;28.0;648.0;101.0;259.0;288.0;290.0;15.0;222.0;0.0;17.0;184.0;20.0;1.0;30.0;809.0;211.0;315.0;283.0;228.0;12.0;155.0;0.0;14.0;110.0;22.0;9.0;61.0;950.0;360.0;327.0;263.0;188.0;1.0;108.0;0.0;12.0;81.0;12.0;3.0;69.0;1047.0;544.0;284.0;219.0;168.0;0.0;123.0;0.0;11.0;98.0;10.0;4.0;92.0;1077.0;833.0;121.0;123.0;105.0;0.0;67.0;0.0;8.0;56.0;3.0;0.0;135.0;1043.0;873.0;73.0;97.0;49.0;0.0;63.0;0.0;22.0;35.0;6.0;0.0;720.0;1945.0;1789.0;66.0;90.0;33.0;0.0;70.0;0.0;30.0;37.0;2.0;1.0;6386.0;9121.0;1656.0;1140.0;2.04;2.11;2.11;0.0;1010.0;968.0;4364.0;2394.0;1016.0;877.0;4669.0;3005.0;31.2;0.0;0.0;0.0;0.0;0.0;0.0;0.0;1.0;0.0;0.0;0.0;0.0;0.0;0.0;0.06;2.36;1.82;8.76;0.08;1.46;1.46;0.0;0.42;0.07;0.3;0.06;1.48;0.62;1.15;0.0;33.0;0.0;0.0;0.0;46.28;0.0;0.5;0.11;0.0;0.0;12.05;0.0;0.0;0.0;0.0;0.0;0.0;0.0;0.0;0.0;0.0;0.0;58.07;0.0;0.0;0.0;2.71;0.0;0.0;0.0;0.0;0.0;0.0;0.0;0.0;0.0;0.0;0.0;0.0;0.0;0.0;0.0;0.0;0.0;0.0;0.0;0.0;0.0;0.0;0.0;0.0;0.0;0.0;0.0;0.0;0.0;0.0;0.0;0.0;0.0;0.0;0.0;0.0;0.0;0.0;0.0;0.0;0.0;0.0;0.0;0.0;0.0;0.0;0.0;0.0;0.0;0.0;0.0;0.0;100.0;27.17;0;0;0;0;0;0;0;0;0;0;0;0;0;0;0;0;0;0;1;0
MANTEIGAS;1.0;74.0;1.0;14.0;59.0;36.0;0.0;0.0;0.0;0.0;0.0;0.0;0.0;1.0;5.0;0.0;0.0;5.0;76.0;3.0;44.0;1.0;0.0;36.0;7.0;0.0;2.0;12.0;0.0;3.0;9.0;55.0;6.0;50.0;4.0;0.0;30.0;16.0;0.0;0.0;23.0;0.0;3.0;20.0;36.0;3.0;39.0;4.0;0.0;29.0;6.0;0.0;0.0;37.0;1.0;4.0;32.0;52.0;4.0;32.0;0.0;1.0;23.0;8.0;0.0;4.0;58.0;8.0;11.0;39.0;56.0;0.0;35.0;0.0;5.0;26.0;4.0;0.0;3.0;79.0;12.0;29.0;38.0;38.0;2.0;38.0;0.0;8.0;29.0;1.0;0.0;9.0;108.0;35.0;38.0;35.0;34.0;5.0;25.0;0.0;2.0;21.0;2.0;0.0;4.0;181.0;97.0;42.0;42.0;30.0;0.0;9.0;0.0;1.0;8.0;0.0;0.0;17.0;226.0;141.0;43.0;42.0;28.0;0.0;15.0;0.0;3.0;12.0;0.0;0.0;20.0;253.0;201.0;30.0;22.0;15.0;0.0;15.0;0.0;1.0;12.0;1.0;1.0;16.0;225.0;199.0;12.0;14.0;3.0;0.0;2.0;0.0;1.0;1.0;0.0;0.0;141.0;392.0;361.0;20.0;11.0;7.0;0.0;11.0;0.0;5.0;6.0;0.0;0.0;921.0;1458.0;366.0;164.0;0.64;1.27;1.27;0.0;101.0;112.0;668.0;474.0;113.0;128.0;687.0;626.0;28.5;0.0;0.0;0.0;0.0;0.0;1.0;0.0;0.0;0.0;0.0;0.0;0.0;0.0;0.0;0.0;4.35;1.5;7.9;0.04;0.41;1.53;0.0;0.11;0.0;0.08;0.0;0.62;0.42;3.12;0.0;29.14;0.0;0.0;0.0;49.89;0.0;0.59;0.3;0.0;0.0;0.0;0.0;0.0;0.0;0.0;0.0;0.0;6.91;0.0;0.0;0.0;0.0;28.94;0.0;0.0;0.0;1.44;0.0;0.0;0.0;0.0;0.0;0.0;0.0;0.0;0.0;0.0;0.0;0.0;0.0;0.0;0.0;0.0;0.0;0.0;0.0;0.0;0.0;0.0;0.0;35.16;0.0;0.0;0.0;0.0;0.0;0.0;0.0;0.0;0.0;0.0;0.0;0.0;0.0;0.0;0.0;0.0;0.0;0.0;0.0;0.0;0.0;0.0;0.0;0.0;0.0;0.0;0.0;0.0;100.0;27.55;0;0;0;0;0;0;0;0;1;0;0;0;0;0;0;0;0;0;0;0
MARCO DE CANAVESES;18.0;1803.0;5.0;183.0;1615.0;1134.0;6.0;7.0;7.0;0.0;0.0;0.0;0.0;22.0;388.0;1.0;32.0;355.0;2068.0;68.0;762.0;26.0;0.0;622.0;112.0;2.0;30.0;641.0;17.0;84.0;540.0;1321.0;98.0;827.0;13.0;0.0;513.0;294.0;7.0;38.0;1089.0;74.0;315.0;700.0;804.0;73.0;605.0;9.0;3.0;369.0;213.0;11.0;60.0;1544.0;173.0;464.0;907.0;807.0;70.0;514.0;1.0;12.0;398.0;100.0;3.0;80.0;2137.0;392.0;904.0;841.0;784.0;48.0;466.0;0.0;18.0;383.0;62.0;3.0;165.0;3022.0;822.0;1230.0;970.0;672.0;23.0;382.0;0.0;36.0;306.0;33.0;7.0;172.0;3291.0;1232.0;1229.0;830.0;423.0;14.0;196.0;0.0;24.0;152.0;17.0;3.0;193.0;3278.0;1909.0;796.0;573.0;319.0;3.0;163.0;0.0;13.0;123.0;22.0;5.0;229.0;2847.0;1934.0;498.0;415.0;237.0;0.0;151.0;0.0;17.0;121.0;12.0;1.0;216.0;2376.0;2050.0;168.0;158.0;115.0;0.0;111.0;0.0;36.0;67.0;6.0;2.0;234.0;1835.0;1651.0;87.0;97.0;39.0;0.0;70.0;0.0;34.0;32.0;2.0;2.0;1376.0;2538.0;2414.0;59.0;65.0;36.0;0.0;68.0;0.0;38.0;26.0;3.0;1.0;19920.0;23633.0;3195.0;2793.0;0.73;0.86;0.86;0.0;3302.0;3194.0;13376.0;3899.0;3133.0;3082.0;14440.0;5115.0;0.0;0.0;0.0;0.0;0.0;0.0;0.0;0.0;1.0;0.0;0.0;0.0;0.0;0.0;0.03;0.15;2.57;1.85;3.79;0.14;0.78;2.47;0.07;0.53;0.06;0.08;0.14;0.94;0.89;1.71;0.0;33.0;0.0;0.0;0.0;49.4;0.02;1.3;0.07;0.0;1.32;1.49;0.0;0.0;0.0;0.0;0.0;0.0;0.0;0.0;0.0;0.0;0.0;60.55;0.0;0.0;0.0;1.57;0.0;0.0;0.0;0.0;0.0;0.0;0.0;0.0;0.0;0.0;0.0;0.0;0.0;0.0;0.0;0.0;0.0;0.0;0.0;0.0;0.0;0.0;0.0;0.0;0.0;0.0;0.0;0.0;0.0;0.0;0.0;0.0;0.0;0.0;0.0;0.0;0.0;0.0;0.0;0.0;0.0;0.0;0.0;0.0;0.0;0.0;0.0;0.0;0.0;0.0;0.0;0.0;100.01;35.08;0;0;0;0;0;0;0;0;0;0;0;0;0;1;0;0;0;0;0;0
MARINHA GRANDE;18.0;1240.0;6.0;119.0;1115.0;790.0;5.0;1.0;1.0;0.0;0.0;0.0;0.0;23.0;245.0;9.0;17.0;219.0;1210.0;37.0;499.0;37.0;0.0;405.0;56.0;1.0;43.0;370.0;8.0;38.0;324.0;850.0;85.0;658.0;21.0;0.0;425.0;211.0;1.0;57.0;482.0;20.0;71.0;391.0;777.0;69.0;588.0;8.0;5.0;404.0;164.0;7.0;60.0;695.0;24.0;137.0;534.0;907.0;93.0;645.0;7.0;27.0;490.0;113.0;8.0;56.0;953.0;52.0;224.0;677.0;1165.0;94.0;783.0;2.0;64.0;617.0;90.0;10.0;57.0;1230.0;160.0;368.0;702.0;1044.0;76.0;730.0;0.0;74.0;582.0;64.0;10.0;45.0;1549.0;306.0;483.0;760.0;829.0;46.0;457.0;0.0;59.0;344.0;44.0;10.0;65.0;1639.0;516.0;515.0;608.0;697.0;6.0;324.0;0.0;41.0;241.0;38.0;4.0;122.0;1749.0;830.0;370.0;549.0;500.0;0.0;218.0;0.0;30.0;157.0;25.0;6.0;124.0;1866.0;1295.0;228.0;343.0;272.0;0.0;185.0;0.0;43.0;125.0;11.0;6.0;162.0;1981.0;1521.0;172.0;288.0;166.0;0.0;108.0;0.0;38.0;62.0;5.0;3.0;955.0;2998.0;2527.0;181.0;290.0;140.0;0.0;135.0;0.0;61.0;69.0;4.0;1.0;16619.0;15761.0;2611.0;4033.0;2.99;5.91;5.91;0.0;2538.0;2078.0;10118.0;4107.0;2513.0;1990.0;10695.0;4985.0;30.1;1.0;0.0;0.0;0.0;0.0;0.0;0.0;0.0;0.0;0.0;0.0;0.0;0.0;0.0;0.58;6.38;0.93;7.45;0.07;1.59;4.6;0.0;1.19;0.09;0.17;0.19;1.17;1.66;9.54;0.0;16.9;0.0;0.0;0.0;46.87;0.13;0.47;0.06;0.0;3.87;3.54;0.0;0.0;0.0;0.0;0.0;0.0;0.0;0.0;0.0;0.0;0.0;22.9;0.0;0.0;0.0;21.51;0.0;0.0;0.0;0.0;0.0;0.0;0.0;0.0;0.0;0.0;0.0;0.0;0.0;0.0;0.0;0.0;0.0;0.0;0.0;0.0;0.0;0.0;40.11;0.0;0.0;0.0;0.0;0.0;0.0;0.0;0.0;0.0;0.0;0.0;0.0;0.0;0.0;0.0;0.0;0.0;0.0;0.0;0.0;0.0;0.0;0.0;0.0;0.0;0.0;0.0;0.0;0.0;99.99;8.06;0;0;0;0;0;0;0;0;0;1;0;0;0;0;0;0;0;0;0;0
MARVAO;1.0;85.0;1.0;8.0;76.0;25.0;0.0;0.0;0.0;0.0;0.0;0.0;0.0;2.0;18.0;0.0;3.0;15.0;59.0;2.0;34.0;4.0;0.0;25.0;5.0;0.0;0.0;25.0;2.0;2.0;21.0;37.0;1.0;40.0;0.0;0.0;23.0;17.0;0.0;6.0;38.0;2.0;6.0;30.0;36.0;1.0;35.0;0.0;1.0;24.0;10.0;0.0;3.0;50.0;4.0;5.0;41.0;52.0;2.0;36.0;0.0;3.0;23.0;9.0;1.0;6.0;72.0;8.0;14.0;50.0;43.0;2.0;44.0;0.0;2.0;36.0;5.0;1.0;6.0;109.0;12.0;46.0;51.0;50.0;2.0;34.0;0.0;3.0;26.0;1.0;4.0;5.0;137.0;24.0;63.0;50.0;53.0;1.0;22.0;0.0;2.0;14.0;6.0;0.0;11.0;167.0;64.0;48.0;55.0;39.0;0.0;31.0;0.0;5.0;22.0;4.0;0.0;15.0;177.0;88.0;54.0;35.0;30.0;0.0;15.0;0.0;1.0;9.0;3.0;2.0;11.0;182.0;138.0;26.0;18.0;20.0;0.0;23.0;0.0;9.0;10.0;1.0;3.0;20.0;175.0;136.0;21.0;18.0;13.0;0.0;20.0;0.0;6.0;8.0;5.0;1.0;215.0;380.0;317.0;31.0;32.0;4.0;0.0;11.0;0.0;4.0;5.0;2.0;0.0;1085.0;1342.0;397.0;197.0;3.64;4.87;4.87;69.31;130.0;117.0;710.0;485.0;158.0;109.0;723.0;589.0;0.0;0.0;0.0;0.0;0.0;0.0;0.0;0.0;0.0;1.0;0.0;0.0;0.0;0.0;0.0;0.0;2.58;1.17;7.64;0.31;1.15;2.08;0.0;0.43;0.17;0.26;0.0;1.35;1.06;2.5;0.48;26.72;0.0;0.0;0.0;51.28;0.0;0.72;0.13;0.0;0.0;2.06;0.0;0.0;0.0;0.0;0.0;0.0;0.0;0.0;0.0;0.0;0.0;45.74;0.0;0.0;0.0;2.61;0.0;0.0;0.0;0.0;0.0;0.0;0.0;0.0;0.0;0.0;0.0;0.0;0.0;0.0;0.0;0.0;0.0;0.0;0.0;0.0;0.0;0.0;0.0;0.0;0.0;0.0;0.0;0.0;0.0;0.0;0.0;0.0;0.0;0.0;0.0;0.0;0.0;0.0;0.0;0.0;0.0;0.0;0.0;0.0;0.0;0.0;0.0;0.0;0.0;0.0;0.0;0.0;100.01;49.6;0;0;0;0;0;0;0;0;0;0;0;0;1;0;0;0;0;0;0;0
MATOSINHOS;49.0;5052.0;32.0;584.0;4436.0;3049.0;5.0;8.0;8.0;0.0;0.0;0.0;0.0;73.0;1168.0;32.0;191.0;945.0;5078.0;159.0;2313.0;96.0;0.0;1827.0;387.0;3.0;88.0;1366.0;71.0;258.0;1037.0;3117.0;264.0;4174.0;39.0;0.0;2159.0;1944.0;32.0;151.0;2118.0;152.0;569.0;1397.0;2798.0;290.0;4233.0;46.0;25.0;2071.0;1971.0;120.0;158.0;2882.0;220.0;719.0;1943.0;2972.0;309.0;4831.0;27.0;209.0;2981.0;1416.0;198.0;191.0;3414.0;377.0;1036.0;2001.0;3523.0;254.0;5224.0;5.0;311.0;3791.0;892.0;225.0;254.0;4950.0;884.0;1849.0;2217.0;3303.0;212.0;4860.0;0.0;416.0;3576.0;680.0;188.0;354.0;6118.0;1747.0;2226.0;2145.0;2925.0;136.0;3228.0;0.0;362.0;2218.0;462.0;186.0;385.0;7286.0;3052.0;1927.0;2307.0;2841.0;24.0;2514.0;0.0;261.0;1713.0;361.0;179.0;521.0;7763.0;4121.0;1592.0;2050.0;2492.0;0.0;1944.0;0.0;240.0;1344.0;227.0;133.0;533.0;8098.0;5911.0;856.0;1331.0;1499.0;0.0;1614.0;0.0;333.0;1093.0;113.0;75.0;533.0;7899.0;5953.0;619.0;1327.0;822.0;0.0;1112.0;0.0;284.0;713.0;60.0;55.0;2914.0;12494.0;10202.0;763.0;1529.0;791.0;0.0;1193.0;0.0;420.0;680.0;49.0;44.0;73222.0;71298.0;11916.0;16121.0;1.85;3.04;3.04;0.0;11044.0;8619.0;44579.0;16983.0;10590.0;8335.0;49888.0;22519.0;0.0;0.0;0.0;0.0;0.0;0.0;0.0;0.0;1.0;0.0;0.0;0.0;0.0;1.0;0.04;0.18;5.58;1.19;4.18;0.08;1.01;6.0;0.03;1.34;0.08;0.06;0.07;0.8;1.93;3.66;0.0;29.94;0.0;0.0;0.0;43.27;0.04;0.44;0.08;0.0;5.95;4.0;0.0;4.93;0.0;0.0;0.0;0.0;0.0;2.85;0.0;0.0;0.0;56.25;0.0;0.0;0.0;6.91;0.0;0.0;0.0;0.0;0.0;0.0;0.0;0.0;0.0;0.0;0.0;0.0;0.0;0.0;0.0;0.0;0.0;0.0;0.0;0.0;0.0;0.0;0.0;0.0;0.0;0.0;0.0;0.0;0.0;0.0;0.0;0.0;0.0;0.0;0.0;0.0;0.0;0.0;0.0;0.0;0.0;0.0;0.0;0.0;0.0;0.0;0.0;0.0;0.0;0.0;0.0;0.0;99.03;18.14;0;0;0;0;0;0;0;0;0;0;0;0;0;1;0;0;0;0;0;0
MEALHADA;3.0;587.0;1.0;73.0;513.0;354.0;0.0;2.0;2.0;0.0;0.0;0.0;0.0;4.0;121.0;3.0;10.0;108.0;566.0;17.0;251.0;12.0;0.0;204.0;34.0;1.0;5.0;158.0;1.0;20.0;137.0;353.0;45.0;353.0;11.0;0.0;189.0;150.0;3.0;7.0;207.0;7.0;34.0;166.0;321.0;49.0;320.0;6.0;2.0;177.0;128.0;7.0;16.0;313.0;8.0;63.0;242.0;348.0;37.0;388.0;3.0;15.0;276.0;89.0;5.0;11.0;512.0;45.0;148.0;319.0;468.0;40.0;451.0;0.0;17.0;377.0;50.0;7.0;19.0;661.0;80.0;270.0;311.0;401.0;32.0;367.0;0.0;32.0;290.0;38.0;7.0;29.0;787.0;182.0;295.0;310.0;341.0;22.0;254.0;0.0;18.0;191.0;35.0;10.0;34.0;987.0;362.0;316.0;309.0;264.0;1.0;177.0;0.0;11.0;135.0;20.0;11.0;58.0;963.0;500.0;204.0;259.0;257.0;0.0;138.0;0.0;16.0;107.0;13.0;2.0;61.0;996.0;754.0;100.0;142.0;113.0;0.0;101.0;0.0;29.0;65.0;5.0;2.0;83.0;945.0;775.0;57.0;113.0;51.0;0.0;77.0;0.0;27.0;46.0;3.0;1.0;655.0;1802.0;1614.0;73.0;115.0;50.0;0.0;94.0;0.0;49.0;41.0;2.0;2.0;7371.0;8749.0;1674.0;1554.0;1.83;2.38;2.38;0.0;1153.0;1016.0;4949.0;2137.0;1068.0;889.0;5245.0;2891.0;25.0;0.0;0.0;0.0;0.0;0.0;0.0;0.0;0.0;0.0;0.0;0.0;1.0;1.0;0.0;0.2;5.53;1.05;6.28;0.07;1.81;3.34;0.1;0.64;0.14;0.13;0.0;0.79;1.28;3.38;0.4;24.99;0.0;0.0;0.0;49.32;0.0;0.36;0.2;0.0;3.24;1.65;0.0;0.0;0.0;0.0;0.0;0.0;0.0;0.0;0.0;0.0;0.0;30.93;0.0;0.0;0.0;4.47;0.0;0.0;0.0;0.0;0.0;0.0;39.6;0.0;0.0;0.0;0.0;0.0;0.0;0.0;0.0;0.0;0.0;0.0;0.0;0.0;0.0;0.0;0.0;0.0;0.0;0.0;0.0;0.0;0.0;0.0;0.0;0.0;0.0;0.0;0.0;0.0;0.0;0.0;0.0;0.0;0.0;0.0;0.0;0.0;0.0;0.0;0.0;0.0;0.0;0.0;0.0;0.0;99.99;20.1;1;0;0;0;0;0;0;0;0;0;0;0;0;0;0;0;0;0;0;0
MEDA;1.0;108.0;1.0;19.0;88.0;65.0;0.0;1.0;1.0;0.0;0.0;0.0;0.0;1.0;26.0;1.0;4.0;21.0;106.0;5.0;45.0;7.0;0.0;32.0;6.0;0.0;1.0;37.0;5.0;7.0;25.0;55.0;4.0;57.0;2.0;0.0;31.0;24.0;0.0;5.0;50.0;6.0;10.0;34.0;69.0;3.0;52.0;1.0;0.0;30.0;21.0;0.0;3.0;82.0;8.0;18.0;56.0;64.0;7.0;68.0;0.0;2.0;55.0;10.0;1.0;6.0;109.0;16.0;38.0;55.0;67.0;3.0;54.0;0.0;7.0;38.0;8.0;1.0;15.0;163.0;47.0;56.0;60.0;57.0;0.0;36.0;0.0;2.0;31.0;2.0;1.0;10.0;177.0;60.0;65.0;52.0;41.0;3.0;28.0;0.0;3.0;21.0;4.0;0.0;26.0;286.0;151.0;82.0;53.0;44.0;1.0;39.0;0.0;4.0;28.0;6.0;1.0;29.0;310.0;207.0;59.0;44.0;29.0;0.0;12.0;0.0;1.0;10.0;1.0;0.0;38.0;333.0;289.0;19.0;25.0;13.0;0.0;17.0;0.0;7.0;9.0;0.0;1.0;48.0;288.0;254.0;14.0;20.0;6.0;0.0;19.0;0.0;12.0;7.0;0.0;0.0;393.0;595.0;552.0;20.0;23.0;7.0;0.0;20.0;0.0;9.0;9.0;1.0;1.0;1443.0;2345.0;625.0;217.0;1.19;1.62;1.62;0.0;195.0;197.0;1039.0;768.0;198.0;161.0;1063.0;1009.0;24.6;0.0;0.0;0.0;0.0;0.0;0.0;0.0;0.0;1.0;0.0;0.0;0.0;0.0;0.0;0.0;2.21;4.73;5.92;0.55;0.87;0.76;0.0;0.38;0.0;0.21;0.0;1.48;0.29;1.21;0.0;41.92;0.0;0.0;0.0;38.61;0.22;0.78;0.18;0.0;0.0;0.0;0.0;0.0;0.0;0.0;0.0;0.0;0.0;0.0;0.0;0.0;0.0;46.53;0.0;0.0;0.0;1.19;0.0;0.0;0.0;0.0;0.0;0.0;0.0;0.0;0.0;0.0;0.0;0.0;0.0;0.0;0.0;0.0;0.0;0.0;0.0;0.0;0.0;0.0;0.0;0.0;0.0;0.0;0.0;0.0;0.0;0.0;0.0;0.0;0.0;0.0;0.0;0.0;0.0;0.0;0.0;0.0;0.0;0.0;0.0;0.0;0.0;0.0;0.0;0.0;0.0;0.0;0.0;0.0;100.0;52.28;0;0;0;0;0;0;0;0;1;0;0;0;0;0;0;0;0;0;0;0
MELGACO;3.0;146.0;0.0;9.0;137.0;98.0;1.0;2.0;2.0;0.0;0.0;0.0;0.0;3.0;31.0;0.0;2.0;29.0;166.0;5.0;64.0;4.0;0.0;52.0;8.0;0.0;2.0;41.0;1.0;1.0;39.0;99.0;3.0;108.0;1.0;0.0;63.0;42.0;2.0;4.0;39.0;0.0;8.0;31.0;122.0;13.0;61.0;2.0;0.0;37.0;21.0;1.0;8.0;113.0;11.0;30.0;72.0;121.0;14.0;74.0;2.0;4.0;48.0;20.0;0.0;10.0;139.0;12.0;45.0;82.0;129.0;15.0;84.0;1.0;5.0;65.0;11.0;2.0;19.0;210.0;37.0;91.0;82.0;134.0;9.0;90.0;0.0;2.0;78.0;9.0;1.0;22.0;282.0;66.0;120.0;96.0;104.0;6.0;46.0;0.0;6.0;37.0;3.0;0.0;28.0;373.0;150.0;134.0;89.0;84.0;1.0;48.0;0.0;3.0;41.0;4.0;0.0;47.0;556.0;309.0;163.0;84.0;76.0;0.0;35.0;0.0;3.0;29.0;3.0;0.0;64.0;586.0;509.0;43.0;34.0;36.0;0.0;42.0;0.0;20.0;20.0;2.0;0.0;82.0;614.0;542.0;37.0;35.0;13.0;0.0;22.0;0.0;11.0;8.0;1.0;2.0;607.0;1212.0;1145.0;36.0;31.0;13.0;0.0;16.0;0.0;7.0;8.0;0.0;1.0;2489.0;3673.0;1145.0;466.0;2.67;2.34;2.34;64.01;295.0;250.0;1573.0;1334.0;283.0;269.0;1796.0;1973.0;41.9;0.0;0.0;0.0;0.0;0.0;0.0;0.0;1.0;0.0;0.0;0.0;0.0;1.0;0.11;0.0;2.02;1.91;4.13;0.08;1.33;1.38;0.0;0.48;0.07;0.15;0.0;1.01;0.64;1.04;0.0;32.22;0.0;0.0;0.0;52.82;0.0;0.42;0.17;0.0;0.0;0.0;0.0;0.0;0.0;0.0;0.0;0.0;0.0;0.0;0.0;0.0;0.0;58.22;0.0;0.0;0.0;2.8;0.0;0.0;0.0;0.0;0.0;0.0;0.0;0.0;0.0;0.0;0.0;0.0;0.0;0.0;0.0;0.0;0.0;0.0;0.0;0.0;0.0;0.0;0.0;0.0;0.0;0.0;0.0;0.0;0.0;0.0;0.0;0.0;0.0;0.0;0.0;0.0;0.0;0.0;0.0;0.0;0.0;0.0;0.0;0.0;0.0;0.0;0.0;0.0;0.0;0.0;0.0;0.0;100.0;38.98;0;0;0;0;0;0;0;0;0;0;0;0;0;0;0;0;1;0;0;0
MERTOLA;4.0;139.0;1.0;21.0;117.0;67.0;0.0;0.0;0.0;0.0;0.0;0.0;0.0;1.0;25.0;0.0;5.0;20.0;147.0;3.0;52.0;2.0;0.0;44.0;6.0;0.0;2.0;38.0;3.0;7.0;28.0;105.0;3.0;51.0;3.0;0.0;25.0;23.0;0.0;4.0;83.0;4.0;23.0;56.0;103.0;10.0;59.0;1.0;1.0;44.0;13.0;0.0;2.0;96.0;7.0;14.0;75.0;95.0;12.0;61.0;2.0;1.0;43.0;15.0;0.0;8.0;121.0;15.0;33.0;73.0;131.0;4.0;68.0;0.0;1.0;53.0;14.0;0.0;13.0;227.0;35.0;87.0;105.0;112.0;1.0;60.0;0.0;6.0;49.0;3.0;2.0;15.0;292.0;69.0;134.0;89.0;94.0;3.0;35.0;0.0;1.0;28.0;5.0;1.0;20.0;373.0;154.0;119.0;100.0;87.0;0.0;36.0;0.0;2.0;27.0;3.0;4.0;18.0;407.0;244.0;94.0;69.0;63.0;0.0;26.0;0.0;5.0;17.0;4.0;0.0;20.0;431.0;341.0;48.0;42.0;33.0;0.0;19.0;0.0;7.0;9.0;1.0;2.0;38.0;452.0;365.0;28.0;59.0;19.0;0.0;17.0;0.0;3.0;13.0;0.0;1.0;412.0;800.0;735.0;30.0;35.0;18.0;0.0;25.0;0.0;11.0;10.0;1.0;3.0;2418.0;2651.0;757.0;380.0;1.7;2.14;2.14;68.89;288.0;231.0;1563.0;996.0;258.0;207.0;1375.0;1288.0;0.0;0.0;0.0;0.0;0.0;0.0;0.0;0.0;1.0;0.0;0.0;0.0;0.0;0.0;0.0;0.0;2.39;0.53;6.65;0.12;1.8;1.17;0.0;0.77;0.14;0.09;0.0;0.79;0.52;24.16;0.66;12.96;0.0;0.0;0.0;47.0;0.05;0.17;0.02;0.0;0.0;1.24;0.0;0.0;0.0;0.0;0.0;0.0;9.25;0.0;0.0;0.0;0.0;59.6;0.0;0.0;0.0;27.43;0.0;0.0;0.0;0.0;0.0;0.0;0.0;0.0;0.0;0.0;0.0;0.0;0.0;0.0;0.0;0.0;0.0;0.0;0.0;0.0;0.0;0.0;0.0;0.0;0.0;0.0;0.0;0.0;0.0;0.0;0.0;0.0;0.0;0.0;0.0;0.0;0.0;0.0;0.0;0.0;0.0;0.0;0.0;0.0;0.0;0.0;0.0;0.0;0.0;0.0;0.0;0.0;97.52;0.0;0;0;1;0;0;0;0;0;0;0;0;0;0;0;0;0;0;0;0;0
MESAO FRIO;0.0;115.0;2.0;14.0;99.0;58.0;0.0;1.0;1.0;0.0;0.0;0.0;0.0;0.0;24.0;0.0;0.0;24.0;116.0;2.0;38.0;1.0;0.0;32.0;5.0;0.0;2.0;33.0;0.0;6.0;27.0;81.0;1.0;50.0;3.0;0.0;34.0;12.0;1.0;3.0;45.0;3.0;10.0;32.0;46.0;2.0;35.0;0.0;0.0;19.0;15.0;1.0;3.0;90.0;14.0;24.0;52.0;60.0;1.0;28.0;0.0;1.0;21.0;6.0;0.0;12.0;105.0;22.0;40.0;43.0;74.0;2.0;32.0;0.0;2.0;28.0;2.0;0.0;13.0;169.0;54.0;55.0;60.0;50.0;2.0;14.0;0.0;2.0;11.0;1.0;0.0;24.0;178.0;84.0;50.0;44.0;38.0;0.0;18.0;0.0;1.0;12.0;5.0;0.0;20.0;244.0;147.0;55.0;42.0;39.0;0.0;16.0;0.0;0.0;14.0;0.0;2.0;44.0;225.0;143.0;47.0;35.0;33.0;0.0;12.0;0.0;1.0;9.0;1.0;1.0;46.0;217.0;165.0;27.0;25.0;13.0;0.0;12.0;0.0;3.0;9.0;0.0;0.0;45.0;194.0;165.0;14.0;15.0;2.0;0.0;9.0;0.0;4.0;4.0;1.0;0.0;203.0;267.0;247.0;5.0;15.0;3.0;0.0;12.0;0.0;6.0;6.0;0.0;0.0;1246.0;1747.0;365.0;189.0;0.72;0.45;0.45;0.0;167.0;183.0;886.0;419.0;159.0;171.0;958.0;604.0;0.0;0.0;0.0;0.0;0.0;0.0;0.0;0.0;1.0;0.0;0.0;0.0;0.0;0.0;0.0;0.0;2.26;1.67;4.86;0.02;0.38;1.65;0.0;0.22;0.52;0.04;0.39;1.55;0.99;1.6;0.0;28.45;0.0;0.0;0.0;54.14;0.0;0.84;0.41;0.0;0.0;0.0;0.0;0.0;0.0;0.0;0.0;0.0;0.0;0.0;0.0;0.0;0.0;50.4;0.0;0.0;0.0;1.2;0.0;0.0;0.0;0.0;0.0;0.0;0.0;0.0;0.0;0.0;0.0;0.0;0.0;0.0;0.0;0.0;0.0;0.0;0.0;0.0;0.0;0.0;0.0;0.0;0.0;33.73;0.0;0.0;0.0;0.0;0.0;0.0;0.0;0.0;0.0;0.0;0.0;0.0;0.0;0.0;0.0;0.0;0.0;0.0;0.0;0.0;0.0;0.0;0.0;0.0;0.0;0.0;99.99;14.66;0;0;0;0;0;0;0;0;0;0;0;0;0;0;0;0;0;0;1;0
MIRA;2.0;332.0;0.0;34.0;298.0;162.0;1.0;0.0;0.0;0.0;0.0;0.0;0.0;3.0;68.0;5.0;1.0;62.0;326.0;10.0;152.0;8.0;0.0;119.0;24.0;1.0;3.0;79.0;5.0;8.0;66.0;213.0;17.0;196.0;5.0;0.0;111.0;78.0;2.0;8.0;132.0;4.0;24.0;104.0;201.0;25.0;209.0;7.0;2.0;112.0;87.0;1.0;13.0;185.0;7.0;25.0;153.0;228.0;26.0;220.0;2.0;9.0;150.0;52.0;7.0;15.0;260.0;31.0;81.0;148.0;231.0;17.0;258.0;0.0;27.0;180.0;41.0;10.0;15.0;389.0;61.0;160.0;168.0;204.0;10.0;244.0;0.0;30.0;177.0;34.0;3.0;21.0;467.0;114.0;202.0;151.0;167.0;10.0;149.0;0.0;11.0;115.0;19.0;4.0;25.0;563.0;180.0;225.0;158.0;139.0;2.0;113.0;0.0;7.0;97.0;8.0;1.0;31.0;634.0;336.0;188.0;110.0;121.0;0.0;90.0;0.0;6.0;75.0;5.0;4.0;86.0;698.0;571.0;68.0;59.0;52.0;0.0;68.0;0.0;18.0;45.0;5.0;0.0;85.0;700.0;613.0;36.0;51.0;17.0;0.0;78.0;0.0;38.0;33.0;3.0;4.0;542.0;1310.0;1199.0;46.0;65.0;28.0;0.0;65.0;0.0;27.0;35.0;2.0;1.0;4518.0;5501.0;1094.0;1000.0;1.68;2.65;2.65;0.0;725.0;575.0;2870.0;1586.0;673.0;481.0;3060.0;2143.0;25.6;0.0;0.0;0.0;0.0;0.0;0.0;0.0;0.0;1.0;0.0;0.0;0.0;1.0;0.25;0.0;2.83;1.72;7.36;0.08;1.55;3.55;0.0;0.59;0.06;0.15;0.0;1.56;0.9;0.78;0.16;43.44;0.0;0.0;0.0;34.54;0.0;0.36;0.11;0.0;0.0;3.7;0.0;0.0;0.0;0.0;0.0;0.0;0.0;0.0;0.0;0.0;0.0;32.48;0.0;0.0;0.0;1.93;0.0;0.0;0.0;0.0;0.0;0.0;0.0;0.0;0.0;0.0;0.0;0.0;0.0;0.0;0.0;0.0;0.0;0.0;0.0;0.0;0.0;0.0;0.0;0.0;0.0;0.0;0.0;0.0;0.0;0.0;0.0;0.0;0.0;0.0;0.0;0.0;0.0;0.0;0.0;0.0;0.0;0.0;0.0;0.0;0.0;0.0;0.0;0.0;0.0;0.0;0.0;0.0;100.0;61.89;0;0;0;0;0;0;1;0;0;0;0;0;0;0;0;0;0;0;0;0
MIRANDA DO CORVO;4.0;384.0;4.0;52.0;328.0;214.0;2.0;0.0;0.0;0.0;0.0;0.0;0.0;6.0;56.0;0.0;1.0;55.0;387.0;20.0;173.0;4.0;0.0;138.0;31.0;0.0;5.0;91.0;2.0;10.0;79.0;195.0;22.0;194.0;5.0;0.0;122.0;66.0;1.0;11.0;123.0;3.0;20.0;100.0;188.0;25.0;175.0;0.0;0.0;100.0;73.0;2.0;4.0;191.0;8.0;27.0;156.0;211.0;21.0;185.0;4.0;10.0;131.0;37.0;3.0;11.0;279.0;20.0;92.0;167.0;283.0;21.0;194.0;1.0;6.0;155.0;28.0;4.0;18.0;440.0;62.0;169.0;209.0;269.0;7.0;167.0;0.0;19.0;129.0;17.0;2.0;24.0;601.0;155.0;238.0;208.0;230.0;15.0;108.0;0.0;10.0;82.0;11.0;5.0;37.0;763.0;283.0;236.0;244.0;168.0;0.0;86.0;0.0;4.0;67.0;13.0;2.0;36.0;643.0;374.0;123.0;146.0;141.0;0.0;54.0;0.0;7.0;38.0;6.0;3.0;60.0;618.0;482.0;58.0;78.0;63.0;0.0;54.0;0.0;18.0;32.0;1.0;3.0;65.0;605.0;504.0;42.0;59.0;32.0;0.0;35.0;0.0;9.0;23.0;3.0;0.0;459.0;1184.0;1065.0;47.0;72.0;21.0;0.0;36.0;0.0;15.0;17.0;4.0;0.0;4484.0;5560.0;1091.0;867.0;1.74;2.81;2.81;0.0;652.0;648.0;3068.0;1388.0;636.0;598.0;3168.0;1844.0;16.7;0.0;0.0;0.0;0.0;0.0;0.0;0.0;1.0;0.0;0.0;0.0;0.0;1.0;0.2;0.0;3.32;1.12;4.45;0.04;1.46;1.99;0.0;0.43;0.19;0.08;0.0;1.14;0.66;2.33;0.13;25.65;0.0;0.0;0.0;56.38;0.0;0.36;0.06;0.0;2.13;1.86;0.0;0.0;0.0;0.0;0.0;0.0;0.0;0.0;0.0;0.0;0.0;47.09;0.0;0.0;0.0;5.37;0.0;0.0;0.0;0.0;0.0;0.0;0.0;0.0;0.0;0.0;0.0;0.0;0.0;0.0;0.0;0.0;0.0;0.0;0.0;0.0;0.0;0.0;0.0;0.0;0.0;0.0;0.0;0.0;0.0;0.0;0.0;0.0;0.0;0.0;0.0;0.0;0.0;0.0;0.0;0.0;0.0;0.0;0.0;0.0;0.0;0.0;0.0;0.0;0.0;0.0;0.0;0.0;100.0;43.55;0;0;0;0;0;0;1;0;0;0;0;0;0;0;0;0;0;0;0;0
MIRANDA DO DOURO;0.0;143.0;0.0;18.0;125.0;80.0;0.0;0.0;0.0;0.0;0.0;0.0;0.0;4.0;33.0;1.0;5.0;27.0;165.0;5.0;56.0;3.0;0.0;44.0;9.0;0.0;0.0;40.0;0.0;8.0;32.0;82.0;16.0;75.0;3.0;0.0;43.0;27.0;2.0;5.0;60.0;3.0;16.0;41.0;67.0;10.0;66.0;1.0;0.0;44.0;20.0;1.0;6.0;77.0;5.0;24.0;48.0;97.0;6.0;103.0;0.0;3.0;70.0;30.0;0.0;10.0;126.0;20.0;30.0;76.0;149.0;5.0;107.0;0.0;3.0;84.0;18.0;2.0;15.0;178.0;37.0;55.0;86.0;101.0;2.0;89.0;0.0;15.0;65.0;8.0;1.0;18.0;232.0;49.0;92.0;91.0;109.0;5.0;62.0;0.0;7.0;46.0;8.0;1.0;19.0;266.0;104.0;73.0;89.0;94.0;1.0;45.0;0.0;2.0;32.0;9.0;2.0;22.0;379.0;208.0;77.0;94.0;122.0;0.0;41.0;0.0;4.0;34.0;1.0;2.0;38.0;449.0;316.0;66.0;67.0;45.0;0.0;41.0;0.0;12.0;26.0;2.0;1.0;61.0;392.0;309.0;42.0;41.0;34.0;0.0;26.0;0.0;10.0;15.0;1.0;0.0;503.0;885.0;786.0;47.0;52.0;14.0;0.0;21.0;0.0;13.0;7.0;0.0;1.0;2206.0;3202.0;813.0;242.0;1.64;2.09;2.09;0.0;293.0;257.0;1454.0;1129.0;268.0;229.0;1453.0;1380.0;0.0;0.0;0.0;0.0;0.0;0.0;0.0;0.0;0.0;1.0;0.0;0.0;0.0;0.0;0.0;0.0;1.5;2.15;6.3;0.05;1.02;0.67;0.0;0.17;0.07;0.16;0.0;2.11;0.42;0.56;0.0;47.71;0.0;0.0;0.0;36.78;0.0;0.34;0.0;0.0;0.0;0.52;0.0;0.0;0.0;0.0;0.0;0.0;0.0;0.0;0.0;0.0;0.0;42.54;0.0;0.0;0.0;0.91;0.0;0.0;0.0;0.0;0.0;0.0;0.0;0.0;0.0;0.0;0.0;0.0;0.0;0.0;0.0;0.0;0.0;0.0;0.0;0.0;0.0;0.0;0.0;0.0;0.0;0.0;0.0;0.0;0.0;0.0;0.0;0.0;0.0;0.0;0.0;0.0;0.0;0.0;0.0;0.0;0.0;0.0;0.0;0.0;0.0;0.0;0.0;0.0;0.0;0.0;0.0;0.0;99.99;56.02;0;0;0;0;1;0;0;0;0;0;0;0;0;0;0;0;0;0;0;0
MIRANDELA;5.0;575.0;3.0;90.0;482.0;372.0;0.0;3.0;3.0;0.0;0.0;0.0;0.0;8.0;136.0;4.0;31.0;101.0;602.0;10.0;258.0;15.0;0.0;210.0;33.0;0.0;14.0;173.0;10.0;35.0;128.0;344.0;31.0;356.0;10.0;0.0;228.0;115.0;3.0;26.0;255.0;12.0;65.0;178.0;323.0;32.0;288.0;4.0;0.0;185.0;95.0;4.0;18.0;308.0;29.0;78.0;201.0;315.0;32.0;345.0;2.0;11.0;261.0;66.0;5.0;25.0;419.0;47.0;143.0;229.0;400.0;14.0;480.0;1.0;23.0;400.0;51.0;5.0;51.0;583.0;109.0;238.0;236.0;409.0;18.0;354.0;0.0;25.0;282.0;38.0;9.0;68.0;769.0;215.0;277.0;277.0;344.0;13.0;284.0;0.0;23.0;215.0;38.0;8.0;78.0;988.0;453.0;276.0;259.0;299.0;1.0;213.0;0.0;15.0;166.0;27.0;5.0;93.0;1165.0;657.0;255.0;253.0;296.0;0.0;163.0;0.0;12.0;134.0;17.0;0.0;114.0;1308.0;962.0;174.0;172.0;161.0;0.0;189.0;0.0;32.0;143.0;11.0;3.0;141.0;1202.0;989.0;98.0;115.0;83.0;0.0;95.0;0.0;22.0;66.0;6.0;1.0;1089.0;2313.0;2039.0;134.0;140.0;66.0;0.0;108.0;0.0;44.0;63.0;0.0;1.0;7867.0;9959.0;2156.0;1402.0;1.87;2.28;2.28;0.0;1090.0;966.0;5005.0;3062.0;1069.0;1003.0;5382.0;3807.0;0.0;0.0;0.0;0.0;0.0;0.0;0.0;0.0;1.0;0.0;0.0;0.0;0.0;0.0;0.0;0.0;1.6;3.58;10.99;0.15;0.74;0.79;0.0;0.24;0.12;0.11;0.0;1.31;0.45;1.81;0.0;40.39;0.0;0.0;0.0;37.09;0.0;0.63;0.0;0.0;0.0;2.48;0.0;0.0;0.0;0.0;0.0;0.0;0.0;0.0;0.0;0.0;0.0;53.7;0.0;0.0;0.0;1.89;0.0;0.0;0.0;0.0;0.0;0.0;0.0;0.0;0.0;0.0;0.0;0.0;0.0;0.0;0.0;0.0;0.0;0.0;0.0;0.0;0.0;0.0;0.0;0.0;0.0;0.0;0.0;0.0;0.0;0.0;0.0;0.0;0.0;0.0;0.0;0.0;0.0;0.0;0.0;0.0;0.0;0.0;0.0;0.0;0.0;0.0;0.0;0.0;0.0;0.0;0.0;0.0;99.99;41.92;0;0;0;0;1;0;0;0;0;0;0;0;0;0;0;0;0;0;0;0
MOGADOURO;1.0;166.0;0.0;21.0;145.0;104.0;0.0;0.0;0.0;0.0;0.0;0.0;0.0;4.0;40.0;1.0;11.0;28.0;159.0;3.0;85.0;6.0;0.0;69.0;10.0;0.0;1.0;47.0;2.0;14.0;31.0;132.0;7.0;126.0;8.0;0.0;73.0;42.0;3.0;8.0;86.0;5.0;21.0;60.0;115.0;5.0;133.0;1.0;1.0;99.0;32.0;0.0;3.0;125.0;9.0;27.0;89.0;150.0;14.0;112.0;0.0;4.0;77.0;30.0;1.0;13.0;142.0;20.0;59.0;63.0;139.0;4.0;122.0;0.0;4.0;102.0;14.0;2.0;15.0;228.0;38.0;100.0;90.0;148.0;4.0;75.0;0.0;8.0;58.0;9.0;0.0;17.0;327.0;111.0;103.0;113.0;123.0;8.0;74.0;0.0;20.0;43.0;10.0;1.0;21.0;497.0;249.0;113.0;135.0;124.0;0.0;48.0;0.0;6.0;38.0;3.0;1.0;35.0;512.0;316.0;94.0;102.0;130.0;0.0;60.0;0.0;7.0;52.0;1.0;0.0;66.0;544.0;428.0;57.0;59.0;51.0;0.0;70.0;0.0;10.0;55.0;3.0;2.0;54.0;518.0;420.0;38.0;60.0;27.0;0.0;54.0;0.0;22.0;25.0;3.0;4.0;623.0;1069.0;981.0;51.0;37.0;20.0;0.0;46.0;0.0;24.0;21.0;0.0;1.0;2595.0;4230.0;1032.0;444.0;1.23;1.39;1.39;0.0;323.0;284.0;2004.0;1400.0;344.0;278.0;1926.0;1742.0;0.0;0.0;0.0;0.0;0.0;0.0;0.0;0.0;0.0;1.0;0.0;0.0;0.0;0.0;0.0;0.0;1.51;2.42;8.27;0.23;0.82;0.81;0.0;0.32;0.05;0.18;0.0;1.44;0.59;0.5;0.0;51.05;0.0;0.0;0.0;31.47;0.0;0.34;0.0;0.0;0.0;0.0;0.0;0.0;0.0;0.0;0.0;0.0;0.0;0.0;0.0;0.0;0.0;48.15;0.0;0.0;0.0;0.57;0.0;0.0;0.0;0.0;0.0;0.0;0.0;0.0;0.0;0.0;0.0;0.0;0.0;0.0;0.0;0.0;0.0;0.0;0.0;0.0;0.0;0.0;0.0;0.0;0.0;0.0;0.0;0.0;0.0;0.0;0.0;0.0;0.0;0.0;0.0;0.0;0.0;0.0;0.0;0.0;0.0;0.0;0.0;0.0;0.0;0.0;0.0;0.0;0.0;0.0;0.0;0.0;100.0;51.28;0;0;0;0;1;0;0;0;0;0;0;0;0;0;0;0;0;0;0;0
MOIMENTA DA BEIRA;2.0;277.0;0.0;34.0;243.0;158.0;0.0;1.0;1.0;0.0;0.0;0.0;0.0;9.0;69.0;1.0;6.0;62.0;304.0;5.0;112.0;8.0;0.0;91.0;13.0;0.0;4.0;79.0;4.0;16.0;59.0;192.0;9.0;163.0;5.0;0.0;93.0;64.0;1.0;6.0;124.0;17.0;39.0;68.0;128.0;11.0;118.0;2.0;0.0;83.0;31.0;2.0;18.0;193.0;22.0;60.0;111.0;127.0;9.0;121.0;3.0;4.0;94.0;20.0;0.0;19.0;234.0;59.0;76.0;99.0;173.0;13.0;117.0;0.0;8.0;86.0;21.0;2.0;25.0;315.0;90.0;123.0;102.0;154.0;8.0;107.0;0.0;12.0;87.0;7.0;1.0;38.0;384.0;137.0;149.0;98.0;101.0;4.0;72.0;0.0;8.0;54.0;7.0;3.0;57.0;538.0;293.0;137.0;108.0;101.0;0.0;55.0;0.0;3.0;46.0;5.0;1.0;62.0;621.0;368.0;126.0;127.0;82.0;0.0;56.0;0.0;3.0;50.0;2.0;1.0;57.0;572.0;470.0;50.0;52.0;30.0;0.0;33.0;0.0;5.0;28.0;0.0;0.0;96.0;474.0;416.0;28.0;30.0;13.0;0.0;27.0;0.0;11.0;16.0;0.0;0.0;494.0;925.0;864.0;32.0;29.0;15.0;0.0;32.0;0.0;13.0;18.0;1.0;0.0;3384.0;4663.0;926.0;437.0;1.62;1.48;1.48;0.0;556.0;473.0;2250.0;1210.0;511.0;464.0;2388.0;1558.0;0.0;0.0;0.0;0.0;0.0;0.0;0.0;0.0;1.0;0.0;0.0;0.0;0.0;0.0;0.0;0.08;1.45;3.03;8.4;0.24;1.09;0.98;0.0;0.42;0.03;0.08;0.12;1.49;0.71;1.17;0.0;35.38;0.0;0.0;0.0;44.65;0.01;0.34;0.32;0.0;0.0;2.35;0.0;0.0;0.0;0.0;0.0;0.0;0.0;0.0;0.0;0.0;0.0;56.91;0.0;0.0;0.0;1.29;0.0;0.0;0.0;0.0;0.0;0.0;0.0;0.0;0.0;0.0;0.0;0.0;0.0;0.0;0.0;0.0;0.0;0.0;0.0;0.0;0.0;0.0;0.0;0.0;0.0;0.0;0.0;0.0;0.0;0.0;0.0;0.0;0.0;0.0;0.0;0.0;0.0;0.0;0.0;0.0;0.0;0.0;0.0;0.0;0.0;0.0;0.0;0.0;0.0;0.0;0.0;0.0;99.99;39.44;0;0;0;0;0;0;0;0;0;0;0;0;0;0;0;0;0;0;1;0
MOITA;32.0;2469.0;40.0;370.0;2059.0;1186.0;3.0;3.0;3.0;0.0;0.0;0.0;0.0;66.0;734.0;32.0;127.0;575.0;2171.0;62.0;644.0;46.0;0.0;520.0;75.0;3.0;66.0;820.0;47.0;147.0;626.0;1650.0;134.0;962.0;16.0;0.0;655.0;288.0;3.0;112.0;1069.0;77.0;202.0;790.0;1468.0;133.0;875.0;27.0;8.0;611.0;221.0;8.0;103.0;1402.0;101.0;259.0;1042.0;1491.0;128.0;961.0;13.0;60.0;710.0;167.0;11.0;103.0;1757.0;160.0;365.0;1232.0;1850.0;134.0;1170.0;4.0;87.0;920.0;140.0;19.0;134.0;2109.0;291.0;578.0;1240.0;1845.0;110.0;996.0;0.0;97.0;767.0;115.0;17.0;123.0;2312.0;475.0;714.0;1123.0;1311.0;56.0;600.0;0.0;73.0;424.0;87.0;16.0;174.0;2600.0;808.0;750.0;1042.0;1062.0;6.0;404.0;0.0;54.0;285.0;56.0;9.0;215.0;2902.0;1267.0;646.0;989.0;906.0;0.0;309.0;0.0;46.0;215.0;42.0;6.0;276.0;3208.0;2073.0;439.0;696.0;513.0;0.0;272.0;0.0;62.0;173.0;27.0;10.0;290.0;3096.0;2271.0;286.0;539.0;227.0;0.0;137.0;0.0;36.0;89.0;9.0;3.0;1297.0;4872.0;4110.0;325.0;437.0;196.0;0.0;130.0;0.0;44.0;76.0;4.0;6.0;32354.0;22941.0;4894.0;6066.0;4.97;7.59;7.59;82.3;5066.0;3785.0;16299.0;6198.0;4743.0;3585.0;18263.0;8316.0;0.0;0.0;0.0;0.0;0.0;0.0;0.0;0.0;1.0;0.0;0.0;0.0;0.0;1.0;0.0;0.35;6.2;1.03;9.59;0.08;1.04;3.24;0.06;0.97;0.08;0.12;0.07;0.72;1.72;14.79;0.86;9.97;0.0;0.0;0.0;48.57;0.04;0.34;0.12;0.0;7.82;9.28;0.0;0.0;0.0;0.0;0.0;0.0;0.0;2.84;0.0;0.0;0.0;38.95;0.0;0.0;0.0;34.27;0.0;0.0;0.0;0.0;0.0;0.0;0.0;0.0;0.0;0.0;0.0;0.0;0.0;0.0;0.0;0.0;0.0;0.0;0.0;0.0;0.0;0.0;0.0;0.0;0.0;0.0;0.0;0.0;0.0;0.0;0.0;0.0;0.0;0.0;0.0;0.0;0.0;0.0;0.0;0.0;0.0;0.0;0.0;0.0;0.0;0.0;0.0;0.0;0.0;0.0;0.0;0.0;100.0;6.84;0;0;0;0;0;0;0;0;0;0;0;0;0;0;0;1;0;0;0;0
MONCAO;3.0;405.0;0.0;32.0;373.0;288.0;0.0;5.0;5.0;0.0;0.0;0.0;0.0;8.0;42.0;1.0;3.0;38.0;464.0;15.0;182.0;13.0;0.0;140.0;29.0;0.0;15.0;70.0;1.0;5.0;64.0;332.0;34.0;245.0;11.0;0.0;145.0;88.0;1.0;8.0;136.0;7.0;21.0;108.0;302.0;46.0;238.0;6.0;1.0;154.0;76.0;1.0;13.0;255.0;8.0;47.0;200.0;353.0;57.0;290.0;4.0;16.0;219.0;49.0;2.0;18.0;408.0;44.0;139.0;225.0;431.0;24.0;301.0;1.0;25.0;220.0;48.0;7.0;21.0;549.0;91.0;228.0;230.0;319.0;13.0;224.0;0.0;23.0;170.0;27.0;4.0;41.0;706.0;176.0;317.0;213.0;255.0;11.0;151.0;0.0;16.0;127.0;5.0;3.0;61.0;893.0;361.0;342.0;190.0;216.0;0.0;103.0;0.0;3.0;88.0;7.0;5.0;64.0;1115.0;591.0;335.0;189.0;184.0;0.0;107.0;0.0;12.0;89.0;3.0;3.0;93.0;1265.0;1034.0;118.0;113.0;71.0;0.0;97.0;0.0;37.0;57.0;3.0;0.0;147.0;1196.0;1047.0;71.0;78.0;35.0;0.0;45.0;0.0;23.0;22.0;0.0;0.0;982.0;2060.0;1928.0;65.0;67.0;43.0;0.0;43.0;0.0;20.0;21.0;1.0;1.0;6427.0;8353.0;1987.0;1049.0;2.75;4.33;4.33;75.06;882.0;680.0;4125.0;2473.0;836.0;732.0;4484.0;3604.0;18.3;0.0;0.0;0.0;0.0;0.0;0.0;0.0;0.0;1.0;0.0;0.0;0.0;0.0;0.15;0.0;2.15;2.25;6.48;0.06;1.3;3.09;0.0;0.31;0.1;0.14;0.0;0.88;0.53;0.88;0.0;41.66;0.0;0.0;0.0;39.55;0.0;0.46;0.03;0.0;0.0;1.83;0.0;0.0;0.0;0.0;0.0;0.0;0.0;0.0;0.0;0.0;0.0;30.82;0.0;0.0;0.0;1.01;0.0;0.0;0.0;0.0;0.0;0.0;0.0;0.0;0.0;0.0;0.0;0.0;0.0;0.0;0.0;0.0;0.0;0.0;0.0;0.0;0.0;0.0;0.0;0.0;0.0;0.0;0.0;0.0;0.0;0.0;0.0;0.0;0.0;0.0;0.0;0.0;0.0;0.0;0.0;0.0;0.0;0.0;0.0;0.0;0.0;0.0;0.0;0.0;0.0;0.0;0.0;0.0;100.0;66.33999999999999;0;0;0;0;0;0;0;0;0;0;0;0;0;0;0;0;1;0;0;0
MONCHIQUE;4.0;142.0;1.0;18.0;123.0;39.0;0.0;0.0;0.0;0.0;0.0;0.0;0.0;0.0;38.0;1.0;9.0;28.0;135.0;5.0;42.0;1.0;0.0;36.0;5.0;0.0;0.0;47.0;2.0;4.0;41.0;83.0;3.0;74.0;0.0;0.0;52.0;22.0;0.0;6.0;45.0;2.0;8.0;35.0;111.0;5.0;64.0;1.0;0.0;45.0;18.0;0.0;2.0;87.0;7.0;19.0;61.0;87.0;7.0;64.0;0.0;6.0;48.0;9.0;1.0;11.0;121.0;10.0;18.0;93.0;101.0;2.0;69.0;1.0;3.0;52.0;12.0;1.0;19.0;160.0;19.0;45.0;96.0;101.0;5.0;57.0;0.0;7.0;39.0;11.0;0.0;27.0;236.0;52.0;84.0;100.0;92.0;7.0;26.0;0.0;3.0;19.0;3.0;1.0;40.0;295.0;139.0;69.0;87.0;89.0;0.0;55.0;0.0;12.0;35.0;6.0;2.0;41.0;313.0;205.0;44.0;64.0;78.0;0.0;38.0;0.0;9.0;22.0;6.0;1.0;63.0;280.0;212.0;30.0;38.0;47.0;0.0;40.0;0.0;7.0;23.0;9.0;1.0;73.0;279.0;213.0;17.0;49.0;19.0;0.0;34.0;0.0;13.0;14.0;2.0;5.0;396.0;562.0;503.0;20.0;39.0;18.0;0.0;28.0;0.0;9.0;15.0;1.0;3.0;0.0;0.0;0.0;0.0;8.64;13.13;13.13;65.71;287.0;197.0;1360.0;894.0;263.0;208.0;1308.0;945.0;33.4;0.0;0.0;0.0;0.0;0.0;0.0;0.0;1.0;0.0;0.0;0.0;0.0;0.0;0.0;0.21;4.01;1.33;4.8;0.16;1.87;2.2;0.0;0.44;0.11;0.16;0.0;1.78;0.91;4.11;0.0;28.89;0.0;0.0;0.0;48.26;0.13;0.63;0.02;0.0;0.0;1.66;0.0;0.0;0.0;0.0;0.0;0.0;0.0;0.0;0.0;0.0;0.0;51.84;0.0;0.0;0.0;3.28;0.0;0.0;0.0;0.0;0.0;0.0;0.0;0.0;0.0;0.0;0.0;0.0;0.0;0.0;0.0;0.0;0.0;0.0;0.0;0.0;0.0;0.0;0.0;0.0;0.0;0.0;0.0;0.0;0.0;0.0;0.0;0.0;0.0;0.0;0.0;0.0;0.0;0.0;0.0;0.0;0.0;0.0;0.0;0.0;0.0;0.0;0.0;6.93;0.0;0.0;0.0;0.0;100.0;36.29;0;0;0;0;0;0;0;1;0;0;0;0;0;0;0;0;0;0;0;0
MONDIM DE BASTO;0.0;222.0;0.0;14.0;208.0;135.0;1.0;1.0;1.0;0.0;0.0;0.0;0.0;2.0;40.0;0.0;2.0;38.0;205.0;8.0;89.0;5.0;0.0;66.0;18.0;0.0;5.0;64.0;0.0;3.0;61.0;121.0;7.0;86.0;1.0;0.0;65.0;20.0;0.0;3.0;100.0;11.0;21.0;68.0;101.0;9.0;55.0;0.0;0.0;34.0;20.0;1.0;7.0;138.0;18.0;44.0;76.0;95.0;8.0;64.0;0.0;4.0;51.0;9.0;0.0;14.0;212.0;43.0;79.0;90.0;107.0;9.0;50.0;0.0;1.0;44.0;5.0;0.0;12.0;301.0;83.0;139.0;79.0;78.0;2.0;50.0;0.0;7.0;37.0;6.0;0.0;35.0;365.0;149.0;134.0;82.0;68.0;2.0;30.0;0.0;1.0;27.0;2.0;0.0;36.0;432.0;277.0;88.0;67.0;54.0;0.0;28.0;0.0;3.0;23.0;1.0;1.0;47.0;402.0;279.0;69.0;54.0;40.0;0.0;25.0;0.0;1.0;22.0;2.0;0.0;44.0;404.0;346.0;25.0;33.0;22.0;0.0;20.0;0.0;5.0;14.0;1.0;0.0;45.0;304.0;265.0;20.0;19.0;10.0;0.0;11.0;0.0;3.0;6.0;1.0;1.0;433.0;468.0;417.0;26.0;25.0;12.0;0.0;20.0;0.0;13.0;7.0;0.0;0.0;2460.0;2992.0;606.0;352.0;0.49;1.22;1.22;64.63;359.0;360.0;1589.0;791.0;293.0;343.0;1673.0;1002.0;23.8;0.0;0.0;0.0;0.0;0.0;0.0;0.0;0.0;1.0;0.0;0.0;0.0;0.0;0.0;0.0;1.68;3.52;5.99;0.03;0.23;1.8;0.0;0.22;0.3;0.04;0.12;1.01;0.7;1.25;0.0;45.49;0.0;0.0;0.0;37.14;0.0;0.39;0.07;0.0;0.0;0.0;0.0;0.0;0.0;0.0;0.0;0.0;0.0;0.0;0.0;0.0;0.0;43.07;0.0;0.0;0.0;0.86;0.0;0.0;0.0;0.0;0.0;0.0;0.0;0.0;0.0;0.0;0.0;0.0;0.0;0.0;0.0;0.0;0.0;0.0;0.0;0.0;0.0;0.0;0.0;0.0;0.0;0.0;0.0;0.0;0.0;0.0;0.0;0.0;0.0;0.0;0.0;0.0;0.0;0.0;0.0;0.0;0.0;0.0;0.0;0.0;0.0;0.0;0.0;0.0;0.0;0.0;0.0;0.0;100.0;56.07;0;0;0;1;0;0;0;0;0;0;0;0;0;0;0;0;0;0;0;0
MONFORTE;5.0;121.0;12.0;27.0;82.0;54.0;0.0;0.0;0.0;0.0;0.0;0.0;0.0;3.0;57.0;11.0;8.0;38.0;50.0;1.0;33.0;1.0;0.0;29.0;3.0;0.0;6.0;65.0;21.0;13.0;31.0;42.0;0.0;34.0;0.0;0.0;25.0;9.0;0.0;7.0;49.0;14.0;9.0;26.0;43.0;0.0;36.0;1.0;1.0;23.0;10.0;1.0;11.0;57.0;13.0;8.0;36.0;40.0;1.0;27.0;1.0;0.0;18.0;8.0;0.0;13.0;78.0;24.0;20.0;34.0;69.0;4.0;24.0;1.0;1.0;21.0;1.0;0.0;24.0;84.0;16.0;25.0;43.0;51.0;0.0;32.0;0.0;4.0;23.0;4.0;1.0;20.0;120.0;23.0;44.0;53.0;27.0;2.0;18.0;0.0;4.0;9.0;5.0;0.0;18.0;131.0;43.0;54.0;34.0;45.0;0.0;19.0;0.0;2.0;13.0;3.0;1.0;22.0;143.0;78.0;33.0;32.0;21.0;0.0;10.0;0.0;1.0;7.0;2.0;0.0;7.0;145.0;95.0;22.0;28.0;14.0;0.0;9.0;0.0;2.0;4.0;1.0;2.0;21.0;129.0;107.0;12.0;10.0;7.0;0.0;7.0;0.0;2.0;5.0;0.0;0.0;195.0;314.0;278.0;20.0;16.0;4.0;0.0;9.0;0.0;2.0;6.0;1.0;0.0;1338.0;1184.0;330.0;140.0;1.23;1.04;1.04;71.58;211.0;149.0;678.0;370.0;203.0;175.0;715.0;491.0;0.0;0.0;0.0;0.0;0.0;0.0;0.0;1.0;0.0;0.0;0.0;0.0;0.0;1.0;0.0;0.0;1.4;1.29;16.99;0.04;0.92;1.19;0.0;0.52;0.09;0.28;0.0;1.05;0.53;11.32;0.92;18.46;0.0;0.0;0.0;44.52;0.11;0.11;0.3;0.0;0.0;7.34;0.0;0.0;0.0;0.0;0.0;0.0;0.0;0.0;0.0;0.0;0.0;23.06;0.0;0.0;0.0;64.2;0.0;0.0;0.0;0.0;0.0;0.0;0.0;0.0;0.0;0.0;0.0;0.0;0.0;0.0;0.0;0.0;0.0;0.0;0.0;0.0;0.0;0.0;0.0;0.0;0.0;0.0;0.0;0.0;0.0;0.0;0.0;0.0;0.0;0.0;0.0;0.0;0.0;0.0;0.0;0.0;0.0;0.0;0.0;0.0;0.0;0.0;0.0;0.0;0.0;0.0;0.0;0.0;99.99;5.39;0;0;0;0;0;0;0;0;0;0;0;0;1;0;0;0;0;0;0;0
MONTALEGRE;3.0;206.0;3.0;29.0;174.0;115.0;0.0;1.0;1.0;0.0;0.0;0.0;0.0;2.0;58.0;1.0;12.0;45.0;216.0;13.0;75.0;5.0;0.0;58.0;11.0;1.0;3.0;77.0;1.0;6.0;70.0;120.0;9.0;92.0;2.0;0.0;53.0;36.0;1.0;5.0;106.0;6.0;25.0;75.0;117.0;12.0;85.0;1.0;0.0;51.0;33.0;0.0;2.0;166.0;14.0;50.0;102.0;130.0;1.0;110.0;0.0;0.0;85.0;20.0;5.0;14.0;230.0;33.0;87.0;110.0;140.0;2.0;88.0;0.0;4.0;71.0;12.0;1.0;17.0;305.0;63.0;126.0;116.0;118.0;1.0;78.0;0.0;9.0;58.0;9.0;2.0;22.0;367.0;123.0;137.0;107.0;98.0;2.0;51.0;0.0;4.0;34.0;11.0;2.0;53.0;613.0;350.0;154.0;109.0;88.0;2.0;39.0;0.0;3.0;28.0;7.0;1.0;61.0;675.0;466.0;115.0;94.0;82.0;0.0;35.0;0.0;3.0;27.0;5.0;0.0;74.0;697.0;579.0;72.0;46.0;51.0;0.0;35.0;0.0;7.0;26.0;2.0;0.0;100.0;671.0;586.0;49.0;36.0;20.0;0.0;12.0;0.0;4.0;8.0;0.0;0.0;872.0;1091.0;1006.0;44.0;41.0;20.0;0.0;28.0;0.0;11.0;13.0;2.0;2.0;3187.0;4386.0;1267.0;421.0;1.03;1.33;1.33;0.0;334.0;353.0;2143.0;1640.0;351.0;336.0;2073.0;2031.0;0.0;0.0;0.0;0.0;0.0;0.0;0.0;0.0;1.0;0.0;0.0;0.0;0.0;0.0;0.0;0.0;1.23;0.9;4.93;0.08;0.92;0.84;0.0;0.4;0.32;0.1;0.08;0.65;0.43;0.78;0.0;39.59;0.0;0.0;0.0;48.3;0.0;0.32;0.14;0.0;0.0;0.0;0.0;0.0;0.0;0.0;0.0;0.0;0.0;0.0;0.0;0.0;0.0;53.72;0.0;0.0;0.0;2.0;0.0;0.0;0.0;0.0;0.0;0.0;0.0;0.0;0.0;0.0;0.0;0.0;0.0;0.0;0.0;0.0;0.0;0.0;0.0;0.0;0.0;0.0;0.0;0.0;0.0;0.0;0.0;0.0;0.0;0.0;0.0;0.0;0.0;0.0;0.0;0.0;0.0;0.0;0.0;0.0;0.0;0.0;0.0;0.0;0.0;0.0;0.0;0.0;0.0;0.0;0.0;0.0;100.0;44.28;0;0;0;0;0;0;0;0;0;0;0;0;0;0;0;0;0;1;0;0
MONTEMOR-O-NOVO;6.0;499.0;1.0;74.0;424.0;210.0;1.0;1.0;1.0;0.0;0.0;0.0;0.0;4.0;119.0;2.0;19.0;98.0;411.0;14.0;146.0;3.0;0.0;122.0;21.0;0.0;11.0;131.0;7.0;20.0;104.0;234.0;28.0;238.0;5.0;0.0;149.0;82.0;2.0;17.0;203.0;15.0;36.0;152.0;243.0;25.0;232.0;3.0;1.0;157.0;69.0;2.0;14.0;321.0;27.0;92.0;202.0;325.0;28.0;250.0;2.0;4.0;183.0;53.0;8.0;23.0;424.0;35.0;140.0;249.0;359.0;19.0;272.0;0.0;18.0;199.0;49.0;6.0;28.0;538.0;109.0;185.0;244.0;311.0;18.0;240.0;0.0;23.0;180.0;30.0;7.0;32.0;595.0;142.0;229.0;224.0;269.0;7.0;151.0;0.0;12.0;119.0;16.0;4.0;34.0;690.0;300.0;195.0;195.0;223.0;0.0;119.0;0.0;10.0;87.0;15.0;7.0;52.0;794.0;442.0;167.0;185.0;182.0;0.0;111.0;0.0;12.0;76.0;17.0;6.0;62.0;782.0;579.0;87.0;116.0;92.0;0.0;110.0;0.0;27.0;67.0;9.0;7.0;88.0;824.0;673.0;56.0;95.0;49.0;0.0;66.0;0.0;16.0;41.0;4.0;5.0;941.0;1656.0;1499.0;58.0;99.0;44.0;0.0;65.0;0.0;30.0;25.0;4.0;6.0;6348.0;6702.0;1661.0;1088.0;2.19;2.89;2.89;88.63;936.0;707.0;3877.0;2073.0;882.0;704.0;3914.0;2706.0;0.0;0.0;0.0;0.0;0.0;0.0;0.0;0.0;1.0;0.0;0.0;0.0;0.0;0.0;0.0;0.0;2.67;1.89;6.04;0.03;1.26;1.81;0.0;0.58;0.05;0.04;0.0;0.84;0.58;20.57;0.0;15.8;0.0;0.0;0.0;47.27;0.09;0.33;0.16;0.0;0.0;2.78;0.0;0.0;0.0;0.0;0.0;0.0;0.0;0.0;0.0;0.0;0.0;41.53;0.0;0.0;0.0;35.33;0.0;0.0;0.0;0.0;0.0;0.0;0.0;0.0;0.0;0.0;0.0;0.0;0.0;0.0;0.0;0.0;0.0;0.0;0.0;0.0;0.0;0.0;0.0;0.0;0.0;0.0;0.0;0.0;0.0;0.0;0.0;0.0;0.0;0.0;0.0;0.0;0.0;0.0;0.0;0.0;0.0;0.0;0.0;0.0;0.0;0.0;0.0;0.0;0.0;0.0;0.0;0.0;98.45;18.81;0;0;0;0;0;0;0;0;0;0;0;0;0;0;0;0;0;0;0;1
MONTEMOR-O-VELHO;4.0;699.0;0.0;90.0;609.0;403.0;0.0;2.0;2.0;0.0;0.0;0.0;0.0;3.0;117.0;1.0;12.0;104.0;645.0;17.0;309.0;12.0;0.0;246.0;51.0;0.0;6.0;191.0;7.0;21.0;163.0;402.0;37.0;447.0;9.0;0.0;261.0;177.0;0.0;13.0;290.0;11.0;45.0;234.0;447.0;49.0;448.0;1.0;1.0;246.0;191.0;9.0;12.0;427.0;20.0;83.0;324.0;583.0;46.0;523.0;3.0;11.0;360.0;134.0;15.0;21.0;572.0;40.0;152.0;380.0;604.0;36.0;580.0;0.0;37.0;427.0;100.0;16.0;32.0;878.0;108.0;324.0;446.0;524.0;30.0;401.0;0.0;30.0;308.0;55.0;8.0;40.0;1136.0;260.0;382.0;494.0;420.0;15.0;211.0;0.0;16.0;162.0;29.0;4.0;55.0;1264.0;465.0;391.0;408.0;323.0;0.0;189.0;0.0;10.0;150.0;22.0;7.0;71.0;1279.0;641.0;328.0;310.0;245.0;0.0;120.0;0.0;16.0;90.0;11.0;3.0;90.0;1246.0;941.0;138.0;167.0;131.0;0.0;105.0;0.0;26.0;69.0;9.0;1.0;141.0;1207.0;1006.0;57.0;144.0;47.0;0.0;47.0;0.0;14.0;29.0;3.0;1.0;982.0;2284.0;2066.0;103.0;115.0;54.0;0.0;64.0;0.0;27.0;33.0;3.0;1.0;8884.0;11828.0;2217.0;1642.0;1.04;1.62;1.62;0.0;1565.0;1134.0;6333.0;2765.0;1442.0;1065.0;6634.0;3633.0;16.9;0.0;0.0;0.0;0.0;0.0;0.0;0.0;1.0;0.0;0.0;0.0;0.0;1.0;0.17;0.0;4.8;1.41;8.32;0.07;1.62;2.91;0.0;0.85;0.11;0.1;0.0;1.11;0.94;3.45;0.22;24.3;0.0;0.0;0.0;49.11;0.0;0.44;0.05;0.0;2.63;3.37;0.0;0.0;0.0;0.0;0.0;0.0;0.0;0.0;0.0;0.0;0.0;52.79;0.0;0.0;0.0;7.37;0.0;0.0;0.0;0.0;0.0;0.0;0.0;0.0;0.0;0.0;0.0;0.0;0.0;0.0;0.0;0.0;0.0;0.0;0.0;0.0;0.0;0.0;0.0;0.0;0.0;0.0;0.0;0.0;0.0;0.0;0.0;0.0;0.0;0.0;0.0;0.0;0.0;0.0;0.0;0.0;0.0;0.0;0.0;0.0;0.0;0.0;0.0;0.0;0.0;0.0;0.0;0.0;100.0;33.84;0;0;0;0;0;0;1;0;0;0;0;0;0;0;0;0;0;0;0;0
MONTIJO;29.0;1925.0;8.0;226.0;1691.0;949.0;3.0;2.0;2.0;0.0;0.0;0.0;0.0;44.0;606.0;22.0;91.0;493.0;1608.0;40.0;604.0;24.0;0.0;493.0;87.0;0.0;80.0;675.0;54.0;130.0;491.0;1215.0;93.0;951.0;21.0;0.0;582.0;343.0;5.0;112.0;857.0;68.0;174.0;615.0;1244.0;129.0;1333.0;21.0;15.0;806.0;475.0;16.0;99.0;1060.0;77.0;244.0;739.0;1461.0;116.0;1593.0;18.0;76.0;1152.0;326.0;21.0;107.0;1280.0;147.0;320.0;813.0;1672.0;134.0;1800.0;5.0;126.0;1373.0;254.0;42.0;121.0;1523.0;246.0;481.0;796.0;1502.0;90.0;1369.0;0.0;127.0;1062.0;152.0;28.0;99.0;1609.0;400.0;493.0;716.0;1076.0;72.0;747.0;0.0;88.0;530.0;103.0;26.0;114.0;1768.0;594.0;484.0;690.0;862.0;9.0;528.0;0.0;64.0;369.0;80.0;15.0;134.0;1773.0;851.0;381.0;541.0;647.0;0.0;360.0;0.0;44.0;264.0;46.0;6.0;161.0;1893.0;1241.0;228.0;424.0;444.0;0.0;288.0;0.0;78.0;181.0;25.0;4.0;202.0;2019.0;1463.0;184.0;372.0;212.0;0.0;147.0;0.0;41.0;89.0;14.0;3.0;1179.0;3511.0;2895.0;212.0;404.0;201.0;0.0;188.0;0.0;67.0;96.0;13.0;12.0;27345.0;19531.0;3603.0;5203.0;6.41;10.02;10.02;102.53;4706.0;2992.0;14966.0;4389.0;4307.0;2818.0;15448.0;6056.0;0.0;0.0;0.0;0.0;0.0;0.0;0.0;0.0;1.0;0.0;0.0;0.0;0.0;0.0;0.0;0.23;4.07;1.84;11.79;0.1;0.94;4.94;0.05;0.84;0.07;0.04;0.13;0.79;1.43;6.51;0.62;19.5;0.0;0.0;0.0;45.66;0.04;0.39;0.05;0.0;4.32;6.79;0.0;4.55;0.0;0.0;0.0;0.0;0.0;3.31;0.0;0.0;1.05;30.79;0.0;0.0;0.0;20.25;0.0;0.0;0.0;0.0;0.0;0.0;0.0;0.0;0.0;0.0;0.0;0.0;0.0;0.0;0.0;0.0;0.0;0.0;0.0;0.0;0.0;0.0;0.0;0.0;0.0;0.0;0.0;0.0;0.0;0.0;0.0;0.0;0.0;0.0;0.0;0.0;0.0;0.0;0.0;0.0;0.0;0.0;0.0;0.0;0.0;0.0;0.0;0.0;0.0;0.0;0.0;0.0;100.01;28.95;0;0;0;0;0;0;0;0;0;0;0;0;0;0;0;1;0;0;0;0
MORA;2.0;103.0;0.0;15.0;88.0;48.0;0.0;0.0;0.0;0.0;0.0;0.0;0.0;3.0;27.0;0.0;3.0;24.0;100.0;4.0;30.0;1.0;0.0;28.0;1.0;0.0;3.0;29.0;2.0;4.0;23.0;71.0;0.0;37.0;1.0;0.0;24.0;12.0;0.0;2.0;42.0;3.0;7.0;32.0;50.0;8.0;37.0;1.0;1.0;26.0;8.0;1.0;2.0;85.0;12.0;20.0;53.0;72.0;4.0;26.0;0.0;0.0;20.0;5.0;1.0;4.0;105.0;9.0;31.0;65.0;74.0;3.0;44.0;0.0;3.0;32.0;6.0;3.0;7.0;122.0;20.0;35.0;67.0;53.0;1.0;44.0;0.0;2.0;37.0;5.0;0.0;5.0;167.0;47.0;56.0;64.0;46.0;1.0;39.0;0.0;4.0;27.0;7.0;1.0;9.0;207.0;82.0;53.0;72.0;53.0;0.0;24.0;0.0;1.0;20.0;3.0;0.0;18.0;284.0;137.0;70.0;77.0;33.0;0.0;36.0;0.0;9.0;25.0;1.0;1.0;17.0;314.0;227.0;41.0;46.0;27.0;0.0;26.0;0.0;5.0;17.0;1.0;3.0;33.0;275.0;234.0;12.0;29.0;9.0;0.0;14.0;0.0;6.0;7.0;0.0;1.0;309.0;555.0;525.0;9.0;21.0;6.0;0.0;18.0;0.0;5.0;12.0;1.0;0.0;1430.0;1885.0;542.0;278.0;1.27;1.72;1.72;80.19;190.0;171.0;909.0;704.0;178.0;146.0;938.0;899.0;0.0;0.0;0.0;0.0;0.0;0.0;0.0;0.0;1.0;0.0;0.0;0.0;0.0;0.0;0.0;0.0;2.53;0.88;5.35;0.06;1.14;1.66;0.0;0.25;0.02;0.06;0.0;0.66;0.51;27.04;0.0;14.06;0.0;0.0;0.0;45.5;0.04;0.06;0.18;0.0;0.0;0.0;0.0;0.0;0.0;0.0;0.0;0.0;0.0;0.0;0.0;0.0;0.0;50.27;0.0;0.0;0.0;45.47;0.0;0.0;0.0;0.0;0.0;0.0;0.0;0.0;0.0;0.0;0.0;0.0;0.0;0.0;0.0;0.0;0.0;0.0;0.0;0.0;0.0;0.0;0.0;0.0;0.0;0.0;0.0;0.0;0.0;0.0;0.0;0.0;0.0;0.0;0.0;0.0;0.0;0.0;0.0;0.0;0.0;0.0;0.0;0.0;0.0;0.0;0.0;0.0;0.0;0.0;0.0;0.0;100.0;4.26;0;0;0;0;0;0;0;0;0;0;0;0;0;0;0;0;0;0;0;1
MORTAGUA;1.0;191.0;0.0;15.0;176.0;126.0;0.0;1.0;1.0;0.0;0.0;0.0;0.0;5.0;45.0;0.0;4.0;41.0;233.0;10.0;92.0;5.0;0.0;77.0;10.0;0.0;6.0;78.0;3.0;9.0;66.0;149.0;15.0;121.0;1.0;0.0;73.0;47.0;0.0;8.0;104.0;6.0;16.0;82.0;120.0;23.0;118.0;0.0;1.0;83.0;32.0;2.0;13.0;177.0;8.0;45.0;124.0;138.0;20.0;146.0;2.0;6.0;103.0;32.0;3.0;15.0;261.0;33.0;93.0;135.0;167.0;9.0;131.0;0.0;13.0;104.0;12.0;2.0;16.0;311.0;44.0;154.0;113.0;108.0;8.0;95.0;0.0;17.0;65.0;10.0;3.0;17.0;375.0;118.0;146.0;111.0;105.0;6.0;70.0;0.0;5.0;55.0;9.0;1.0;24.0;460.0;225.0;140.0;95.0;94.0;0.0;45.0;0.0;5.0;36.0;4.0;0.0;32.0;587.0;353.0;136.0;98.0;49.0;0.0;53.0;0.0;8.0;39.0;4.0;2.0;55.0;653.0;552.0;46.0;55.0;34.0;0.0;47.0;0.0;13.0;31.0;2.0;1.0;59.0;592.0;523.0;30.0;39.0;19.0;0.0;33.0;0.0;11.0;21.0;1.0;0.0;476.0;1122.0;1044.0;26.0;52.0;12.0;0.0;35.0;0.0;14.0;19.0;2.0;0.0;3140.0;4419.0;959.0;445.0;2.3;3.83;3.83;0.0;416.0;362.0;2103.0;1378.0;432.0;342.0;2171.0;1759.0;23.1;0.0;0.0;0.0;0.0;0.0;0.0;0.0;1.0;0.0;0.0;0.0;0.0;0.0;0.0;0.1;4.01;1.42;6.18;0.15;2.14;2.11;0.0;0.72;0.06;0.16;0.14;0.9;0.61;1.3;0.0;35.48;0.0;0.0;0.0;43.59;0.01;0.1;0.13;0.0;0.0;0.0;0.0;0.0;0.0;0.0;0.0;0.0;0.0;0.0;0.0;0.0;0.0;64.93;0.0;0.0;0.0;1.07;0.0;0.0;0.0;0.0;0.0;0.0;0.0;0.0;0.0;0.0;0.0;0.0;0.0;0.0;0.0;0.0;0.0;0.0;0.0;0.0;0.0;0.0;0.0;0.0;0.0;0.0;0.0;0.0;0.0;0.0;0.0;0.0;0.0;0.0;0.0;0.0;0.0;0.0;0.0;0.0;0.0;0.0;0.0;0.0;0.0;0.0;0.0;0.0;0.0;0.0;0.0;0.0;100.0;34.0;0;0;0;0;0;0;0;0;0;0;0;0;0;0;0;0;0;0;1;0
MOURA;10.0;523.0;23.0;117.0;383.0;229.0;0.0;0.0;0.0;0.0;0.0;0.0;0.0;5.0;198.0;14.0;46.0;138.0;378.0;10.0;119.0;6.0;0.0;93.0;20.0;0.0;19.0;170.0;21.0;46.0;103.0;207.0;21.0;124.0;5.0;0.0;95.0;24.0;0.0;40.0;190.0;35.0;36.0;119.0;199.0;15.0;116.0;0.0;1.0;87.0;27.0;1.0;37.0;243.0;39.0;64.0;140.0;249.0;12.0;141.0;0.0;1.0;124.0;16.0;0.0;54.0;386.0;50.0;121.0;215.0;245.0;11.0;141.0;0.0;6.0;106.0;28.0;1.0;54.0;453.0;81.0;149.0;223.0;236.0;7.0;120.0;0.0;8.0;87.0;25.0;0.0;61.0;580.0;157.0;208.0;215.0;196.0;10.0;88.0;0.0;10.0;66.0;12.0;0.0;65.0;612.0;216.0;195.0;201.0;165.0;1.0;92.0;0.0;6.0;72.0;12.0;2.0;91.0;660.0;297.0;176.0;187.0;151.0;0.0;81.0;0.0;6.0;70.0;3.0;2.0;121.0;683.0;474.0;94.0;115.0;69.0;0.0;60.0;0.0;12.0;44.0;2.0;2.0;118.0;560.0;450.0;44.0;66.0;28.0;0.0;29.0;0.0;7.0;20.0;1.0;1.0;708.0;1041.0;915.0;50.0;76.0;25.0;0.0;36.0;0.0;16.0;19.0;1.0;0.0;5759.0;5205.0;1385.0;909.0;1.63;1.41;1.41;75.97;1017.0;740.0;3224.0;1451.0;948.0;732.0;3119.0;2027.0;0.0;0.0;0.0;0.0;0.0;0.0;0.0;0.0;1.0;0.0;0.0;0.0;0.0;0.0;0.0;0.0;1.66;0.86;20.74;0.1;0.84;1.16;0.0;0.33;0.06;0.13;0.0;0.97;0.37;15.96;0.67;10.75;0.0;0.0;0.0;45.11;0.05;0.24;0.02;0.0;0.0;14.73;0.0;0.0;0.0;0.0;0.0;0.0;0.0;0.0;0.0;0.0;0.0;41.4;0.0;0.0;0.0;40.01;0.0;0.0;0.0;0.0;0.0;0.0;0.0;0.0;0.0;0.0;0.0;0.0;0.0;0.0;0.0;0.0;0.0;0.0;0.0;0.0;0.0;0.0;0.0;0.0;0.0;0.0;0.0;0.0;0.0;0.0;0.0;0.0;0.0;0.0;0.0;0.0;0.0;0.0;0.0;0.0;0.0;0.0;0.0;0.0;0.0;0.0;0.0;0.0;0.0;0.0;0.0;0.0;100.0;3.86;0;0;1;0;0;0;0;0;0;0;0;0;0;0;0;0;0;0;0;0
MOURAO;0.0;99.0;6.0;31.0;62.0;24.0;1.0;0.0;0.0;0.0;0.0;0.0;0.0;0.0;50.0;4.0;10.0;36.0;51.0;0.0;13.0;3.0;0.0;9.0;1.0;0.0;2.0;39.0;5.0;10.0;24.0;40.0;3.0;22.0;1.0;0.0;16.0;5.0;0.0;11.0;44.0;3.0;8.0;33.0;39.0;3.0;13.0;0.0;0.0;11.0;2.0;0.0;7.0;45.0;12.0;13.0;20.0;39.0;3.0;21.0;0.0;1.0;18.0;2.0;0.0;7.0;61.0;14.0;16.0;31.0;48.0;2.0;15.0;0.0;0.0;14.0;1.0;0.0;8.0;87.0;22.0;22.0;43.0;36.0;0.0;18.0;0.0;3.0;12.0;3.0;0.0;11.0;104.0;34.0;30.0;40.0;43.0;1.0;17.0;0.0;2.0;9.0;6.0;0.0;14.0;101.0;40.0;23.0;38.0;46.0;0.0;12.0;0.0;0.0;11.0;1.0;0.0;11.0;126.0;72.0;27.0;27.0;23.0;0.0;12.0;0.0;2.0;8.0;1.0;1.0;22.0;130.0;90.0;21.0;19.0;16.0;0.0;10.0;0.0;3.0;5.0;1.0;1.0;10.0;113.0;90.0;9.0;14.0;4.0;0.0;4.0;0.0;1.0;2.0;1.0;0.0;136.0;200.0;181.0;4.0;15.0;4.0;0.0;9.0;0.0;4.0;2.0;0.0;3.0;1034.0;944.0;231.0;142.0;1.28;1.11;1.11;71.15;167.0;132.0;592.0;297.0;154.0;106.0;542.0;361.0;0.0;0.0;0.0;0.0;0.0;0.0;0.0;0.0;0.0;1.0;0.0;0.0;0.0;0.0;0.0;0.0;1.09;1.32;14.17;0.0;0.75;0.96;0.0;0.13;0.0;0.04;0.0;1.21;0.09;9.63;0.0;32.07;0.0;0.0;0.0;38.26;0.2;0.09;0.0;0.0;0.0;5.1;0.0;0.0;0.0;0.0;0.0;0.0;0.0;0.0;0.0;0.0;0.0;37.93;0.0;0.0;0.0;8.37;0.0;0.0;0.0;0.0;0.0;0.0;0.0;0.0;0.0;0.0;0.0;0.0;0.0;0.0;0.0;0.0;0.0;0.0;0.0;0.0;0.0;0.0;0.0;0.0;0.0;0.0;0.0;0.0;0.0;0.0;0.0;0.0;0.0;0.0;0.0;0.0;0.0;0.0;0.0;0.0;0.0;0.0;0.0;0.0;0.0;0.0;0.0;0.0;0.0;0.0;0.0;0.0;99.99;48.59;0;0;0;0;0;0;0;0;0;0;0;0;0;0;0;0;0;0;0;1
MURCA;2.0;128.0;0.0;11.0;117.0;97.0;0.0;1.0;1.0;0.0;0.0;0.0;0.0;0.0;31.0;0.0;2.0;29.0;118.0;2.0;54.0;1.0;0.0;45.0;8.0;0.0;3.0;50.0;0.0;6.0;44.0;80.0;8.0;70.0;2.0;0.0;42.0;24.0;2.0;3.0;66.0;4.0;12.0;50.0;47.0;7.0;59.0;1.0;0.0;44.0;14.0;0.0;7.0;113.0;12.0;29.0;72.0;61.0;5.0;57.0;2.0;2.0;44.0;7.0;2.0;4.0;118.0;16.0;41.0;61.0;96.0;3.0;67.0;1.0;3.0;54.0;8.0;1.0;17.0;166.0;38.0;64.0;64.0;62.0;1.0;48.0;0.0;8.0;33.0;5.0;2.0;30.0;244.0;81.0;91.0;72.0;55.0;1.0;32.0;0.0;3.0;24.0;5.0;0.0;34.0;316.0;173.0;76.0;67.0;47.0;0.0;25.0;0.0;1.0;20.0;4.0;0.0;36.0;379.0;261.0;67.0;51.0;55.0;0.0;21.0;0.0;2.0;17.0;2.0;0.0;58.0;377.0;304.0;48.0;25.0;22.0;0.0;18.0;0.0;5.0;13.0;0.0;0.0;60.0;356.0;302.0;20.0;34.0;11.0;0.0;12.0;0.0;5.0;5.0;2.0;0.0;299.0;627.0;556.0;40.0;31.0;16.0;0.0;16.0;0.0;8.0;7.0;0.0;1.0;1702.0;2686.0;604.0;253.0;0.6;1.07;1.07;0.0;232.0;245.0;1233.0;821.0;215.0;188.0;1260.0;1051.0;0.0;0.0;0.0;0.0;0.0;0.0;0.0;0.0;0.0;1.0;0.0;0.0;0.0;0.0;0.0;0.0;1.27;2.68;7.92;0.13;0.83;0.53;0.0;0.2;0.38;0.09;0.16;1.27;0.62;1.13;0.0;42.85;0.0;0.0;0.0;39.3;0.0;0.52;0.12;0.0;0.0;0.0;0.0;0.0;0.0;0.0;0.0;0.0;0.0;0.0;0.0;0.0;0.0;35.31;0.0;0.0;0.0;0.82;0.0;0.0;0.0;0.0;0.0;0.0;0.0;0.0;0.0;0.0;0.0;0.0;0.0;0.0;0.0;0.0;0.0;0.0;0.0;0.0;0.0;0.0;0.0;0.0;0.0;0.0;0.0;0.0;0.0;0.0;0.0;0.0;0.0;0.0;0.0;0.0;0.0;0.0;0.0;0.0;0.0;0.0;0.0;0.0;0.0;0.0;0.0;0.0;0.0;0.0;0.0;0.0;99.99;63.86;0;0;0;0;0;0;0;0;0;0;0;0;0;0;0;0;0;1;0;0
MURTOSA;6.0;399.0;4.0;90.0;305.0;157.0;1.0;1.0;1.0;0.0;0.0;0.0;0.0;4.0;145.0;2.0;25.0;118.0;280.0;5.0;77.0;1.0;0.0;63.0;13.0;0.0;4.0;209.0;6.0;42.0;161.0;198.0;8.0;134.0;3.0;0.0;74.0;56.0;1.0;7.0;223.0;19.0;61.0;143.0;156.0;10.0;142.0;3.0;1.0;86.0;51.0;1.0;7.0;337.0;25.0;79.0;233.0;150.0;9.0;154.0;2.0;5.0;115.0;22.0;10.0;25.0;371.0;55.0;153.0;163.0;185.0;8.0;142.0;0.0;8.0;112.0;18.0;4.0;37.0;443.0;102.0;185.0;156.0;143.0;6.0;139.0;0.0;12.0;104.0;19.0;4.0;37.0;484.0;196.0;167.0;121.0;119.0;11.0;98.0;0.0;13.0;69.0;15.0;1.0;36.0;533.0;253.0;164.0;116.0;105.0;0.0;72.0;0.0;6.0;53.0;9.0;4.0;39.0;489.0;279.0;149.0;61.0;83.0;0.0;62.0;0.0;6.0;42.0;11.0;3.0;36.0;521.0;430.0;53.0;38.0;35.0;0.0;49.0;0.0;15.0;29.0;5.0;0.0;46.0;517.0;455.0;26.0;36.0;26.0;0.0;32.0;0.0;10.0;20.0;1.0;1.0;258.0;1005.0;924.0;33.0;48.0;13.0;0.0;45.0;0.0;23.0;19.0;0.0;3.0;4194.0;4758.0;898.0;626.0;1.12;2.56;2.56;0.0;715.0;555.0;2666.0;1111.0;688.0;520.0;2749.0;1472.0;31.3;0.0;0.0;0.0;0.0;0.0;0.0;0.0;0.0;1.0;0.0;0.0;0.0;1.0;0.0;0.24;3.43;2.37;6.39;0.02;1.61;3.17;0.06;0.44;0.12;0.08;0.0;0.67;1.0;1.4;0.45;45.71;0.0;0.0;0.0;32.2;0.0;0.53;0.1;0.0;0.0;2.08;0.0;0.0;0.0;0.0;0.0;0.0;0.0;0.0;0.0;0.0;0.0;16.6;0.0;0.0;0.0;2.39;0.0;0.0;0.0;0.0;0.0;0.0;0.0;0.0;0.0;0.0;0.0;0.0;0.0;0.0;0.0;0.0;0.0;0.0;0.0;0.0;0.0;0.0;0.0;0.0;0.0;0.0;0.0;0.0;0.0;0.0;0.0;0.0;0.0;0.0;0.0;0.0;0.0;0.0;0.0;0.0;0.0;0.0;0.0;0.0;0.0;0.0;0.0;0.0;0.0;0.0;0.0;0.0;100.0;78.92999999999999;1;0;0;0;0;0;0;0;0;0;0;0;0;0;0;0;0;0;0;0
NAZARE;10.0;436.0;3.0;50.0;383.0;238.0;1.0;0.0;0.0;0.0;0.0;0.0;0.0;6.0;143.0;4.0;16.0;123.0;420.0;17.0;143.0;15.0;0.0;107.0;21.0;0.0;14.0;156.0;10.0;30.0;116.0;298.0;17.0;196.0;6.0;0.0;126.0;61.0;3.0;13.0;192.0;10.0;48.0;134.0;266.0;28.0;206.0;6.0;1.0;137.0;61.0;1.0;19.0;292.0;10.0;56.0;226.0;294.0;30.0;245.0;7.0;11.0;185.0;37.0;5.0;18.0;397.0;26.0;128.0;243.0;352.0;34.0;309.0;1.0;23.0;236.0;43.0;6.0;24.0;517.0;52.0;228.0;237.0;293.0;16.0;223.0;0.0;27.0;173.0;20.0;3.0;30.0;681.0;156.0;308.0;217.0;270.0;9.0;142.0;0.0;23.0;96.0;21.0;2.0;33.0;725.0;274.0;246.0;205.0;165.0;2.0;127.0;0.0;15.0;103.0;9.0;0.0;53.0;756.0;369.0;216.0;171.0;154.0;0.0;107.0;0.0;18.0;76.0;11.0;2.0;86.0;829.0;626.0;82.0;121.0;113.0;0.0;93.0;0.0;17.0;66.0;10.0;0.0;98.0;841.0;701.0;52.0;88.0;40.0;0.0;62.0;0.0;23.0;31.0;4.0;4.0;463.0;1205.0;1086.0;57.0;62.0;35.0;0.0;35.0;0.0;15.0;18.0;0.0;2.0;6076.0;6232.0;1218.0;1355.0;3.08;5.48;5.48;0.0;906.0;739.0;3737.0;1703.0;958.0;675.0;3966.0;2197.0;0.0;0.0;0.0;0.0;0.0;0.0;0.0;0.0;1.0;0.0;0.0;0.0;0.0;0.0;0.0;0.34;6.29;1.02;8.27;0.06;1.38;4.01;0.0;0.7;0.14;0.18;0.19;0.87;0.87;6.52;0.0;24.6;0.0;0.0;0.0;43.72;0.0;0.66;0.17;0.0;5.4;0.0;0.0;0.0;0.0;0.0;0.0;0.0;0.0;0.0;0.0;0.0;0.0;47.72;0.0;0.0;0.0;15.19;0.0;0.0;0.0;0.0;0.0;0.0;0.0;0.0;0.0;0.0;0.0;0.0;0.0;0.0;0.0;0.0;0.0;0.0;0.0;0.0;0.0;0.0;0.0;0.0;0.0;0.0;0.0;0.0;0.0;0.0;0.0;0.0;0.0;0.0;0.0;0.0;0.0;0.0;0.0;0.0;0.0;0.0;0.0;0.0;0.0;0.0;0.0;0.0;0.0;0.0;0.0;0.0;100.0;31.69;0;0;0;0;0;0;0;0;0;1;0;0;0;0;0;0;0;0;0;0
NELAS;7.0;428.0;7.0;57.0;364.0;248.0;0.0;1.0;1.0;0.0;0.0;0.0;0.0;3.0;88.0;6.0;9.0;73.0;345.0;12.0;154.0;7.0;0.0;128.0;19.0;0.0;5.0;110.0;5.0;8.0;97.0;210.0;13.0;175.0;2.0;0.0;105.0;66.0;2.0;5.0;179.0;6.0;32.0;141.0;200.0;17.0;150.0;2.0;3.0;100.0;41.0;4.0;9.0;268.0;17.0;44.0;207.0;221.0;18.0;207.0;1.0;8.0;153.0;42.0;3.0;18.0;385.0;35.0;120.0;230.0;272.0;24.0;225.0;1.0;9.0;177.0;34.0;4.0;22.0;422.0;74.0;161.0;187.0;218.0;9.0;199.0;0.0;32.0;145.0;21.0;1.0;24.0;518.0;153.0;182.0;183.0;184.0;12.0;115.0;0.0;11.0;86.0;13.0;5.0;26.0;599.0;274.0;163.0;162.0;149.0;1.0;81.0;0.0;7.0;65.0;8.0;1.0;56.0;769.0;383.0;194.0;192.0;112.0;0.0;63.0;0.0;9.0;47.0;6.0;1.0;40.0;825.0;609.0;110.0;106.0;84.0;0.0;65.0;0.0;12.0;47.0;5.0;1.0;72.0;769.0;650.0;47.0;72.0;36.0;0.0;38.0;0.0;11.0;25.0;1.0;1.0;499.0;1491.0;1334.0;65.0;92.0;52.0;0.0;50.0;0.0;23.0;24.0;1.0;2.0;4658.0;6323.0;1302.0;836.0;1.27;1.89;1.89;0.0;787.0;687.0;3000.0;1724.0;735.0;599.0;3290.0;2297.0;24.7;0.0;0.0;0.0;0.0;0.0;0.0;0.0;0.0;1.0;0.0;0.0;0.0;0.0;0.0;0.11;2.89;5.34;8.67;0.06;1.26;1.74;0.0;0.6;0.05;0.08;0.1;1.44;1.18;2.11;0.0;29.65;0.0;0.0;0.0;44.24;0.02;0.3;0.17;0.0;0.0;0.0;0.0;0.0;0.0;0.0;0.0;0.0;0.0;0.0;0.0;0.0;0.0;41.46;0.0;0.0;0.0;3.61;0.0;0.0;0.0;0.0;0.0;0.0;0.0;0.0;0.0;0.0;0.0;0.0;0.0;0.0;0.0;0.0;0.0;0.0;0.0;0.0;0.0;0.0;0.0;0.0;0.0;0.0;0.0;0.0;0.0;0.0;0.0;0.0;0.0;0.0;0.0;0.0;0.0;0.0;0.0;0.0;0.0;0.0;0.0;0.0;0.0;0.0;0.0;0.0;0.0;0.0;0.0;0.0;100.01;54.94;0;0;0;0;0;0;0;0;0;0;0;0;0;0;0;0;0;0;1;0
NISA;2.0;155.0;0.0;24.0;131.0;74.0;0.0;0.0;0.0;0.0;0.0;0.0;0.0;1.0;43.0;2.0;8.0;33.0;137.0;3.0;56.0;3.0;0.0;49.0;4.0;0.0;1.0;37.0;2.0;5.0;30.0;66.0;6.0;57.0;2.0;0.0;36.0;19.0;0.0;4.0;60.0;8.0;13.0;39.0;57.0;7.0;69.0;0.0;0.0;57.0;12.0;0.0;8.0;63.0;5.0;12.0;46.0;81.0;5.0;64.0;0.0;0.0;52.0;12.0;0.0;6.0;134.0;13.0;37.0;84.0;117.0;7.0;76.0;1.0;8.0;60.0;7.0;0.0;8.0;180.0;33.0;46.0;101.0;103.0;7.0;59.0;0.0;9.0;42.0;7.0;1.0;14.0;243.0;61.0;74.0;108.0;95.0;1.0;56.0;0.0;6.0;45.0;3.0;2.0;16.0;304.0;107.0;87.0;110.0;98.0;0.0;57.0;0.0;8.0;47.0;1.0;1.0;21.0;305.0;134.0;82.0;89.0;65.0;0.0;44.0;0.0;4.0;37.0;3.0;0.0;27.0;378.0;272.0;49.0;57.0;49.0;0.0;26.0;0.0;7.0;16.0;2.0;1.0;39.0;427.0;363.0;28.0;36.0;24.0;0.0;23.0;0.0;5.0;17.0;1.0;0.0;462.0;917.0;832.0;30.0;55.0;17.0;0.0;36.0;0.0;14.0;21.0;0.0;1.0;1921.0;2791.0;888.0;352.0;1.33;1.66;1.66;76.37;226.0;230.0;1334.0;1014.0;229.0;241.0;1267.0;1411.0;0.0;0.0;0.0;0.0;0.0;0.0;0.0;0.0;1.0;0.0;0.0;0.0;0.0;1.0;0.0;0.0;1.9;0.72;8.13;0.04;1.6;1.05;0.0;0.29;0.09;0.03;0.0;1.41;0.53;8.86;0.67;21.26;0.0;0.0;0.0;53.22;0.0;0.15;0.07;0.0;0.0;4.26;0.0;0.0;0.0;0.0;0.0;0.0;0.0;0.0;0.0;0.0;0.0;56.23;0.0;0.0;0.0;24.6;0.0;0.0;0.0;0.0;0.0;0.0;0.0;0.0;0.0;0.0;0.0;0.0;0.0;0.0;0.0;0.0;0.0;0.0;0.0;0.0;0.0;0.0;0.0;0.0;0.0;0.0;0.0;0.0;0.0;0.0;0.0;0.0;0.0;0.0;0.0;0.0;0.0;0.0;0.0;0.0;0.0;0.0;0.0;0.0;0.0;0.0;0.0;0.0;0.0;0.0;0.0;0.0;100.0;14.91;0;0;0;0;0;0;0;0;0;0;0;0;1;0;0;0;0;0;0;0
NORDESTE;1.0;183.0;4.0;34.0;145.0;70.0;0.0;0.0;0.0;0.0;0.0;0.0;0.0;3.0;79.0;6.0;22.0;51.0;131.0;6.0;42.0;2.0;0.0;38.0;2.0;0.0;7.0;80.0;7.0;13.0;60.0;102.0;10.0;42.0;0.0;0.0;33.0;9.0;0.0;4.0;119.0;10.0;24.0;85.0;68.0;11.0;38.0;1.0;0.0;26.0;10.0;1.0;7.0;140.0;12.0;42.0;86.0;77.0;3.0;30.0;1.0;1.0;19.0;8.0;1.0;11.0;190.0;14.0;77.0;99.0;75.0;8.0;28.0;0.0;1.0;25.0;1.0;1.0;8.0;230.0;32.0;105.0;93.0;56.0;2.0;32.0;0.0;1.0;27.0;4.0;0.0;15.0;268.0;62.0;125.0;81.0;27.0;2.0;25.0;0.0;1.0;20.0;4.0;0.0;17.0;266.0;106.0;107.0;53.0;28.0;0.0;16.0;0.0;2.0;13.0;1.0;0.0;24.0;255.0;154.0;76.0;25.0;16.0;0.0;16.0;0.0;3.0;10.0;3.0;0.0;15.0;233.0;202.0;17.0;14.0;14.0;0.0;12.0;0.0;4.0;8.0;0.0;0.0;16.0;173.0;149.0;6.0;18.0;11.0;0.0;16.0;0.0;7.0;7.0;2.0;0.0;125.0;293.0;278.0;9.0;6.0;6.0;0.0;10.0;0.0;6.0;4.0;0.0;0.0;1833.0;1866.0;376.0;293.0;0.89;1.99;1.99;63.9;300.0;259.0;1190.0;405.0;276.0;256.0;1163.0;519.0;27.0;0.0;0.0;0.0;0.0;0.0;0.0;0.0;0.0;1.0;0.0;0.0;0.0;0.0;0.0;0.38;2.47;0.0;6.28;0.16;2.54;1.92;0.0;0.45;0.3;0.29;0.0;2.78;0.8;1.34;0.37;0.0;0.0;34.13;0.0;45.65;0.0;0.17;0.0;0.0;0.0;1.07;0.0;0.0;0.0;0.0;0.0;0.0;0.0;0.0;0.0;0.0;0.0;22.39;0.0;0.0;0.0;3.35;0.0;0.0;0.0;0.0;0.0;0.0;0.0;0.0;0.0;0.0;0.0;0.0;0.0;0.0;0.0;0.0;0.0;0.0;0.0;0.0;0.0;0.0;0.0;0.0;0.0;0.0;0.0;0.0;0.0;0.0;0.0;0.0;0.0;0.0;0.0;0.0;0.0;0.0;0.0;0.0;0.0;0.0;0.0;0.0;0.0;0.0;0.0;0.0;0.0;0.0;0.0;0.0;100.0;73.19;0;1;0;0;0;0;0;0;0;0;0;0;0;0;0;0;0;0;0;0
OBIDOS;3.0;366.0;1.0;51.0;314.0;205.0;0.0;1.0;1.0;0.0;0.0;0.0;0.0;7.0;82.0;0.0;20.0;62.0;338.0;17.0;138.0;8.0;0.0;113.0;16.0;1.0;10.0;79.0;1.0;11.0;67.0;222.0;30.0;157.0;5.0;0.0;102.0;49.0;1.0;11.0;153.0;8.0;28.0;117.0;212.0;22.0;143.0;2.0;2.0;95.0;42.0;2.0;10.0;212.0;11.0;48.0;153.0;255.0;25.0;194.0;3.0;10.0;135.0;41.0;5.0;19.0;308.0;25.0;99.0;184.0;251.0;15.0;226.0;3.0;16.0;170.0;27.0;10.0;14.0;399.0;47.0;162.0;190.0;253.0;20.0;193.0;0.0;20.0;138.0;28.0;7.0;32.0;538.0;131.0;239.0;168.0;219.0;5.0;125.0;0.0;22.0;75.0;23.0;5.0;43.0;539.0;222.0;161.0;156.0;171.0;1.0;107.0;0.0;15.0;69.0;18.0;5.0;56.0;555.0;322.0;108.0;125.0;171.0;0.0;115.0;0.0;20.0;68.0;21.0;6.0;84.0;590.0;452.0;65.0;73.0;123.0;0.0;88.0;0.0;19.0;55.0;9.0;5.0;74.0;642.0;503.0;55.0;84.0;44.0;0.0;57.0;0.0;16.0;29.0;7.0;5.0;364.0;1035.0;927.0;38.0;70.0;35.0;0.0;52.0;0.0;10.0;36.0;1.0;5.0;4806.0;5116.0;997.0;1003.0;2.74;6.77;6.77;0.0;739.0;632.0;2998.0;1460.0;728.0;525.0;3112.0;1728.0;0.0;0.0;0.0;0.0;0.0;0.0;0.0;0.0;0.0;1.0;0.0;0.0;0.0;0.0;0.0;0.31;4.61;1.5;8.52;0.06;1.27;4.52;0.0;1.19;0.15;0.04;0.02;1.21;1.43;3.76;0.0;32.38;0.0;0.0;0.0;38.53;0.03;0.41;0.06;0.0;3.09;4.81;0.0;0.0;0.0;0.0;0.0;0.0;0.0;0.0;0.0;0.0;0.0;38.29;0.0;0.0;0.0;4.42;0.0;0.0;0.0;0.0;0.0;0.0;0.0;0.0;0.0;0.0;0.0;0.0;0.0;0.0;0.0;0.0;0.0;0.0;0.0;0.0;0.0;0.0;0.0;0.0;0.0;0.0;0.0;0.0;0.0;0.0;0.0;0.0;0.0;0.0;0.0;0.0;0.0;0.0;0.0;0.0;0.0;0.0;0.0;0.0;0.0;0.0;0.0;0.0;0.0;0.0;0.0;0.0;98.7;48.09;0;0;0;0;0;0;0;0;0;1;0;0;0;0;0;0;0;0;0;0
ODEMIRA;16.0;677.0;5.0;87.0;585.0;351.0;0.0;1.0;1.0;0.0;0.0;0.0;0.0;180.0;353.0;60.0;66.0;227.0;909.0;40.0;209.0;10.0;0.0;186.0;13.0;0.0;351.0;593.0;90.0;103.0;400.0;965.0;43.0;369.0;15.0;0.0;270.0;81.0;3.0;300.0;720.0;87.0;142.0;491.0;928.0;57.0;394.0;4.0;16.0;267.0;103.0;4.0;227.0;765.0;79.0;161.0;525.0;900.0;38.0;402.0;3.0;57.0;249.0;84.0;9.0;201.0;920.0;106.0;246.0;568.0;848.0;41.0;386.0;1.0;36.0;277.0;64.0;8.0;155.0;1010.0;157.0;317.0;536.0;538.0;27.0;291.0;0.0;49.0;191.0;46.0;5.0;127.0;1137.0;293.0;310.0;534.0;395.0;9.0;208.0;0.0;35.0;134.0;32.0;7.0;100.0;1265.0;549.0;294.0;422.0;356.0;5.0;190.0;0.0;25.0;128.0;26.0;11.0;134.0;1361.0;770.0;274.0;317.0;262.0;0.0;140.0;0.0;21.0;93.0;21.0;5.0;172.0;1217.0;891.0;131.0;195.0;157.0;0.0;124.0;0.0;35.0;68.0;17.0;4.0;236.0;1044.0;836.0;75.0;133.0;65.0;0.0;73.0;0.0;18.0;43.0;8.0;4.0;1835.0;1653.0;1475.0;58.0;120.0;52.0;0.0;61.0;0.0;18.0;31.0;5.0;7.0;14152.0;11350.0;2222.0;1814.0;9.22;28.16;28.16;79.51;1519.0;1653.0;10124.0;3071.0;1436.0;1083.0;7034.0;3618.0;0.0;0.0;0.0;0.0;0.0;0.0;0.0;0.0;1.0;0.0;0.0;0.0;0.0;0.0;0.0;0.0;4.19;0.8;7.5;0.11;1.27;2.88;0.0;0.9;0.18;0.17;0.0;1.41;1.18;14.16;0.66;15.0;0.0;0.0;0.0;48.91;0.08;0.37;0.2;0.0;6.95;3.76;0.0;4.72;0.0;0.0;0.0;0.0;0.0;0.0;0.0;0.0;0.0;49.09;0.0;0.0;0.0;28.83;0.0;0.0;0.0;0.0;0.0;0.0;0.0;0.0;0.0;0.0;0.0;0.0;0.0;0.0;0.0;0.0;0.0;0.0;0.0;0.0;0.0;0.0;0.0;0.0;0.0;0.0;0.0;0.0;0.0;0.0;0.0;0.0;0.0;0.0;0.0;0.0;0.0;0.0;0.0;0.0;0.0;0.0;0.0;0.0;0.0;0.0;0.0;0.0;0.0;0.0;0.0;0.0;100.0;6.65;0;0;1;0;0;0;0;0;0;0;0;0;0;0;0;0;0;0;0;0
ODIVELAS;71.0;4569.0;24.0;595.0;3950.0;2636.0;3.0;6.0;6.0;0.0;0.0;0.0;0.0;149.0;1312.0;42.0;188.0;1082.0;4472.0;195.0;1888.0;69.0;0.0;1527.0;290.0;2.0;229.0;1367.0;73.0;205.0;1089.0;3174.0;259.0;3622.0;67.0;0.0;2186.0;1351.0;18.0;268.0;1814.0;133.0;337.0;1344.0;2931.0;281.0;4276.0;41.0;33.0;2426.0;1692.0;84.0;283.0;2235.0;166.0;402.0;1667.0;3255.0;293.0;4690.0;33.0;189.0;3187.0;1178.0;103.0;270.0;2879.0;282.0;664.0;1933.0;3894.0;312.0;4888.0;11.0;249.0;3770.0;768.0;90.0;304.0;3692.0;529.0;1062.0;2101.0;3651.0;256.0;3544.0;0.0;260.0;2798.0;408.0;78.0;268.0;4262.0;941.0;1353.0;1968.0;2847.0;160.0;1947.0;0.0;178.0;1457.0;258.0;54.0;323.0;4775.0;1623.0;1280.0;1872.0;2278.0;26.0;1438.0;0.0;163.0;1036.0;190.0;49.0;336.0;5144.0;2437.0;1095.0;1612.0;1937.0;0.0;1077.0;0.0;142.0;753.0;131.0;51.0;432.0;5783.0;3742.0;776.0;1265.0;1244.0;0.0;877.0;0.0;177.0;612.0;62.0;26.0;480.0;6518.0;4537.0;645.0;1336.0;669.0;0.0;564.0;0.0;148.0;367.0;36.0;13.0;2084.0;10980.0;8719.0;842.0;1419.0;707.0;0.0;574.0;0.0;209.0;316.0;30.0;19.0;72532.0;54449.0;9278.0;11775.0;8.91;9.65;9.65;94.74;11322.0;7775.0;37579.0;13048.0;11014.0;7526.0;41906.0;17864.0;0.0;0.0;0.0;0.0;0.0;0.0;0.0;0.0;1.0;0.0;0.0;0.0;0.0;0.0;0.07;0.26;4.54;1.09;8.96;0.07;1.01;5.8;0.06;1.68;0.12;0.12;0.07;1.04;2.14;4.76;0.43;20.66;0.0;0.0;0.0;46.63;0.06;0.29;0.13;0.0;4.95;9.11;0.0;3.19;0.0;0.0;0.0;0.0;0.0;3.35;0.0;0.0;0.0;46.97;0.0;0.0;0.0;11.33;0.0;0.0;0.0;0.0;0.0;0.0;0.0;0.0;0.0;0.0;0.0;0.0;0.0;0.0;0.0;0.0;0.0;0.0;0.0;0.0;0.0;0.0;0.0;0.0;0.0;0.0;0.0;0.0;0.0;0.0;0.0;0.0;0.0;0.0;0.0;0.0;0.0;0.0;0.0;0.0;0.0;0.0;0.0;0.0;0.0;0.0;0.0;0.0;0.0;0.0;0.0;0.0;100.0;21.1;0;0;0;0;0;0;0;0;0;0;1;0;0;0;0;0;0;0;0;0
OEIRAS;43.0;5900.0;35.0;589.0;5276.0;3248.0;8.0;10.0;10.0;0.0;0.0;0.0;0.0;48.0;987.0;28.0;136.0;823.0;4660.0;170.0;2790.0;59.0;0.0;2223.0;505.0;3.0;132.0;1023.0;47.0;173.0;803.0;2541.0;267.0;4728.0;63.0;0.0;2539.0;2095.0;31.0;185.0;1155.0;76.0;223.0;856.0;2401.0;264.0;5221.0;36.0;47.0;2643.0;2370.0;125.0;203.0;1605.0;104.0;302.0;1199.0;2470.0;269.0;5980.0;52.0;284.0;3681.0;1755.0;208.0;191.0;1874.0;161.0;397.0;1316.0;3263.0;313.0;7428.0;15.0;381.0;5394.0;1411.0;227.0;204.0;2331.0;320.0;596.0;1415.0;3615.0;280.0;7901.0;0.0;570.0;5813.0;1243.0;275.0;254.0;2619.0;486.0;809.0;1324.0;3215.0;208.0;5464.0;0.0;580.0;3674.0;934.0;276.0;258.0;3179.0;902.0;759.0;1518.0;3021.0;28.0;4157.0;0.0;468.0;2730.0;694.0;265.0;346.0;3583.0;1386.0;721.0;1476.0;2722.0;0.0;3331.0;0.0;491.0;2143.0;486.0;211.0;480.0;4603.0;2415.0;597.0;1591.0;2270.0;0.0;2813.0;0.0;477.0;1860.0;318.0;158.0;445.0;6240.0;3136.0;693.0;2411.0;1621.0;0.0;2532.0;0.0;511.0;1664.0;227.0;130.0;1852.0;12903.0;7920.0;1270.0;3713.0;2114.0;0.0;3375.0;0.0;817.0;2176.0;205.0;177.0;82840.0;60060.0;11341.0;17417.0;5.92;6.86;6.86;165.5;12577.0;9167.0;40971.0;16866.0;11740.0;8697.0;47258.0;24382.0;0.0;0.0;0.0;1.0;0.0;0.0;0.0;0.0;0.0;0.0;0.0;0.0;0.0;1.0;0.08;0.33;4.74;1.72;6.09;0.05;1.17;9.71;0.08;2.78;0.14;0.12;0.08;0.69;2.34;4.42;0.29;26.24;0.0;0.0;0.0;38.56;0.03;0.23;0.11;0.0;0.0;3.9;0.0;4.26;0.0;0.0;0.0;0.0;0.0;3.12;0.0;0.0;0.0;10.98;0.0;0.0;0.0;5.52;0.0;53.84;0.0;0.0;0.0;0.0;0.0;0.0;0.0;0.0;0.0;0.0;0.0;0.0;0.0;0.0;0.0;0.0;0.0;0.0;0.0;0.0;0.0;0.0;0.0;0.0;0.0;0.0;0.0;0.0;0.0;0.0;0.0;0.0;0.0;0.0;0.0;0.0;0.0;0.0;0.0;0.0;0.0;0.0;0.0;0.0;0.0;0.0;0.0;0.0;0.0;0.0;100.03;18.41;0;0;0;0;0;0;0;0;0;0;1;0;0;0;0;0;0;0;0;0
OLEIROS;0.0;60.0;0.0;2.0;58.0;64.0;0.0;1.0;1.0;0.0;0.0;0.0;0.0;1.0;21.0;1.0;2.0;18.0;107.0;5.0;33.0;1.0;0.0;28.0;4.0;0.0;2.0;28.0;2.0;2.0;24.0;59.0;2.0;58.0;2.0;0.0;34.0;22.0;0.0;4.0;30.0;3.0;8.0;19.0;53.0;7.0;55.0;2.0;1.0;36.0;16.0;0.0;5.0;58.0;1.0;14.0;43.0;68.0;9.0;54.0;4.0;2.0;35.0;13.0;0.0;7.0;107.0;20.0;25.0;62.0;64.0;8.0;49.0;0.0;5.0;34.0;9.0;1.0;9.0;117.0;28.0;45.0;44.0;72.0;1.0;33.0;0.0;1.0;27.0;5.0;0.0;13.0;203.0;61.0;76.0;66.0;53.0;2.0;21.0;0.0;0.0;18.0;2.0;1.0;20.0;294.0;159.0;56.0;79.0;57.0;0.0;23.0;0.0;2.0;13.0;3.0;5.0;24.0;349.0;254.0;44.0;51.0;51.0;0.0;18.0;0.0;3.0;12.0;2.0;1.0;20.0;392.0;333.0;34.0;25.0;37.0;0.0;31.0;0.0;7.0;22.0;1.0;1.0;36.0;407.0;345.0;23.0;39.0;19.0;0.0;19.0;0.0;5.0;12.0;1.0;1.0;449.0;802.0;749.0;20.0;33.0;10.0;0.0;16.0;0.0;11.0;2.0;3.0;0.0;1368.0;2512.0;768.0;256.0;1.15;2.96;2.96;0.0;156.0;138.0;1086.0;953.0;131.0;154.0;1001.0;1285.0;29.3;0.0;0.0;0.0;0.0;0.0;0.0;0.0;0.0;1.0;0.0;0.0;0.0;0.0;0.0;0.27;1.68;2.27;4.92;0.1;1.33;1.36;0.0;0.15;0.2;0.31;0.53;2.0;0.54;0.68;0.23;48.79;0.0;0.0;0.0;34.26;0.23;0.17;0.0;0.0;0.0;0.0;0.0;0.0;0.0;0.0;0.0;0.0;0.0;0.0;0.0;0.0;0.0;43.75;0.0;0.0;0.0;2.03;0.0;0.0;0.0;0.0;0.0;0.0;0.0;0.0;0.0;0.0;0.0;0.0;0.0;0.0;0.0;0.0;0.0;0.0;0.0;0.0;0.0;0.0;0.0;0.0;0.0;0.0;0.0;0.0;0.0;0.0;0.0;0.0;0.0;0.0;0.0;0.0;0.0;0.0;0.0;0.0;0.0;0.0;0.0;0.0;0.0;0.0;0.0;0.0;0.0;0.0;0.0;0.0;100.0;54.22;0;0;0;0;0;1;0;0;0;0;0;0;0;0;0;0;0;0;0;0
OLHAO;20.0;1632.0;14.0;265.0;1353.0;748.0;1.0;4.0;4.0;0.0;0.0;0.0;0.0;33.0;501.0;10.0;66.0;425.0;1187.0;31.0;397.0;12.0;0.0;340.0;45.0;0.0;43.0;617.0;28.0;102.0;487.0;895.0;53.0;551.0;12.0;0.0;390.0;144.0;5.0;72.0;738.0;55.0;143.0;540.0;868.0;67.0;579.0;11.0;5.0;393.0;165.0;5.0;83.0;1050.0;93.0;227.0;730.0;978.0;91.0;733.0;6.0;41.0;514.0;151.0;21.0;87.0;1296.0;162.0;328.0;806.0;1151.0;61.0;899.0;1.0;60.0;685.0;129.0;24.0;120.0;1583.0;286.0;456.0;841.0;1074.0;62.0;812.0;0.0;89.0;606.0;97.0;20.0;110.0;1637.0;409.0;568.0;660.0;839.0;34.0;483.0;0.0;48.0;346.0;63.0;26.0;186.0;1745.0;650.0;491.0;604.0;641.0;4.0;377.0;0.0;50.0;254.0;56.0;17.0;202.0;1746.0;847.0;379.0;520.0;599.0;0.0;281.0;0.0;39.0;185.0;40.0;17.0;280.0;1862.0;1239.0;255.0;368.0;423.0;0.0;282.0;0.0;56.0;169.0;36.0;21.0;293.0;2011.0;1482.0;172.0;357.0;232.0;0.0;212.0;0.0;64.0;92.0;36.0;20.0;1003.0;3236.0;2675.0;190.0;371.0;208.0;0.0;189.0;0.0;76.0;94.0;11.0;8.0;0.0;0.0;0.0;0.0;6.4;8.93;8.93;84.47;3362.0;2340.0;11461.0;4657.0;3020.0;2214.0;11986.0;5574.0;45.8;0.0;0.0;0.0;0.0;0.0;0.0;0.0;1.0;0.0;0.0;0.0;0.0;1.0;0.0;0.51;6.55;1.27;13.93;0.08;1.45;4.3;0.0;0.99;0.18;0.24;0.0;0.95;2.7;4.7;0.0;21.26;0.0;0.0;0.0;40.2;0.11;0.47;0.12;0.0;5.42;7.94;0.0;0.0;0.0;0.0;0.0;0.0;0.0;3.42;0.0;0.0;0.0;51.31;0.0;0.0;0.0;7.16;0.0;0.0;0.0;0.0;0.0;0.0;0.0;0.0;0.0;0.0;0.0;0.0;0.0;0.0;0.0;0.0;0.0;0.0;0.0;0.0;0.0;0.0;0.0;0.0;0.0;0.0;0.0;0.0;0.0;0.0;0.0;0.0;0.0;0.0;0.0;0.0;0.0;0.0;0.0;0.0;0.0;0.0;0.0;0.0;0.0;0.0;0.0;0.0;0.0;0.0;0.0;0.0;100.0;24.75;0;0;0;0;0;0;0;1;0;0;0;0;0;0;0;0;0;0;0;0
OLIVEIRA DE AZEMEIS;20.0;1893.0;6.0;179.0;1708.0;1252.0;10.0;6.0;6.0;0.0;0.0;0.0;0.0;22.0;511.0;0.0;51.0;460.0;2208.0;87.0;901.0;64.0;0.0;685.0;148.0;4.0;26.0;728.0;9.0;107.0;612.0;1443.0;128.0;1081.0;38.0;0.0;631.0;399.0;13.0;43.0;1138.0;23.0;248.0;867.0;1210.0;156.0;1029.0;17.0;10.0;622.0;359.0;21.0;59.0;1545.0;57.0;374.0;1114.0;1233.0;113.0;989.0;18.0;41.0;726.0;183.0;21.0;59.0;2231.0;178.0;958.0;1095.0;1180.0;73.0;988.0;0.0;69.0;790.0;107.0;22.0;89.0;3166.0;544.0;1492.0;1130.0;1085.0;61.0;826.0;0.0;101.0;614.0;86.0;25.0;135.0;3779.0;1014.0;1689.0;1076.0;785.0;35.0;512.0;0.0;67.0;380.0;47.0;18.0;173.0;4118.0;1484.0;1678.0;956.0;744.0;2.0;353.0;0.0;48.0;265.0;29.0;11.0;206.0;3874.0;1981.0;1110.0;783.0;629.0;0.0;293.0;0.0;38.0;219.0;30.0;6.0;208.0;3538.0;2824.0;303.0;411.0;296.0;0.0;216.0;0.0;58.0;145.0;8.0;5.0;240.0;3223.0;2724.0;180.0;319.0;132.0;0.0;189.0;0.0;74.0;103.0;11.0;1.0;1529.0;5350.0;4895.0;179.0;276.0;149.0;0.0;199.0;0.0;77.0;114.0;4.0;4.0;24901.0;31736.0;4717.0;4821.0;1.1;1.95;1.95;0.0;3973.0;3433.0;17838.0;6776.0;3706.0;3477.0;18479.0;8493.0;0.0;0.0;0.0;0.0;0.0;0.0;0.0;0.0;1.0;0.0;0.0;0.0;0.0;0.0;0.0;0.14;4.11;1.84;4.74;0.06;1.16;3.38;0.09;0.57;0.12;0.14;0.0;1.15;1.02;1.27;0.4;34.65;0.0;0.0;0.0;44.36;0.0;0.65;0.14;0.0;2.77;3.27;0.0;0.0;0.0;0.0;0.0;0.0;0.0;0.0;0.0;0.0;0.0;57.42;0.0;0.0;0.0;1.56;0.0;0.0;0.0;0.0;0.0;0.0;0.0;0.0;0.0;0.0;0.0;0.0;0.0;0.0;0.0;0.0;0.0;0.0;0.0;0.0;0.0;0.0;0.0;0.0;0.0;0.0;0.0;0.0;0.0;0.0;0.0;0.0;0.0;0.0;0.0;0.0;0.0;0.0;0.0;0.0;0.0;0.0;0.0;0.0;0.0;0.0;0.0;0.0;0.0;0.0;0.0;0.0;100.0;34.98;1;0;0;0;0;0;0;0;0;0;0;0;0;0;0;0;0;0;0;0
OLIVEIRA DE FRADES;5.0;326.0;0.0;47.0;279.0;167.0;4.0;1.0;1.0;0.0;0.0;0.0;0.0;2.0;74.0;0.0;4.0;70.0;319.0;13.0;116.0;9.0;0.0;87.0;19.0;1.0;6.0;101.0;3.0;10.0;88.0;198.0;12.0;131.0;0.0;0.0;70.0;61.0;0.0;9.0;179.0;6.0;32.0;141.0;209.0;27.0;104.0;3.0;0.0;65.0;34.0;2.0;13.0;218.0;13.0;44.0;161.0;238.0;16.0;117.0;1.0;8.0;89.0;19.0;0.0;9.0;322.0;42.0;111.0;169.0;186.0;20.0;120.0;0.0;7.0;92.0;18.0;3.0;18.0;396.0;61.0;175.0;160.0;161.0;6.0;122.0;0.0;13.0;96.0;13.0;0.0;15.0;482.0;149.0;209.0;124.0;128.0;8.0;55.0;0.0;8.0;41.0;5.0;1.0;22.0;549.0;257.0;176.0;116.0;80.0;2.0;45.0;0.0;3.0;36.0;6.0;0.0;24.0;507.0;283.0;136.0;88.0;64.0;0.0;33.0;0.0;2.0;27.0;2.0;2.0;30.0;504.0;406.0;55.0;43.0;32.0;0.0;41.0;0.0;12.0;25.0;2.0;2.0;32.0;470.0;385.0;37.0;48.0;19.0;0.0;17.0;0.0;2.0;14.0;1.0;0.0;318.0;855.0;786.0;29.0;40.0;21.0;0.0;27.0;0.0;20.0;7.0;0.0;0.0;3740.0;4362.0;808.0;596.0;1.93;4.02;4.02;0.0;587.0;538.0;2427.0;1009.0;574.0;489.0;2525.0;1357.0;27.1;0.0;0.0;0.0;0.0;0.0;0.0;0.0;0.0;1.0;0.0;0.0;0.0;0.0;0.0;0.05;2.56;2.46;7.61;0.08;1.3;1.91;0.0;0.36;0.12;0.0;0.64;0.98;0.93;1.46;0.0;41.82;0.0;0.0;0.0;37.15;0.04;0.39;0.15;0.0;0.0;0.0;0.0;0.0;0.0;0.0;0.0;0.0;42.9;0.0;0.0;0.0;0.0;6.79;0.0;0.0;0.0;3.2;0.0;0.0;0.0;0.0;0.0;0.0;0.0;0.0;0.0;0.0;0.0;0.0;0.0;0.0;0.0;0.0;0.0;0.0;0.0;0.0;0.0;0.0;0.0;0.0;0.0;0.0;0.0;0.0;0.0;0.0;0.0;0.0;0.0;0.0;0.0;0.0;0.0;0.0;0.0;0.0;0.0;0.0;0.0;0.0;0.0;0.0;0.0;0.0;0.0;0.0;0.0;0.0;100.0;47.11;0;0;0;0;0;0;0;0;0;0;0;0;0;0;0;0;0;0;1;0
OLIVEIRA DO BAIRRO;6.0;725.0;7.0;85.0;633.0;434.0;3.0;2.0;2.0;0.0;0.0;0.0;0.0;13.0;155.0;3.0;28.0;124.0;762.0;26.0;285.0;18.0;0.0;210.0;57.0;0.0;26.0;221.0;7.0;25.0;189.0;500.0;34.0;420.0;18.0;0.0;241.0;159.0;2.0;27.0;298.0;18.0;66.0;214.0;419.0;52.0;357.0;4.0;3.0;216.0;127.0;7.0;34.0;461.0;13.0;102.0;346.0;460.0;52.0;474.0;3.0;26.0;322.0;114.0;9.0;33.0;715.0;55.0;244.0;416.0;515.0;36.0;502.0;5.0;43.0;384.0;57.0;13.0;52.0;899.0;138.0;373.0;388.0;490.0;38.0;459.0;0.0;52.0;340.0;58.0;9.0;49.0;1028.0;224.0;423.0;381.0;340.0;27.0;226.0;0.0;25.0;172.0;16.0;13.0;52.0;1012.0;336.0;394.0;282.0;264.0;2.0;155.0;0.0;14.0;119.0;19.0;3.0;62.0;939.0;451.0;292.0;196.0;214.0;0.0;108.0;0.0;12.0;85.0;9.0;2.0;95.0;1108.0;867.0;112.0;129.0;94.0;0.0;107.0;0.0;37.0;62.0;7.0;1.0;115.0;1013.0;849.0;71.0;93.0;63.0;0.0;76.0;0.0;41.0;31.0;2.0;2.0;581.0;2077.0;1915.0;83.0;79.0;41.0;0.0;78.0;0.0;33.0;42.0;0.0;3.0;9427.0;9952.0;1737.0;2016.0;2.94;4.57;4.57;0.0;1648.0;1213.0;5765.0;2347.0;1573.0;1198.0;6287.0;3101.0;34.5;0.0;0.0;0.0;0.0;0.0;0.0;0.0;0.0;1.0;0.0;0.0;0.0;0.0;0.0;0.13;2.92;6.06;9.26;0.07;1.56;4.76;0.05;0.35;0.15;0.15;0.0;1.03;0.72;0.9;0.4;46.31;0.0;0.0;0.0;24.58;0.0;0.4;0.2;0.0;0.0;5.1;0.0;0.0;0.0;0.0;0.0;0.0;0.0;0.0;0.0;0.0;0.0;8.77;0.0;0.0;0.0;1.13;0.0;0.0;0.0;0.0;0.0;0.0;0.0;0.0;0.0;0.0;0.0;0.0;0.0;0.0;0.0;0.0;0.0;0.0;0.0;0.0;0.0;0.0;0.0;0.0;0.0;0.0;0.0;0.0;0.0;0.0;0.0;0.0;0.0;0.0;0.0;0.0;0.0;0.0;0.0;0.0;0.0;0.0;0.0;0.0;0.0;0.0;0.0;0.0;0.0;0.0;0.0;0.0;100.0;85.0;1;0;0;0;0;0;0;0;0;0;0;0;0;0;0;0;0;0;0;0
OLIVEIRA DO HOSPITAL;8.0;540.0;0.0;72.0;468.0;302.0;0.0;3.0;3.0;0.0;0.0;0.0;0.0;7.0;190.0;4.0;21.0;165.0;599.0;17.0;251.0;19.0;0.0;203.0;28.0;1.0;9.0;198.0;1.0;24.0;173.0;340.0;34.0;272.0;5.0;0.0;177.0;87.0;3.0;17.0;274.0;10.0;32.0;232.0;284.0;34.0;237.0;1.0;1.0;151.0;80.0;4.0;12.0;415.0;20.0;93.0;302.0;337.0;22.0;259.0;3.0;12.0;191.0;51.0;2.0;23.0;598.0;58.0;203.0;337.0;410.0;23.0;231.0;0.0;13.0;181.0;32.0;5.0;67.0;787.0;188.0;298.0;301.0;305.0;23.0;192.0;0.0;19.0;141.0;27.0;5.0;62.0;890.0;298.0;306.0;286.0;289.0;17.0;144.0;0.0;11.0;107.0;18.0;8.0;70.0;1080.0;536.0;265.0;279.0;257.0;4.0;136.0;0.0;14.0;104.0;13.0;5.0;90.0;1137.0;749.0;181.0;207.0;196.0;0.0;99.0;0.0;20.0;71.0;4.0;4.0;107.0;1059.0;878.0;72.0;109.0;99.0;0.0;109.0;0.0;34.0;69.0;5.0;1.0;115.0;1003.0;866.0;42.0;95.0;49.0;0.0;66.0;0.0;19.0;42.0;2.0;3.0;808.0;1967.0;1820.0;55.0;92.0;40.0;0.0;86.0;0.0;46.0;38.0;1.0;1.0;7097.0;9272.0;1860.0;1184.0;1.97;3.35;3.35;0.0;1108.0;1005.0;4809.0;2378.0;1006.0;912.0;5065.0;3130.0;19.3;0.0;0.0;0.0;0.0;0.0;0.0;0.0;1.0;0.0;0.0;0.0;0.0;0.0;0.14;0.0;2.28;3.38;5.2;0.02;1.12;1.59;0.0;0.5;0.07;0.12;0.0;1.7;0.52;1.84;0.15;29.66;0.0;0.0;0.0;51.16;0.0;0.37;0.15;0.0;0.0;3.81;0.0;0.0;0.0;0.0;0.0;0.0;0.0;0.0;0.0;0.0;0.0;58.34;0.0;0.0;0.0;2.69;0.0;0.0;0.0;0.0;0.0;0.0;0.0;0.0;0.0;0.0;0.0;0.0;0.0;0.0;0.0;0.0;0.0;0.0;0.0;0.0;0.0;0.0;0.0;0.0;0.0;0.0;0.0;0.0;0.0;0.0;0.0;0.0;0.0;0.0;0.0;0.0;0.0;0.0;0.0;0.0;0.0;0.0;0.0;0.0;0.0;0.0;0.0;0.0;0.0;0.0;0.0;0.0;100.0;35.16;0;0;0;0;0;0;1;0;0;0;0;0;0;0;0;0;0;0;0;0
OUREM;36.0;1428.0;3.0;161.0;1264.0;768.0;2.0;1.0;1.0;0.0;0.0;0.0;0.0;46.0;299.0;9.0;28.0;262.0;1378.0;64.0;716.0;52.0;0.0;575.0;87.0;2.0;43.0;374.0;11.0;40.0;323.0;832.0;107.0;864.0;27.0;0.0;531.0;302.0;4.0;67.0;521.0;10.0;75.0;436.0;761.0;93.0;760.0;11.0;6.0;494.0;240.0;9.0;64.0;768.0;32.0;130.0;606.0;845.0;84.0;722.0;7.0;38.0;540.0;124.0;13.0;93.0;1068.0;94.0;314.0;660.0;972.0;59.0;763.0;6.0;45.0;611.0;89.0;12.0;91.0;1442.0;235.0;536.0;671.0;872.0;47.0;573.0;0.0;63.0;435.0;66.0;9.0;121.0;1974.0;533.0;722.0;719.0;692.0;37.0;410.0;0.0;42.0;306.0;51.0;11.0;138.0;2301.0;933.0;731.0;637.0;534.0;4.0;298.0;0.0;33.0;221.0;38.0;6.0;166.0;2309.0;1224.0;553.0;532.0;395.0;0.0;211.0;0.0;31.0;154.0;19.0;7.0;200.0;2277.0;1817.0;200.0;260.0;222.0;0.0;198.0;0.0;48.0;125.0;18.0;7.0;260.0;2068.0;1742.0;136.0;190.0;98.0;0.0;147.0;0.0;59.0;79.0;8.0;1.0;1965.0;4119.0;3602.0;208.0;309.0;127.0;0.0;265.0;0.0;98.0;151.0;7.0;9.0;18304.0;19318.0;4000.0;2916.0;3.49;5.26;5.26;0.0;2759.0;2372.0;10902.0;4865.0;2620.0;2366.0;11573.0;7081.0;0.0;0.0;0.0;0.0;0.0;0.0;0.0;0.0;0.0;1.0;0.0;0.0;0.0;1.0;0.0;0.0;3.09;3.41;9.7;0.18;1.77;3.67;0.0;0.73;0.26;0.21;0.0;1.37;1.14;1.42;0.0;45.51;0.0;0.0;0.0;26.82;0.07;0.47;0.19;0.0;0.0;5.17;0.0;0.0;0.0;0.0;0.0;0.0;0.0;0.0;0.0;0.0;0.0;19.77;0.0;0.0;0.0;2.31;0.0;0.0;0.0;0.0;0.0;0.0;0.0;0.0;0.0;0.0;0.0;0.0;0.0;0.0;0.0;0.0;0.0;6.31;0.0;0.0;0.0;0.0;0.0;0.0;0.0;0.0;0.0;0.0;0.0;0.0;0.0;0.0;0.0;0.0;0.0;0.0;0.0;0.0;0.0;0.0;0.0;0.0;0.0;0.0;0.0;0.0;0.0;0.0;0.0;0.0;0.0;0.0;100.0;66.44;0;0;0;0;0;0;0;0;0;0;0;0;0;0;1;0;0;0;0;0
OURIQUE;3.0;148.0;2.0;24.0;122.0;65.0;0.0;0.0;0.0;0.0;0.0;0.0;0.0;2.0;24.0;1.0;6.0;17.0;123.0;3.0;42.0;2.0;0.0;31.0;9.0;0.0;1.0;35.0;1.0;4.0;30.0;75.0;5.0;49.0;1.0;0.0;32.0;16.0;0.0;4.0;70.0;3.0;16.0;51.0;83.0;1.0;46.0;0.0;0.0;34.0;12.0;0.0;5.0;87.0;5.0;14.0;68.0;83.0;6.0;44.0;0.0;1.0;33.0;9.0;1.0;12.0;117.0;5.0;35.0;77.0;114.0;13.0;53.0;0.0;2.0;38.0;11.0;2.0;8.0;171.0;29.0;52.0;90.0;110.0;4.0;38.0;0.0;5.0;31.0;2.0;0.0;13.0;215.0;71.0;61.0;83.0;76.0;3.0;31.0;0.0;4.0;25.0;2.0;0.0;24.0;258.0;110.0;74.0;74.0;68.0;2.0;32.0;0.0;2.0;22.0;5.0;3.0;31.0;235.0;133.0;54.0;48.0;37.0;0.0;19.0;0.0;2.0;17.0;0.0;0.0;40.0;263.0;196.0;32.0;35.0;40.0;0.0;20.0;0.0;4.0;13.0;1.0;2.0;53.0;288.0;228.0;24.0;36.0;16.0;0.0;12.0;0.0;2.0;6.0;2.0;2.0;438.0;464.0;403.0;23.0;38.0;17.0;0.0;14.0;0.0;6.0;8.0;0.0;0.0;2067.0;1838.0;600.0;334.0;3.9;5.19;5.19;75.6;234.0;215.0;1164.0;755.0;252.0;195.0;1114.0;910.0;0.0;0.0;0.0;0.0;0.0;0.0;0.0;0.0;1.0;0.0;0.0;0.0;0.0;0.0;0.0;0.0;2.61;0.56;7.09;0.18;0.91;1.41;0.0;0.48;0.07;0.28;0.0;0.98;0.89;9.1;0.27;30.02;0.0;0.0;0.0;44.78;0.06;0.09;0.22;0.0;0.0;3.31;0.0;0.0;0.0;0.0;0.0;0.0;0.0;0.0;0.0;0.0;0.0;54.84;0.0;0.0;0.0;4.7;0.0;0.0;0.0;0.0;0.0;0.0;0.0;0.0;0.0;0.0;0.0;0.0;0.0;0.0;0.0;0.0;0.0;0.0;0.0;0.0;0.0;0.0;0.0;0.0;0.0;0.0;0.0;0.0;0.0;0.0;0.0;0.0;0.0;0.0;0.0;0.0;0.0;0.0;0.0;0.0;0.0;0.0;0.0;0.0;0.0;0.0;0.0;0.0;0.0;0.0;0.0;0.0;99.99;37.14;0;0;1;0;0;0;0;0;0;0;0;0;0;0;0;0;0;0;0;0
OVAR;21.0;1732.0;9.0;207.0;1516.0;1055.0;3.0;3.0;3.0;0.0;0.0;0.0;0.0;26.0;464.0;11.0;69.0;384.0;1881.0;56.0;739.0;38.0;0.0;583.0;115.0;3.0;25.0;617.0;18.0;79.0;520.0;1105.0;81.0;1100.0;34.0;0.0;557.0;500.0;9.0;33.0;856.0;46.0;165.0;645.0;926.0;78.0;996.0;10.0;3.0;572.0;384.0;27.0;43.0;1112.0;66.0;304.0;742.0;1023.0;79.0;1100.0;6.0;41.0;765.0;261.0;27.0;75.0;1468.0;154.0;429.0;885.0;1249.0;67.0;1229.0;3.0;76.0;970.0;153.0;27.0;116.0;2127.0;377.0;789.0;961.0;1187.0;64.0;987.0;0.0;108.0;748.0;110.0;21.0;120.0;2615.0;721.0;1004.0;890.0;962.0;39.0;728.0;0.0;86.0;526.0;96.0;20.0;158.0;2777.0;976.0;1013.0;788.0;787.0;3.0;494.0;0.0;54.0;362.0;61.0;17.0;166.0;2823.0;1427.0;762.0;634.0;596.0;0.0;350.0;1.0;50.0;259.0;30.0;10.0;171.0;2663.0;1968.0;274.0;421.0;342.0;0.0;323.0;0.0;87.0;207.0;21.0;8.0;207.0;2430.0;1905.0;183.0;342.0;176.0;0.0;172.0;0.0;57.0;107.0;8.0;0.0;1104.0;3829.0;3360.0;178.0;291.0;164.0;0.0;219.0;0.0;94.0;115.0;6.0;4.0;22965.0;23846.0;3783.0;4359.0;1.29;2.12;2.12;0.0;3482.0;3060.0;14633.0;5156.0;3330.0;2920.0;15728.0;6644.0;27.1;0.0;0.0;0.0;0.0;0.0;0.0;0.0;0.0;1.0;0.0;0.0;0.0;0.0;0.0;0.21;5.11;1.19;4.04;0.08;1.17;3.96;0.03;0.71;0.09;0.16;0.0;0.96;1.33;2.2;0.42;33.25;0.0;0.0;0.0;44.64;0.0;0.37;0.06;0.0;3.23;1.81;0.0;0.0;0.0;0.0;0.0;0.0;8.0;0.0;0.0;0.0;0.0;18.29;0.0;0.0;0.0;2.84;0.0;0.0;0.0;0.0;0.0;0.0;0.0;0.0;0.0;0.0;0.0;0.0;0.0;0.0;0.0;0.0;0.0;0.0;0.0;0.0;0.0;0.0;0.0;0.0;0.0;0.0;0.0;0.0;0.0;0.0;0.0;0.0;0.0;0.0;0.0;0.0;0.0;0.0;0.0;0.0;0.0;0.0;0.0;0.0;0.0;0.0;0.0;0.0;0.0;0.0;0.0;0.0;99.99;65.82;1;0;0;0;0;0;0;0;0;0;0;0;0;0;0;0;0;0;0;0
PACOS DE FERREIRA;25.0;1990.0;5.0;225.0;1760.0;1256.0;7.0;4.0;4.0;0.0;0.0;0.0;0.0;28.0;645.0;7.0;94.0;544.0;2275.0;91.0;766.0;28.0;0.0;618.0;120.0;0.0;36.0;1032.0;30.0;215.0;787.0;1453.0;111.0;889.0;13.0;0.0;531.0;340.0;5.0;36.0;1634.0;107.0;496.0;1031.0;978.0;77.0;745.0;4.0;1.0;436.0;294.0;10.0;56.0;2098.0;179.0;727.0;1192.0;848.0;70.0;658.0;4.0;14.0;494.0;137.0;9.0;86.0;2613.0;361.0;1393.0;859.0;832.0;41.0;651.0;1.0;34.0;514.0;88.0;14.0;88.0;3301.0;812.0;1710.0;779.0;616.0;35.0;488.0;0.0;42.0;386.0;50.0;10.0;164.0;3622.0;1455.0;1494.0;673.0;487.0;17.0;290.0;0.0;22.0;222.0;41.0;5.0;184.0;3649.0;2206.0;949.0;494.0;316.0;5.0;173.0;0.0;14.0;138.0;15.0;6.0;214.0;3052.0;2161.0;552.0;339.0;204.0;0.0;141.0;0.0;12.0;113.0;13.0;3.0;243.0;2519.0;2248.0;143.0;128.0;93.0;0.0;91.0;0.0;20.0;65.0;4.0;2.0;209.0;1927.0;1756.0;66.0;105.0;48.0;0.0;68.0;0.0;20.0;45.0;1.0;2.0;1033.0;2691.0;2522.0;73.0;96.0;41.0;0.0;84.0;0.0;40.0;40.0;3.0;1.0;23401.0;25916.0;3068.0;3210.0;0.74;0.91;0.91;0.0;3881.0;3603.0;15862.0;4038.0;3590.0;3484.0;16128.0;5009.0;0.0;0.0;0.0;0.0;0.0;0.0;0.0;0.0;1.0;0.0;0.0;0.0;0.0;1.0;0.04;0.1;2.86;1.5;5.3;0.12;1.3;3.78;0.04;0.59;0.05;0.08;0.16;1.06;0.99;1.84;0.0;37.98;0.0;0.0;0.0;41.31;0.06;0.76;0.1;0.0;0.0;2.3;0.0;0.0;0.0;0.0;0.0;0.0;0.0;0.0;0.0;0.0;0.0;57.67;0.0;0.0;0.0;3.35;0.0;0.0;0.0;0.0;0.0;0.0;0.0;0.0;0.0;0.0;0.0;0.0;0.0;0.0;0.0;0.0;0.0;0.0;0.0;0.0;0.0;0.0;0.0;0.0;0.0;0.0;0.0;0.0;0.0;0.0;0.0;0.0;0.0;0.0;0.0;0.0;0.0;0.0;0.0;0.0;0.0;0.0;0.0;0.0;0.0;0.0;0.0;0.0;0.0;0.0;0.0;0.0;100.0;36.68;0;0;0;0;0;0;0;0;0;0;0;0;0;1;0;0;0;0;0;0
PALMELA;25.0;2625.0;16.0;356.0;2253.0;1345.0;5.0;6.0;6.0;0.0;0.0;0.0;0.0;56.0;628.0;11.0;90.0;527.0;2123.0;83.0;835.0;32.0;0.0;684.0;117.0;2.0;75.0;673.0;28.0;117.0;528.0;1309.0;139.0;1142.0;29.0;0.0;695.0;413.0;5.0;103.0;850.0;48.0;147.0;655.0;1207.0;145.0;1172.0;18.0;10.0;745.0;390.0;9.0;85.0;1177.0;69.0;250.0;858.0;1551.0;161.0;1451.0;26.0;68.0;1030.0;299.0;28.0;123.0;1595.0;154.0;387.0;1054.0;1934.0;135.0;1844.0;8.0;116.0;1400.0;276.0;44.0;94.0;2023.0;287.0;558.0;1178.0;1948.0;123.0;1785.0;0.0;148.0;1382.0;216.0;39.0;115.0;2193.0;450.0;706.0;1037.0;1394.0;72.0;1135.0;0.0;133.0;826.0;142.0;34.0;121.0;2560.0;774.0;783.0;1003.0;1115.0;13.0;785.0;0.0;101.0;529.0;116.0;39.0;195.0;2569.0;1179.0;512.0;878.0;857.0;0.0;595.0;0.0;74.0;407.0;82.0;32.0;238.0;2567.0;1647.0;352.0;568.0;477.0;0.0;344.0;0.0;61.0;235.0;31.0;17.0;294.0;2821.0;2081.0;285.0;455.0;248.0;0.0;238.0;0.0;54.0;150.0;21.0;13.0;1952.0;4918.0;4000.0;403.0;515.0;219.0;0.0;248.0;0.0;91.0;137.0;10.0;10.0;31846.0;25396.0;4984.0;6626.0;3.51;5.47;5.47;97.68;5061.0;3999.0;17833.0;6272.0;4933.0;3732.0;18730.0;8292.0;0.0;0.0;0.0;0.0;0.0;0.0;0.0;1.0;0.0;0.0;0.0;0.0;0.0;1.0;0.0;0.35;5.9;1.14;10.98;0.07;1.21;5.04;0.05;1.45;0.11;0.14;0.2;0.91;1.94;8.56;0.78;17.44;0.0;0.0;0.0;43.08;0.06;0.49;0.1;0.0;4.47;8.18;0.0;0.0;0.0;0.0;0.0;0.0;1.57;0.0;0.0;0.0;0.19;24.89;0.0;0.89;0.0;32.9;0.0;0.0;0.0;15.02;0.0;0.0;0.0;0.0;0.0;0.0;0.0;0.0;0.0;0.0;0.0;0.0;0.0;0.0;0.0;0.0;0.0;0.0;0.0;0.0;0.0;0.0;0.0;0.0;0.0;0.0;0.0;0.0;0.0;0.0;0.0;0.0;0.0;0.0;0.0;0.0;0.0;0.0;0.0;0.0;0.0;0.0;0.0;0.0;0.0;0.0;0.0;0.0;100.01;11.9;0;0;0;0;0;0;0;0;0;0;0;0;0;0;0;1;0;0;0;0
PAMPILHOSA DA SERRA;1.0;71.0;0.0;9.0;62.0;36.0;0.0;0.0;0.0;0.0;0.0;0.0;0.0;0.0;15.0;0.0;1.0;14.0;82.0;1.0;16.0;1.0;0.0;12.0;3.0;0.0;0.0;29.0;0.0;5.0;24.0;45.0;5.0;25.0;2.0;0.0;17.0;6.0;0.0;4.0;48.0;0.0;11.0;37.0;63.0;2.0;25.0;0.0;0.0;17.0;8.0;0.0;3.0;75.0;5.0;16.0;54.0;68.0;6.0;27.0;0.0;2.0;21.0;4.0;0.0;3.0;76.0;2.0;27.0;47.0;63.0;8.0;31.0;0.0;3.0;22.0;4.0;2.0;5.0;116.0;25.0;48.0;43.0;48.0;1.0;23.0;0.0;3.0;16.0;4.0;0.0;10.0;175.0;46.0;67.0;62.0;42.0;0.0;14.0;0.0;1.0;12.0;1.0;0.0;12.0;234.0;137.0;58.0;39.0;36.0;0.0;15.0;0.0;1.0;8.0;5.0;1.0;14.0;320.0;238.0;37.0;45.0;30.0;0.0;17.0;0.0;3.0;12.0;1.0;1.0;24.0;340.0;272.0;25.0;43.0;23.0;0.0;9.0;0.0;0.0;7.0;0.0;2.0;24.0;339.0;288.0;24.0;27.0;12.0;0.0;8.0;0.0;1.0;7.0;0.0;0.0;416.0;653.0;604.0;14.0;35.0;14.0;0.0;10.0;0.0;6.0;1.0;2.0;1.0;1092.0;2065.0;669.0;256.0;0.67;3.11;3.11;0.0;137.0;112.0;875.0;779.0;133.0;110.0;843.0;1093.0;17.9;0.0;0.0;0.0;0.0;0.0;0.0;0.0;0.0;1.0;0.0;0.0;0.0;0.0;0.0;0.0;2.1;3.14;3.51;0.02;0.34;1.0;0.0;0.15;0.14;0.29;0.0;1.9;0.23;1.3;0.12;35.26;0.0;0.0;0.0;50.02;0.0;0.16;0.33;0.0;0.0;0.0;0.0;0.0;0.0;0.0;0.0;0.0;0.0;0.0;0.0;0.0;0.0;29.09;0.0;0.0;0.0;1.23;0.0;0.0;0.0;0.0;0.0;0.0;0.0;0.0;0.0;0.0;0.0;0.0;0.0;0.0;0.0;0.0;0.0;0.0;0.0;0.0;0.0;0.0;0.0;0.0;0.0;0.0;0.0;0.0;0.0;0.0;0.0;0.0;0.0;0.0;0.0;0.0;0.0;0.0;0.0;0.0;0.0;0.0;0.0;0.0;0.0;0.0;0.0;0.0;0.0;0.0;0.0;0.0;100.0;69.68;0;0;0;0;0;0;1;0;0;0;0;0;0;0;0;0;0;0;0;0
PAREDES;37.0;3168.0;5.0;352.0;2811.0;1987.0;12.0;8.0;8.0;0.0;0.0;0.0;0.0;28.0;849.0;16.0;133.0;700.0;3313.0;124.0;1164.0;62.0;0.0;917.0;185.0;0.0;53.0;1125.0;33.0;230.0;862.0;2089.0;159.0;1427.0;40.0;0.0;830.0;545.0;12.0;52.0;1854.0;123.0;533.0;1198.0;1575.0;148.0;1156.0;11.0;8.0;715.0;403.0;19.0;77.0;2531.0;212.0;815.0;1504.0;1669.0;103.0;1190.0;10.0;33.0;869.0;256.0;22.0;137.0;3623.0;481.0;1621.0;1521.0;1619.0;80.0;1226.0;4.0;51.0;951.0;193.0;27.0;193.0;4688.0;1143.0;2091.0;1454.0;1383.0;69.0;970.0;0.0;90.0;730.0;131.0;19.0;298.0;5095.0;1873.0;1945.0;1277.0;925.0;45.0;567.0;0.0;64.0;412.0;75.0;16.0;308.0;5239.0;2898.0;1366.0;975.0;676.0;2.0;386.0;0.0;38.0;298.0;43.0;7.0;308.0;4421.0;2960.0;853.0;608.0;454.0;0.0;259.0;0.0;22.0;198.0;26.0;13.0;315.0;3803.0;3235.0;266.0;302.0;202.0;0.0;188.0;0.0;49.0;124.0;9.0;6.0;370.0;2933.0;2601.0;146.0;186.0;97.0;0.0;132.0;0.0;43.0;78.0;6.0;5.0;1562.0;3937.0;3622.0;136.0;179.0;107.0;0.0;146.0;0.0;63.0;75.0;5.0;3.0;35749.0;38633.0;4714.0;5258.0;0.54;1.43;1.43;0.0;5955.0;5471.0;23302.0;6114.0;5738.0;5219.0;24877.0;7678.0;0.0;0.0;0.0;0.0;0.0;0.0;0.0;0.0;1.0;0.0;0.0;0.0;0.0;0.0;0.05;0.04;2.83;1.78;4.67;0.18;0.83;2.91;0.05;0.65;0.05;0.06;0.15;1.19;1.1;2.04;0.0;34.79;0.0;0.0;0.0;45.2;0.03;1.31;0.09;0.0;1.43;1.72;0.0;0.0;0.0;0.0;0.0;0.0;2.78;0.0;0.0;0.0;0.0;65.06;0.0;0.0;0.0;2.45;0.0;0.0;0.0;0.0;0.0;0.0;0.0;0.0;0.0;0.0;0.0;0.0;0.0;0.0;0.0;0.0;0.0;0.0;0.0;0.0;0.0;0.0;0.0;0.0;0.0;0.0;0.0;0.0;0.0;0.0;0.0;0.0;0.0;0.0;0.0;0.0;0.0;0.0;0.0;0.0;0.0;0.0;0.0;0.0;0.0;0.0;0.0;0.0;0.0;0.0;0.0;0.0;100.0;26.56;0;0;0;0;0;0;0;0;0;0;0;0;0;1;0;0;0;0;0;0
PAREDES DE COURA;5.0;233.0;0.0;21.0;212.0;149.0;1.0;2.0;2.0;0.0;0.0;0.0;0.0;3.0;34.0;1.0;2.0;31.0;234.0;10.0;89.0;17.0;0.0;61.0;11.0;0.0;6.0;69.0;0.0;4.0;65.0;151.0;12.0;97.0;3.0;0.0;70.0;24.0;0.0;3.0;141.0;4.0;18.0;119.0;170.0;13.0;95.0;0.0;1.0;71.0;20.0;3.0;7.0;201.0;1.0;45.0;155.0;169.0;17.0;111.0;1.0;4.0;83.0;19.0;4.0;11.0;261.0;14.0;114.0;133.0;191.0;13.0;85.0;0.0;6.0;68.0;9.0;2.0;14.0;375.0;67.0;181.0;127.0;147.0;4.0;86.0;0.0;16.0;59.0;8.0;3.0;19.0;424.0;131.0;167.0;126.0;91.0;5.0;42.0;0.0;3.0;29.0;9.0;1.0;34.0;479.0;260.0;111.0;108.0;73.0;0.0;25.0;0.0;3.0;16.0;4.0;2.0;37.0;492.0;285.0;107.0;100.0;55.0;0.0;40.0;0.0;7.0;28.0;3.0;2.0;57.0;514.0;420.0;34.0;60.0;36.0;0.0;28.0;0.0;11.0;14.0;1.0;2.0;60.0;551.0;511.0;21.0;19.0;14.0;0.0;24.0;0.0;7.0;15.0;1.0;1.0;551.0;793.0;736.0;24.0;33.0;11.0;0.0;19.0;0.0;12.0;6.0;1.0;0.0;3250.0;4117.0;843.0;422.0;1.44;2.19;2.19;69.37;473.0;408.0;2149.0;1114.0;476.0;352.0;2116.0;1544.0;27.7;0.0;0.0;0.0;0.0;0.0;0.0;0.0;1.0;0.0;0.0;0.0;0.0;1.0;0.16;0.0;2.48;2.29;5.51;0.27;2.16;1.7;0.0;0.72;0.26;0.39;0.0;1.12;1.12;2.28;0.0;26.81;0.0;0.0;0.0;52.18;0.0;0.46;0.07;0.0;0.0;0.0;0.0;0.0;0.0;0.0;0.0;0.0;0.0;0.0;0.0;0.0;0.0;69.47;0.0;0.0;0.0;8.53;0.0;0.0;0.0;0.0;0.0;0.0;0.0;0.0;0.0;0.0;0.0;0.0;0.0;0.0;0.0;0.0;0.0;0.0;0.0;0.0;0.0;0.0;0.0;0.0;0.0;0.0;0.0;0.0;0.0;0.0;0.0;0.0;0.0;0.0;0.0;0.0;0.0;0.0;0.0;0.0;0.0;0.0;0.0;0.0;0.0;0.0;0.0;0.0;0.0;0.0;0.0;0.0;100.0;22.0;0;0;0;0;0;0;0;0;0;0;0;0;0;0;0;0;1;0;0;0
PEDROGAO GRANDE;2.0;98.0;0.0;9.0;89.0;55.0;0.0;0.0;0.0;0.0;0.0;0.0;0.0;3.0;26.0;0.0;1.0;25.0;71.0;7.0;35.0;6.0;0.0;26.0;3.0;0.0;3.0;29.0;1.0;1.0;27.0;46.0;12.0;37.0;2.0;0.0;23.0;12.0;0.0;1.0;41.0;2.0;7.0;32.0;48.0;10.0;29.0;0.0;0.0;19.0;10.0;0.0;7.0;60.0;4.0;13.0;43.0;57.0;8.0;31.0;0.0;3.0;19.0;8.0;1.0;5.0;64.0;9.0;15.0;40.0;50.0;2.0;33.0;0.0;3.0;24.0;5.0;1.0;8.0;117.0;21.0;47.0;49.0;59.0;4.0;17.0;0.0;3.0;13.0;1.0;0.0;12.0;170.0;63.0;54.0;53.0;36.0;1.0;13.0;0.0;3.0;6.0;4.0;0.0;21.0;194.0;76.0;63.0;55.0;52.0;0.0;24.0;0.0;3.0;20.0;1.0;0.0;35.0;214.0;107.0;62.0;45.0;42.0;0.0;28.0;0.0;2.0;16.0;7.0;3.0;35.0;224.0;173.0;25.0;26.0;58.0;0.0;18.0;0.0;5.0;12.0;1.0;0.0;24.0;182.0;149.0;14.0;19.0;7.0;0.0;9.0;0.0;5.0;4.0;0.0;0.0;212.0;413.0;373.0;16.0;24.0;10.0;0.0;12.0;0.0;5.0;6.0;0.0;1.0;1125.0;1490.0;472.0;303.0;3.91;9.44;9.44;0.0;140.0;152.0;809.0;510.0;129.0;145.0;811.0;694.0;21.0;0.0;0.0;0.0;0.0;0.0;0.0;0.0;0.0;1.0;0.0;0.0;0.0;0.0;0.0;0.35;2.37;1.87;5.28;0.03;0.57;1.47;0.0;0.06;0.03;0.0;0.03;2.48;0.32;2.14;0.0;45.68;0.0;0.0;0.0;36.9;0.11;0.31;0.0;0.0;0.0;1.67;0.0;0.0;0.0;0.0;0.0;0.0;0.0;0.0;0.0;0.0;0.0;29.39;0.0;0.0;0.0;2.02;0.0;0.0;0.0;0.0;0.0;0.0;0.0;0.0;0.0;0.0;0.0;0.0;0.0;0.0;0.0;0.0;0.0;0.0;0.0;0.0;0.0;0.0;0.0;0.0;0.0;0.0;0.0;0.0;0.0;0.0;0.0;0.0;0.0;0.0;0.0;0.0;0.0;0.0;0.0;0.0;0.0;0.0;0.0;0.0;0.0;0.0;0.0;0.0;0.0;0.0;0.0;0.0;100.0;66.92;0;0;0;0;0;0;0;0;0;1;0;0;0;0;0;0;0;0;0;0
PENACOVA;8.0;371.0;0.0;42.0;329.0;208.0;0.0;1.0;1.0;0.0;0.0;0.0;0.0;4.0;54.0;0.0;3.0;51.0;391.0;17.0;150.0;7.0;0.0;124.0;19.0;0.0;3.0;84.0;0.0;7.0;77.0;220.0;19.0;180.0;3.0;0.0;115.0;62.0;0.0;9.0;124.0;1.0;17.0;106.0;175.0;15.0;157.0;2.0;0.0;83.0;70.0;2.0;5.0;200.0;4.0;35.0;161.0;193.0;20.0;163.0;2.0;4.0;117.0;35.0;5.0;13.0;354.0;20.0;110.0;224.0;253.0;25.0;191.0;1.0;9.0;153.0;25.0;3.0;26.0;588.0;77.0;237.0;274.0;235.0;13.0;161.0;0.0;14.0;124.0;19.0;4.0;18.0;698.0;197.0;280.0;221.0;174.0;5.0;86.0;0.0;12.0;63.0;6.0;5.0;33.0;815.0;369.0;232.0;214.0;132.0;2.0;48.0;0.0;5.0;40.0;3.0;0.0;43.0;869.0;551.0;172.0;146.0;95.0;0.0;38.0;0.0;8.0;27.0;3.0;0.0;56.0;865.0;746.0;57.0;62.0;48.0;0.0;28.0;0.0;9.0;15.0;3.0;1.0;109.0;893.0;811.0;34.0;48.0;24.0;0.0;23.0;0.0;10.0;11.0;1.0;1.0;639.0;1467.0;1382.0;35.0;50.0;25.0;0.0;32.0;0.0;12.0;14.0;3.0;3.0;4286.0;6696.0;1404.0;727.0;0.88;1.63;1.63;0.0;625.0;584.0;3194.0;1764.0;593.0;620.0;3288.0;2445.0;18.6;0.0;0.0;0.0;0.0;0.0;0.0;0.0;0.0;1.0;0.0;0.0;0.0;0.0;0.14;0.0;2.38;1.27;5.71;0.05;1.1;1.76;0.0;0.57;0.06;0.2;0.0;1.15;0.63;2.48;0.3;35.36;0.0;0.0;0.0;46.45;0.0;0.28;0.13;0.0;0.0;1.09;0.0;0.0;0.0;0.0;0.0;0.0;0.0;0.0;0.0;0.0;0.0;44.56;0.0;0.0;0.0;5.28;0.0;0.0;0.0;0.0;0.0;0.0;0.0;0.0;0.0;0.0;0.0;0.0;0.0;0.0;0.0;0.0;0.0;0.0;0.0;0.0;0.0;0.0;0.0;0.0;0.0;0.0;0.0;0.0;0.0;0.0;0.0;0.0;0.0;0.0;0.0;0.0;0.0;0.0;0.0;0.0;0.0;0.0;0.0;0.0;0.0;0.0;0.0;0.0;0.0;0.0;0.0;0.0;99.99;49.06;0;0;0;0;0;0;1;0;0;0;0;0;0;0;0;0;0;0;0;0
PENAFIEL;34.0;2498.0;7.0;254.0;2237.0;1499.0;6.0;7.0;7.0;0.0;0.0;0.0;0.0;26.0;572.0;6.0;82.0;484.0;2801.0;94.0;1010.0;49.0;0.0;802.0;157.0;2.0;30.0;903.0;29.0;158.0;716.0;1820.0;129.0;1279.0;33.0;0.0;736.0;503.0;7.0;51.0;1489.0;90.0;407.0;992.0;1371.0;101.0;907.0;12.0;2.0;554.0;329.0;10.0;70.0;2021.0;185.0;550.0;1286.0;1348.0;88.0;907.0;3.0;22.0;674.0;197.0;11.0;120.0;2779.0;408.0;1150.0;1221.0;1340.0;59.0;884.0;1.0;42.0;702.0;128.0;11.0;160.0;3740.0;923.0;1530.0;1287.0;1139.0;53.0;605.0;0.0;56.0;477.0;63.0;9.0;230.0;4163.0;1476.0;1510.0;1177.0;724.0;25.0;376.0;0.0;51.0;273.0;44.0;8.0;250.0;4396.0;2529.0;951.0;916.0;603.0;4.0;313.0;0.0;28.0;234.0;45.0;6.0;280.0;3908.0;2773.0;526.0;609.0;404.0;0.0;262.0;0.0;29.0;194.0;34.0;5.0;339.0;3266.0;2733.0;233.0;300.0;174.0;0.0;221.0;0.0;60.0;145.0;15.0;1.0;314.0;2486.0;2165.0;136.0;185.0;81.0;0.0;114.0;0.0;46.0;59.0;5.0;4.0;1775.0;3419.0;3130.0;123.0;166.0;70.0;0.0;135.0;0.0;61.0;72.0;0.0;2.0;27980.0;33280.0;4374.0;3995.0;0.55;0.84;0.84;0.0;4768.0;4390.0;18872.0;5448.0;4589.0;4157.0;20459.0;6946.0;0.0;0.0;0.0;0.0;0.0;0.0;0.0;0.0;0.0;1.0;0.0;0.0;0.0;1.0;0.04;0.09;3.31;1.58;3.56;0.17;0.73;2.4;0.04;0.52;0.07;0.04;0.15;1.19;0.79;1.83;0.0;31.76;0.0;0.0;0.0;47.97;0.05;3.62;0.1;0.0;1.71;2.23;0.0;0.0;0.0;0.0;0.0;0.0;0.0;0.0;0.0;0.0;0.0;31.82;0.0;0.0;0.0;1.99;0.0;0.0;0.0;0.0;0.0;0.0;0.0;0.0;0.0;0.0;0.0;0.0;0.0;0.0;0.0;0.0;0.0;0.0;0.0;0.0;0.0;0.0;0.0;0.0;0.0;0.0;0.0;0.0;0.0;0.0;0.0;0.0;0.0;0.0;0.0;0.0;0.0;0.0;0.0;0.0;0.0;0.0;0.0;0.0;0.0;0.0;0.0;0.0;0.0;0.0;0.0;0.0;100.0;62.25;0;0;0;0;0;0;0;0;0;0;0;0;0;1;0;0;0;0;0;0
PENALVA DO CASTELO;4.0;228.0;2.0;27.0;199.0;110.0;0.0;0.0;0.0;0.0;0.0;0.0;0.0;4.0;37.0;1.0;5.0;31.0;211.0;4.0;82.0;4.0;0.0;67.0;10.0;1.0;2.0;44.0;1.0;4.0;39.0;124.0;7.0;74.0;4.0;0.0;51.0;19.0;0.0;2.0;92.0;3.0;21.0;68.0;94.0;7.0;68.0;0.0;1.0;49.0;18.0;0.0;3.0;150.0;13.0;29.0;108.0;110.0;13.0;76.0;0.0;3.0;56.0;14.0;3.0;13.0;258.0;36.0;97.0;125.0;116.0;6.0;93.0;0.0;2.0;71.0;19.0;1.0;10.0;314.0;82.0;128.0;104.0;86.0;4.0;58.0;0.0;7.0;46.0;5.0;0.0;28.0;342.0;137.0;126.0;79.0;54.0;1.0;32.0;0.0;3.0;23.0;5.0;1.0;39.0;410.0;225.0;121.0;64.0;37.0;1.0;27.0;0.0;2.0;18.0;7.0;0.0;36.0;457.0;300.0;110.0;47.0;32.0;0.0;20.0;0.0;4.0;15.0;1.0;0.0;56.0;500.0;431.0;37.0;32.0;24.0;0.0;18.0;0.0;4.0;14.0;0.0;0.0;74.0;461.0;419.0;24.0;18.0;14.0;0.0;14.0;0.0;5.0;7.0;0.0;2.0;500.0;874.0;828.0;22.0;24.0;14.0;0.0;14.0;0.0;7.0;6.0;0.0;1.0;2391.0;3793.0;832.0;317.0;0.67;1.13;1.13;0.0;412.0;355.0;1630.0;1110.0;338.0;325.0;1710.0;1453.0;17.8;0.0;0.0;0.0;0.0;0.0;0.0;0.0;1.0;0.0;0.0;0.0;0.0;1.0;0.0;0.07;2.24;2.46;6.04;0.14;0.91;1.37;0.0;0.31;0.12;0.24;0.12;1.23;0.34;1.41;0.0;32.99;0.0;0.0;0.0;49.51;0.09;0.34;0.06;0.0;0.0;0.0;0.0;0.0;0.0;0.0;0.0;0.0;0.0;0.0;0.0;0.0;0.0;59.43;0.0;0.0;0.0;1.66;0.0;0.0;0.0;0.0;0.0;0.0;0.0;0.0;0.0;0.0;0.0;0.0;0.0;0.0;0.0;0.0;0.0;0.0;0.0;0.0;0.0;0.0;0.0;0.0;0.0;0.0;0.0;0.0;0.0;0.0;0.0;0.0;0.0;0.0;0.0;0.0;0.0;0.0;0.0;0.0;0.0;0.0;0.0;0.0;0.0;0.0;0.0;0.0;0.0;0.0;0.0;0.0;100.0;38.91;0;0;0;0;0;0;0;0;0;0;0;0;0;0;0;0;0;0;1;0
PENAMACOR;0.0;93.0;2.0;23.0;68.0;36.0;0.0;0.0;0.0;0.0;0.0;0.0;0.0;3.0;21.0;2.0;5.0;14.0;93.0;4.0;38.0;1.0;0.0;33.0;4.0;0.0;7.0;30.0;4.0;3.0;23.0;61.0;5.0;42.0;1.0;0.0;33.0;8.0;0.0;6.0;43.0;3.0;12.0;28.0;54.0;4.0;54.0;1.0;0.0;33.0;20.0;0.0;3.0;64.0;1.0;14.0;49.0;76.0;3.0;32.0;1.0;2.0;23.0;4.0;2.0;4.0;83.0;13.0;24.0;46.0;69.0;5.0;37.0;1.0;2.0;26.0;6.0;2.0;11.0;133.0;19.0;52.0;62.0;71.0;2.0;35.0;0.0;7.0;19.0;8.0;1.0;11.0;188.0;66.0;57.0;65.0;92.0;1.0;27.0;0.0;6.0;16.0;4.0;1.0;25.0;256.0;104.0;75.0;77.0;65.0;0.0;27.0;0.0;4.0;18.0;5.0;0.0;19.0;299.0;158.0;65.0;76.0;71.0;0.0;26.0;0.0;2.0;22.0;2.0;0.0;28.0;295.0;217.0;32.0;46.0;43.0;0.0;30.0;0.0;2.0;24.0;2.0;2.0;48.0;311.0;251.0;20.0;40.0;14.0;0.0;18.0;0.0;9.0;8.0;1.0;0.0;582.0;693.0;615.0;28.0;50.0;29.0;0.0;27.0;0.0;18.0;8.0;1.0;0.0;1443.0;2332.0;705.0;288.0;0.86;4.84;4.84;0.0;179.0;162.0;1089.0;919.0;142.0;126.0;952.0;1199.0;41.9;0.0;0.0;0.0;0.0;0.0;0.0;0.0;1.0;0.0;0.0;0.0;0.0;1.0;0.0;0.16;3.94;2.61;11.31;0.09;1.17;1.09;0.0;0.55;0.15;0.26;0.19;1.49;0.62;1.31;0.38;23.81;0.0;0.0;0.0;50.65;0.11;0.12;0.0;0.0;0.0;0.0;0.0;0.0;0.0;0.0;0.0;0.0;0.0;0.0;0.0;0.0;0.0;60.27;0.0;0.0;0.0;1.33;0.0;0.0;0.0;0.0;0.0;0.0;0.0;0.0;0.0;0.0;0.0;0.0;0.0;0.0;0.0;0.0;0.0;0.0;0.0;0.0;0.0;0.0;0.0;0.0;0.0;0.0;0.0;0.0;0.0;0.0;0.0;0.0;0.0;0.0;0.0;0.0;0.0;0.0;0.0;0.0;0.0;0.0;0.0;0.0;0.0;0.0;0.0;0.0;0.0;0.0;0.0;0.0;100.0;38.4;0;0;0;0;0;1;0;0;0;0;0;0;0;0;0;0;0;0;0;0
PENEDONO;1.0;72.0;3.0;12.0;57.0;47.0;0.0;1.0;1.0;0.0;0.0;0.0;0.0;0.0;24.0;2.0;6.0;16.0;82.0;1.0;40.0;5.0;0.0;29.0;6.0;0.0;0.0;26.0;1.0;5.0;20.0;47.0;5.0;27.0;1.0;0.0;17.0;9.0;0.0;0.0;34.0;5.0;4.0;25.0;44.0;2.0;25.0;0.0;0.0;16.0;9.0;0.0;3.0;33.0;1.0;21.0;11.0;53.0;3.0;26.0;0.0;0.0;21.0;4.0;1.0;6.0;80.0;13.0;28.0;39.0;50.0;2.0;24.0;0.0;0.0;20.0;2.0;2.0;4.0;92.0;27.0;37.0;28.0;62.0;1.0;20.0;0.0;2.0;17.0;1.0;0.0;6.0;141.0;62.0;38.0;41.0;30.0;0.0;5.0;0.0;1.0;3.0;1.0;0.0;9.0;143.0;74.0;42.0;27.0;19.0;0.0;11.0;0.0;2.0;7.0;2.0;0.0;23.0;207.0;135.0;45.0;27.0;22.0;0.0;9.0;0.0;2.0;6.0;1.0;0.0;35.0;166.0;135.0;15.0;16.0;11.0;0.0;17.0;0.0;3.0;12.0;2.0;0.0;21.0;167.0;148.0;11.0;8.0;4.0;0.0;13.0;0.0;7.0;6.0;0.0;0.0;159.0;336.0;310.0;19.0;7.0;3.0;0.0;12.0;0.0;3.0;9.0;0.0;0.0;974.0;1268.0;344.0;152.0;0.64;1.42;1.42;0.0;119.0;141.0;644.0;388.0;113.0;127.0;650.0;556.0;0.0;0.0;0.0;0.0;0.0;0.0;0.0;0.0;0.0;1.0;0.0;0.0;0.0;0.0;0.0;0.05;1.8;1.95;8.54;0.19;0.54;1.72;0.0;0.4;0.1;0.0;0.03;1.33;0.54;1.06;0.0;39.62;0.0;0.0;0.0;40.97;0.1;1.05;0.03;0.0;0.0;0.0;0.0;0.0;0.0;0.0;0.0;0.0;0.0;0.0;0.0;0.0;0.0;34.61;0.0;0.0;0.0;0.8;0.0;0.0;0.0;0.0;0.0;0.0;0.0;0.0;0.0;0.0;0.0;0.0;0.0;0.0;0.0;0.0;0.0;0.0;0.0;0.0;0.0;0.0;0.0;0.0;0.0;0.0;0.0;0.0;0.0;0.0;0.0;0.0;0.0;0.0;0.0;0.0;0.0;0.0;0.0;14.46;0.0;0.0;0.0;0.0;0.0;0.0;0.0;0.0;0.0;0.0;0.0;0.0;100.0;50.13;0;0;0;0;0;0;0;0;0;0;0;0;0;0;0;0;0;0;1;0
PENELA;2.0;142.0;2.0;14.0;126.0;71.0;0.0;1.0;1.0;0.0;0.0;0.0;0.0;3.0;23.0;1.0;1.0;21.0;139.0;7.0;66.0;8.0;0.0;47.0;11.0;0.0;6.0;53.0;0.0;5.0;48.0;75.0;15.0;79.0;1.0;0.0;48.0;29.0;1.0;3.0;64.0;1.0;17.0;46.0;72.0;11.0;85.0;0.0;1.0;43.0;41.0;0.0;5.0;89.0;3.0;22.0;64.0;91.0;14.0;74.0;1.0;1.0;46.0;23.0;3.0;10.0;131.0;11.0;37.0;83.0;103.0;8.0;90.0;0.0;11.0;67.0;10.0;2.0;15.0;203.0;28.0;63.0;112.0;99.0;6.0;69.0;0.0;12.0;47.0;9.0;1.0;21.0;249.0;65.0;74.0;110.0;78.0;3.0;51.0;0.0;2.0;39.0;8.0;2.0;25.0;259.0;130.0;59.0;70.0;59.0;1.0;50.0;0.0;5.0;36.0;9.0;0.0;26.0;285.0;185.0;41.0;59.0;65.0;0.0;37.0;0.0;4.0;28.0;4.0;1.0;39.0;296.0;240.0;12.0;44.0;32.0;0.0;23.0;0.0;6.0;15.0;2.0;0.0;29.0;296.0;249.0;22.0;25.0;26.0;0.0;20.0;0.0;5.0;13.0;1.0;1.0;279.0;659.0;605.0;27.0;27.0;16.0;0.0;24.0;0.0;8.0;15.0;1.0;0.0;1934.0;2491.0;612.0;403.0;2.56;6.03;6.03;0.0;277.0;240.0;1345.0;735.0;291.0;214.0;1334.0;1004.0;21.9;0.0;0.0;0.0;0.0;0.0;0.0;0.0;1.0;0.0;0.0;0.0;0.0;0.0;0.02;0.0;3.38;1.12;5.92;0.02;1.56;2.91;0.0;0.41;0.12;0.0;0.0;1.14;1.11;1.23;0.36;31.02;0.0;0.0;0.0;49.26;0.0;0.23;0.18;0.0;0.0;0.0;0.0;0.0;0.0;0.0;0.0;0.0;0.0;0.0;0.0;0.0;0.0;58.6;0.0;0.0;0.0;1.02;0.0;0.0;0.0;0.0;0.0;0.0;0.0;0.0;0.0;0.0;0.0;0.0;0.0;0.0;0.0;0.0;0.0;0.0;0.0;0.0;0.0;0.0;0.0;0.0;0.0;0.0;0.0;0.0;0.0;0.0;0.0;0.0;0.0;0.0;0.0;0.0;0.0;0.0;0.0;0.0;0.0;0.0;0.0;0.0;0.0;0.0;0.0;0.0;0.0;0.0;0.0;0.0;100.0;40.38;0;0;0;0;0;0;1;0;0;0;0;0;0;0;0;0;0;0;0;0
PENICHE;13.0;912.0;9.0;144.0;759.0;399.0;2.0;3.0;3.0;0.0;0.0;0.0;0.0;10.0;245.0;13.0;62.0;170.0;694.0;27.0;319.0;20.0;0.0;275.0;24.0;0.0;23.0;266.0;25.0;51.0;190.0;425.0;51.0;388.0;6.0;0.0;241.0;138.0;3.0;23.0;457.0;37.0;117.0;303.0;431.0;42.0;369.0;7.0;6.0;242.0;109.0;5.0;18.0;561.0;33.0;126.0;402.0;506.0;54.0;425.0;2.0;21.0;297.0;90.0;15.0;28.0;802.0;74.0;235.0;493.0;614.0;35.0;446.0;1.0;34.0;314.0;73.0;24.0;46.0;952.0;142.0;369.0;441.0;480.0;34.0;380.0;0.0;39.0;290.0;39.0;12.0;64.0;1078.0;291.0;411.0;376.0;427.0;13.0;224.0;0.0;26.0;167.0;24.0;7.0;59.0;1249.0;491.0;396.0;362.0;365.0;2.0;188.0;0.0;19.0;138.0;22.0;9.0;98.0;1324.0;659.0;327.0;338.0;264.0;0.0;179.0;0.0;32.0;115.0;27.0;5.0;130.0;1438.0;1103.0;136.0;199.0;189.0;0.0;178.0;0.0;40.0;121.0;12.0;5.0;130.0;1374.0;1135.0;84.0;155.0;96.0;0.0;72.0;0.0;30.0;38.0;1.0;3.0;797.0;2305.0;2013.0;111.0;181.0;95.0;0.0;86.0;0.0;35.0;43.0;6.0;2.0;11229.0;10940.0;2210.0;2050.0;2.89;4.11;4.11;0.0;1835.0;1363.0;6465.0;3026.0;1690.0;1261.0;6925.0;3864.0;0.0;0.0;0.0;0.0;0.0;0.0;0.0;0.0;0.0;1.0;0.0;0.0;0.0;0.0;0.0;0.6;5.12;1.28;9.25;0.06;1.67;4.19;0.0;0.95;0.1;0.13;0.18;1.1;1.46;5.6;0.0;24.69;0.0;0.0;0.0;42.61;0.04;0.89;0.08;0.0;0.98;3.28;0.0;0.0;0.0;1.35;0.0;0.0;0.0;0.0;0.0;0.0;0.0;25.39;0.0;0.0;0.0;10.67;0.0;0.0;0.0;0.0;0.0;0.0;0.0;0.0;0.0;0.0;0.0;0.0;0.0;0.0;0.0;0.0;0.0;0.0;0.0;0.0;0.0;0.0;0.0;0.0;0.0;0.0;0.0;0.0;0.0;0.0;0.0;0.0;0.0;0.0;0.0;0.0;0.0;0.0;0.0;0.0;0.0;0.0;0.0;0.0;0.0;0.0;0.0;0.0;0.0;0.0;0.0;0.0;100.0;58.33;0;0;0;0;0;0;0;0;0;1;0;0;0;0;0;0;0;0;0;0
PESO DA REGUA;5.0;422.0;4.0;57.0;361.0;264.0;3.0;0.0;0.0;0.0;0.0;0.0;0.0;10.0;109.0;2.0;19.0;88.0;452.0;9.0;192.0;16.0;0.0;148.0;28.0;0.0;7.0;124.0;8.0;18.0;98.0;270.0;19.0;236.0;12.0;0.0;139.0;85.0;0.0;20.0;191.0;22.0;59.0;110.0;224.0;19.0;194.0;5.0;0.0;118.0;67.0;4.0;15.0;314.0;49.0;77.0;188.0;224.0;17.0;204.0;3.0;4.0;158.0;36.0;3.0;28.0;429.0;108.0;130.0;191.0;290.0;12.0;216.0;1.0;7.0;181.0;25.0;2.0;51.0;552.0;184.0;180.0;188.0;281.0;10.0;154.0;0.0;13.0;128.0;10.0;3.0;75.0;626.0;263.0;183.0;180.0;225.0;8.0;114.0;0.0;17.0;87.0;9.0;1.0;88.0;821.0;477.0;171.0;173.0;203.0;0.0;116.0;0.0;12.0;91.0;7.0;6.0;132.0;888.0;539.0;176.0;173.0;171.0;0.0;101.0;0.0;14.0;77.0;8.0;2.0;103.0;836.0;658.0;82.0;96.0;98.0;0.0;98.0;0.0;29.0;61.0;7.0;1.0;140.0;713.0;567.0;60.0;86.0;30.0;0.0;44.0;0.0;15.0;28.0;1.0;0.0;586.0;1121.0;969.0;68.0;84.0;22.0;0.0;64.0;0.0;35.0;27.0;1.0;1.0;5524.0;6735.0;1323.0;958.0;0.73;0.74;0.74;0.0;790.0;736.0;3689.0;1618.0;760.0;730.0;3980.0;2237.0;0.0;0.0;0.0;0.0;0.0;0.0;0.0;0.0;0.0;1.0;0.0;0.0;0.0;0.0;0.0;0.0;2.36;1.38;6.3;0.01;0.59;1.48;0.0;0.26;0.22;0.04;0.13;1.03;0.52;2.43;0.0;35.14;0.0;0.0;0.0;47.9;0.0;0.14;0.09;0.0;2.27;2.0;0.0;0.0;0.0;0.0;0.0;0.0;0.0;0.0;0.0;0.0;0.0;38.03;0.0;0.0;0.0;1.62;0.0;0.0;0.0;0.0;0.0;0.0;0.0;0.0;0.0;0.0;0.0;0.0;0.0;0.0;0.0;0.0;0.0;0.0;0.0;0.0;0.0;0.0;0.0;0.0;0.0;0.0;0.0;0.0;0.0;0.0;0.0;0.0;0.0;0.0;0.0;0.0;0.0;0.0;0.0;0.0;0.0;0.0;0.0;0.0;0.0;0.0;0.0;0.0;0.0;0.0;0.0;0.0;99.99;56.07;0;0;0;0;0;0;0;0;0;0;0;0;0;0;0;0;0;1;0;0
PINHEL;1.0;215.0;0.0;29.0;186.0;119.0;1.0;1.0;1.0;0.0;0.0;0.0;0.0;6.0;27.0;1.0;4.0;22.0;189.0;3.0;107.0;6.0;0.0;84.0;17.0;0.0;9.0;60.0;1.0;4.0;55.0;99.0;9.0;94.0;2.0;0.0;62.0;29.0;1.0;7.0;82.0;1.0;12.0;69.0;77.0;7.0;86.0;1.0;0.0;59.0;26.0;0.0;11.0;126.0;12.0;32.0;82.0;117.0;7.0;96.0;1.0;1.0;71.0;23.0;0.0;17.0;174.0;22.0;58.0;94.0;139.0;9.0;97.0;0.0;4.0;75.0;16.0;2.0;17.0;249.0;40.0;79.0;130.0;136.0;7.0;68.0;0.0;11.0;48.0;9.0;0.0;21.0;352.0;103.0;101.0;148.0;109.0;2.0;54.0;0.0;5.0;41.0;7.0;1.0;30.0;486.0;243.0;93.0;150.0;82.0;1.0;43.0;0.0;1.0;34.0;8.0;0.0;43.0;540.0;334.0;88.0;118.0;63.0;0.0;42.0;0.0;6.0;34.0;2.0;0.0;66.0;540.0;454.0;39.0;47.0;46.0;0.0;34.0;0.0;6.0;24.0;3.0;1.0;65.0;567.0;495.0;31.0;41.0;21.0;0.0;29.0;0.0;14.0;15.0;0.0;0.0;540.0;1170.0;1102.0;33.0;35.0;20.0;0.0;26.0;0.0;18.0;8.0;0.0;0.0;2421.0;4289.0;1045.0;337.0;0.99;1.29;1.29;0.0;335.0;348.0;1839.0;1357.0;296.0;321.0;1829.0;1767.0;25.5;0.0;0.0;0.0;0.0;0.0;0.0;0.0;0.0;1.0;0.0;0.0;0.0;0.0;0.0;0.0;2.8;2.74;6.43;0.21;1.43;1.59;0.0;0.46;0.1;0.22;0.0;1.52;0.37;1.29;0.0;43.44;0.0;0.0;0.0;36.28;0.17;0.6;0.36;0.0;0.0;0.0;0.0;0.0;0.0;0.0;0.0;0.0;0.0;0.0;0.0;0.0;0.0;26.56;0.0;0.0;0.0;2.8;0.0;0.0;0.0;0.0;0.0;0.0;0.0;0.0;0.0;0.0;0.0;0.0;0.0;0.0;0.0;0.0;0.0;0.0;0.0;0.0;0.0;0.0;0.0;0.0;0.0;0.0;0.0;0.0;0.0;0.0;0.0;0.0;0.0;0.0;0.0;0.0;0.0;0.0;0.0;0.0;0.0;0.0;0.0;0.0;0.0;0.0;0.0;0.0;0.0;0.0;0.0;0.0;100.01;70.65;0;0;0;0;0;0;0;0;1;0;0;0;0;0;0;0;0;0;0;0
POMBAL;16.0;1543.0;3.0;160.0;1380.0;883.0;4.0;2.0;2.0;0.0;0.0;0.0;0.0;25.0;332.0;7.0;27.0;298.0;1552.0;54.0;676.0;61.0;0.0;528.0;86.0;1.0;30.0;386.0;9.0;32.0;345.0;979.0;110.0;705.0;29.0;0.0;439.0;233.0;4.0;50.0;503.0;18.0;76.0;409.0;898.0;105.0;776.0;14.0;3.0;491.0;257.0;11.0;56.0;836.0;47.0;147.0;642.0;1044.0;86.0;770.0;5.0;30.0;574.0;152.0;9.0;73.0;1286.0;111.0;368.0;807.0;1190.0;73.0;866.0;3.0;56.0;677.0;117.0;13.0;71.0;1758.0;280.0;605.0;873.0;1111.0;54.0;625.0;0.0;65.0;480.0;74.0;6.0;118.0;2269.0;609.0;813.0;847.0;758.0;22.0;350.0;0.0;21.0;271.0;51.0;7.0;138.0;2670.0;1229.0;696.0;745.0;562.0;3.0;260.0;0.0;31.0;197.0;26.0;6.0;221.0;2894.0;1827.0;431.0;636.0;420.0;0.0;185.0;0.0;26.0;143.0;13.0;3.0;290.0;2972.0;2421.0;214.0;337.0;202.0;0.0;169.0;0.0;34.0;129.0;5.0;1.0;382.0;2798.0;2421.0;143.0;234.0;98.0;0.0;102.0;0.0;42.0;54.0;4.0;2.0;3219.0;4404.0;4031.0;157.0;216.0;73.0;0.0;118.0;0.0;64.0;47.0;3.0;4.0;19319.0;23672.0;4881.0;3298.0;2.48;3.44;3.44;0.0;3080.0;2550.0;12304.0;6437.0;2865.0;2537.0;13007.0;8390.0;22.1;0.0;0.0;0.0;0.0;0.0;0.0;0.0;0.0;1.0;0.0;0.0;0.0;1.0;0.0;0.27;3.38;2.09;8.67;0.09;2.09;4.46;0.0;0.74;0.11;0.12;0.17;1.2;0.92;1.47;0.0;43.94;0.0;0.0;0.0;29.56;0.04;0.53;0.15;0.0;3.11;3.92;0.0;3.45;0.0;0.0;0.0;0.0;0.0;0.0;0.0;0.0;0.0;22.4;0.0;0.0;0.0;1.9;0.0;0.0;0.0;0.0;0.0;0.0;0.0;0.0;0.0;0.0;0.0;0.0;0.0;0.0;0.0;0.0;0.0;0.0;0.0;0.0;0.0;0.0;0.0;0.0;0.0;0.0;0.0;0.0;0.0;0.0;0.0;0.0;0.0;0.0;0.0;0.0;0.0;0.0;0.0;0.0;0.0;0.0;0.0;0.0;0.0;0.0;0.0;0.0;0.0;0.0;0.0;0.0;100.0;65.22;0;0;0;0;0;0;0;0;0;1;0;0;0;0;0;0;0;0;0;0
PONTA DELGADA;60.0;2720.0;59.0;467.0;2194.0;1180.0;3.0;6.0;6.0;0.0;0.0;0.0;0.0;45.0;1309.0;54.0;280.0;975.0;2132.0;89.0;736.0;21.0;0.0;591.0;123.0;1.0;69.0;1319.0;78.0;251.0;990.0;1488.0;164.0;1234.0;23.0;0.0;719.0;486.0;6.0;102.0;1612.0;198.0;408.0;1006.0;1311.0;204.0;1280.0;25.0;1.0;728.0;513.0;13.0;111.0;2041.0;214.0;601.0;1226.0;1315.0;186.0;1497.0;22.0;21.0;1068.0;364.0;22.0;164.0;2480.0;398.0;969.0;1113.0;1393.0;113.0;1598.0;3.0;37.0;1270.0;236.0;52.0;171.0;2919.0;644.0;1350.0;925.0;997.0;71.0;1300.0;0.0;44.0;1055.0;168.0;33.0;189.0;2926.0;849.0;1299.0;778.0;835.0;36.0;916.0;0.0;44.0;722.0;108.0;42.0;295.0;2914.0;1043.0;1205.0;666.0;821.0;2.0;802.0;0.0;47.0;615.0;104.0;36.0;260.0;2774.0;1249.0;907.0;618.0;697.0;0.0;611.0;0.0;67.0;437.0;72.0;35.0;218.0;2220.0;1636.0;208.0;376.0;397.0;0.0;431.0;0.0;114.0;258.0;34.0;25.0;189.0;1839.0;1374.0;123.0;342.0;239.0;0.0;329.0;0.0;123.0;175.0;16.0;15.0;781.0;2796.0;2174.0;184.0;438.0;274.0;0.0;389.0;0.0;207.0;154.0;15.0;13.0;30803.0;26463.0;4115.0;5848.0;1.0;1.12;1.12;102.58;4915.0;4209.0;19093.0;4168.0;4715.0;4071.0;20124.0;5934.0;48.3;0.0;0.0;0.0;0.0;0.0;0.0;0.0;0.0;1.0;0.0;0.0;0.0;0.0;0.0;0.6;5.04;0.0;7.61;0.08;2.32;4.48;0.0;1.08;0.13;0.26;0.0;1.16;1.73;1.44;0.44;0.0;0.0;29.06;0.0;44.26;0.0;0.22;0.09;0.0;2.84;2.0;0.0;2.78;0.0;0.0;0.0;0.0;0.0;2.08;0.0;0.0;0.0;38.59;0.0;0.0;0.0;1.23;0.0;0.0;0.0;0.0;0.0;0.0;0.0;0.0;0.0;0.0;0.0;0.0;0.0;0.0;0.0;0.0;0.0;0.0;0.0;0.0;0.0;0.0;0.0;0.0;0.0;0.0;0.0;0.0;0.0;0.0;0.0;0.0;0.0;0.0;0.0;0.0;0.0;0.0;0.0;0.0;0.0;0.0;0.0;0.0;0.0;0.0;0.0;0.0;0.0;0.0;0.0;0.0;99.99;50.47;0;1;0;0;0;0;0;0;0;0;0;0;0;0;0;0;0;0;0;0
PONTA DO SOL;1.0;339.0;1.0;43.0;295.0;190.0;0.0;4.0;4.0;0.0;0.0;0.0;0.0;6.0;118.0;1.0;19.0;98.0;285.0;8.0;79.0;5.0;0.0;65.0;9.0;0.0;10.0;109.0;7.0;29.0;73.0;165.0;13.0;123.0;5.0;0.0;76.0;42.0;0.0;16.0;144.0;14.0;37.0;93.0;130.0;8.0;96.0;1.0;1.0;56.0;36.0;2.0;9.0;196.0;24.0;64.0;108.0;127.0;12.0;95.0;2.0;5.0;69.0;19.0;0.0;27.0;290.0;55.0;98.0;137.0;160.0;5.0;152.0;1.0;9.0;125.0;15.0;2.0;38.0;386.0;118.0;165.0;103.0;129.0;4.0;97.0;0.0;3.0;81.0;12.0;1.0;51.0;473.0;212.0;192.0;69.0;100.0;5.0;64.0;0.0;3.0;56.0;3.0;2.0;72.0;483.0;299.0;136.0;48.0;74.0;0.0;54.0;0.0;3.0;41.0;7.0;3.0;61.0;415.0;286.0;92.0;37.0;50.0;0.0;31.0;0.0;3.0;22.0;4.0;2.0;75.0;374.0;330.0;28.0;16.0;27.0;0.0;17.0;0.0;6.0;8.0;1.0;2.0;83.0;316.0;280.0;18.0;18.0;12.0;0.0;9.0;0.0;3.0;5.0;0.0;1.0;345.0;537.0;506.0;17.0;14.0;8.0;0.0;13.0;0.0;5.0;7.0;1.0;0.0;3748.0;3261.0;747.0;604.0;2.16;4.39;4.39;60.72;525.0;519.0;2122.0;693.0;515.0;511.0;2352.0;1123.0;12.8;0.0;0.0;0.0;0.0;0.0;0.0;0.0;1.0;0.0;0.0;0.0;0.0;0.0;0.0;0.48;1.09;0.0;5.69;0.33;0.58;2.32;2.8;0.66;0.07;0.42;0.0;1.71;0.68;0.64;0.0;0.0;46.27;0.0;0.13;35.73;0.33;0.09;0.0;0.0;0.0;0.0;0.0;1.15;3.34;0.0;0.0;0.0;0.0;0.0;0.0;0.0;0.0;55.19;0.69;0.19;0.0;0.87;0.0;0.0;0.0;0.0;0.0;0.0;0.0;0.0;0.0;0.0;0.0;0.0;0.0;0.0;0.0;0.0;0.0;0.0;0.0;0.0;0.0;0.0;0.0;0.0;0.0;0.0;0.0;0.0;0.0;0.0;0.0;0.0;0.0;0.0;0.0;0.0;0.0;0.0;0.0;0.0;0.0;0.0;0.0;0.0;0.0;0.0;0.0;0.0;0.0;0.0;0.0;0.0;100.01;38.58;0;0;0;0;0;0;0;0;0;0;0;1;0;0;0;0;0;0;0;0
PONTE DA BARCA;2.0;298.0;0.0;20.0;278.0;200.0;0.0;0.0;0.0;0.0;0.0;0.0;0.0;3.0;51.0;0.0;2.0;49.0;365.0;10.0;144.0;6.0;0.0;116.0;22.0;0.0;11.0;87.0;2.0;7.0;78.0;258.0;13.0;136.0;3.0;0.0;77.0;53.0;3.0;6.0;172.0;5.0;35.0;132.0;196.0;19.0;97.0;2.0;0.0;66.0;29.0;0.0;9.0;227.0;10.0;49.0;168.0;230.0;17.0;112.0;0.0;2.0;82.0;27.0;1.0;17.0;310.0;28.0;111.0;171.0;243.0;18.0;140.0;0.0;5.0;118.0;16.0;1.0;27.0;406.0;88.0;162.0;156.0;205.0;11.0;136.0;0.0;20.0;100.0;14.0;2.0;32.0;508.0;190.0;189.0;129.0;134.0;4.0;92.0;0.0;11.0;70.0;10.0;1.0;40.0;630.0;341.0;148.0;141.0;109.0;1.0;43.0;0.0;3.0;36.0;3.0;1.0;65.0;611.0;404.0;111.0;96.0;90.0;0.0;33.0;0.0;3.0;27.0;2.0;1.0;76.0;635.0;545.0;48.0;42.0;40.0;0.0;39.0;0.0;12.0;26.0;0.0;1.0;87.0;643.0;575.0;28.0;40.0;17.0;0.0;38.0;0.0;16.0;22.0;0.0;0.0;686.0;1021.0;949.0;29.0;43.0;19.0;0.0;30.0;0.0;13.0;14.0;1.0;2.0;4163.0;5148.0;1084.0;649.0;1.43;1.93;1.93;67.15;555.0;572.0;2631.0;1381.0;590.0;501.0;2864.0;1950.0;29.0;0.0;0.0;0.0;0.0;0.0;0.0;0.0;0.0;1.0;0.0;0.0;0.0;0.0;0.0;0.0;1.97;2.21;5.61;0.11;0.96;1.84;0.0;0.55;0.08;0.0;0.0;0.68;0.83;1.51;0.0;40.3;0.0;0.0;0.0;42.9;0.0;0.31;0.11;0.0;0.0;1.65;0.0;0.0;0.0;0.0;0.0;0.0;0.0;0.0;0.0;0.0;0.0;46.43;0.0;0.0;0.0;2.27;0.0;0.0;0.0;0.0;0.0;0.0;0.0;0.0;0.0;0.0;0.0;0.0;0.0;0.0;0.0;0.0;0.0;0.0;0.0;0.0;0.0;0.0;0.0;0.0;0.0;0.0;0.0;0.0;0.0;0.0;0.0;0.0;0.0;0.0;0.0;0.0;0.0;0.0;0.0;0.0;0.0;0.0;0.0;0.0;0.0;0.0;0.0;0.0;0.0;0.0;0.0;0.0;99.99;49.64;0;0;0;0;0;0;0;0;0;0;0;0;0;0;0;0;1;0;0;0
PONTE DE LIMA;13.0;1249.0;3.0;101.0;1145.0;940.0;2.0;8.0;8.0;0.0;0.0;0.0;0.0;13.0;209.0;2.0;5.0;202.0;1492.0;33.0;592.0;51.0;0.0;444.0;94.0;3.0;12.0;287.0;4.0;21.0;262.0;1000.0;57.0;779.0;31.0;0.0;446.0;292.0;10.0;27.0;633.0;11.0;92.0;530.0;764.0;69.0;538.0;5.0;2.0;333.0;186.0;12.0;35.0;1091.0;31.0;258.0;802.0;747.0;59.0;559.0;16.0;21.0;406.0;106.0;10.0;44.0;1488.0;118.0;616.0;754.0;753.0;37.0;534.0;1.0;33.0;414.0;78.0;8.0;75.0;2026.0;294.0;999.0;733.0;684.0;26.0;490.0;0.0;64.0;355.0;61.0;10.0;103.0;2212.0;562.0;941.0;709.0;487.0;18.0;304.0;0.0;50.0;218.0;32.0;4.0;112.0;2360.0;954.0;833.0;573.0;345.0;3.0;213.0;0.0;26.0;164.0;15.0;8.0;156.0;2121.0;1111.0;606.0;404.0;238.0;0.0;166.0;0.0;26.0;122.0;14.0;4.0;177.0;2025.0;1698.0;159.0;168.0;119.0;0.0;168.0;0.0;38.0;108.0;18.0;4.0;276.0;1943.0;1728.0;92.0;123.0;52.0;0.0;74.0;0.0;23.0;45.0;2.0;4.0;1885.0;3218.0;2999.0;102.0;117.0;56.0;0.0;76.0;0.0;34.0;37.0;2.0;3.0;16241.0;19757.0;3243.0;1923.0;0.93;1.51;1.51;76.66;2473.0;2330.0;10421.0;4169.0;2419.0;2221.0;11231.0;5900.0;22.4;0.0;0.0;0.0;0.0;0.0;0.0;0.0;0.0;1.0;0.0;0.0;0.0;0.0;0.07;0.0;2.39;11.68;6.35;0.07;1.14;2.74;0.0;0.48;0.08;0.16;0.0;1.16;0.7;1.67;0.0;37.88;0.0;0.0;0.0;32.87;0.0;0.43;0.14;0.0;0.0;1.23;0.0;0.0;0.0;0.0;0.0;0.0;0.0;0.0;0.0;0.0;0.49;29.13;0.0;0.0;0.0;2.22;0.0;6.16;0.0;0.0;0.0;0.0;0.0;0.0;0.0;0.0;0.0;0.0;0.0;0.0;0.0;0.0;0.0;0.0;0.0;0.0;0.0;0.0;0.0;0.0;0.0;0.0;0.0;0.0;4.06;0.0;0.0;0.0;0.0;0.0;0.0;0.0;0.0;0.0;0.0;0.0;0.0;0.0;0.0;0.0;0.0;0.0;0.0;0.0;0.0;0.0;0.0;0.0;100.01;56.720000000000006;0;0;0;0;0;0;0;0;0;0;0;0;0;0;0;0;1;0;0;0
PONTE DE SOR;4.0;468.0;1.0;64.0;403.0;213.0;0.0;1.0;1.0;0.0;0.0;0.0;0.0;4.0;110.0;3.0;15.0;92.0;426.0;6.0;151.0;8.0;0.0;119.0;24.0;0.0;12.0;148.0;6.0;28.0;114.0;296.0;14.0;196.0;9.0;0.0;129.0;57.0;1.0;9.0;212.0;13.0;50.0;149.0;267.0;14.0;172.0;1.0;0.0;123.0;47.0;1.0;21.0;280.0;24.0;60.0;196.0;264.0;18.0;194.0;1.0;7.0;143.0;38.0;5.0;19.0;410.0;55.0;105.0;250.0;325.0;14.0;189.0;1.0;15.0;149.0;21.0;3.0;25.0;555.0;119.0;170.0;266.0;311.0;16.0;174.0;0.0;21.0;144.0;9.0;0.0;32.0;682.0;231.0;235.0;216.0;240.0;6.0;127.0;0.0;10.0;100.0;16.0;1.0;48.0;834.0;376.0;244.0;214.0;215.0;1.0;101.0;0.0;9.0;83.0;6.0;3.0;61.0;889.0;489.0;212.0;188.0;188.0;0.0;105.0;0.0;8.0;85.0;10.0;2.0;85.0;846.0;607.0;106.0;133.0;83.0;0.0;83.0;0.0;20.0;56.0;7.0;0.0;106.0;755.0;627.0;68.0;60.0;39.0;0.0;45.0;0.0;18.0;24.0;3.0;0.0;924.0;1414.0;1258.0;80.0;76.0;42.0;0.0;41.0;0.0;18.0;21.0;1.0;1.0;6044.0;6442.0;1651.0;1111.0;1.77;1.95;1.95;83.87;870.0;696.0;3851.0;1910.0;848.0;687.0;3833.0;2553.0;0.0;0.0;0.0;0.0;0.0;0.0;0.0;0.0;1.0;0.0;0.0;0.0;0.0;1.0;0.0;0.0;3.54;0.77;10.51;0.08;0.96;1.91;0.0;0.33;0.18;0.07;0.0;0.9;0.37;15.39;1.09;12.57;0.0;0.0;0.0;50.91;0.01;0.25;0.15;0.0;3.6;7.56;0.0;0.0;0.0;0.0;0.0;0.0;0.0;0.0;0.0;0.0;0.0;67.21;0.0;0.0;0.0;15.04;0.0;0.0;0.0;0.0;0.0;0.0;0.0;0.0;0.0;0.0;0.0;0.0;0.0;0.0;0.0;0.0;0.0;0.0;0.0;0.0;0.0;0.0;0.0;0.0;0.0;0.0;0.0;0.0;0.0;0.0;0.0;0.0;0.0;0.0;0.0;0.0;0.0;0.0;0.0;0.0;0.0;0.0;0.0;0.0;0.0;0.0;0.0;0.0;0.0;0.0;0.0;0.0;100.0;6.59;0;0;0;0;0;0;0;0;0;0;0;0;1;0;0;0;0;0;0;0
PORTALEGRE;7.0;715.0;2.0;104.0;609.0;379.0;2.0;1.0;1.0;0.0;0.0;0.0;0.0;3.0;155.0;6.0;27.0;122.0;646.0;12.0;285.0;8.0;0.0;242.0;35.0;0.0;7.0;146.0;9.0;17.0;120.0;340.0;17.0;370.0;6.0;0.0;254.0;110.0;0.0;15.0;224.0;7.0;36.0;181.0;290.0;39.0;369.0;4.0;0.0;254.0;108.0;3.0;24.0;335.0;12.0;54.0;269.0;426.0;20.0;504.0;4.0;14.0;377.0;104.0;5.0;21.0;474.0;35.0;102.0;337.0;490.0;20.0;584.0;0.0;42.0;452.0;76.0;14.0;28.0;637.0;89.0;190.0;358.0;472.0;22.0;530.0;0.0;65.0;366.0;81.0;18.0;38.0;755.0;157.0;268.0;330.0;350.0;14.0;391.0;0.0;30.0;290.0;57.0;14.0;37.0;934.0;299.0;264.0;371.0;359.0;1.0;305.0;0.0;20.0;241.0;32.0;12.0;55.0;1029.0;498.0;220.0;311.0;323.0;0.0;279.0;0.0;26.0;214.0;34.0;5.0;85.0;1085.0;725.0;120.0;240.0;178.0;0.0;226.0;0.0;42.0;152.0;24.0;8.0;79.0;1110.0;814.0;82.0;214.0;110.0;0.0;130.0;0.0;30.0;90.0;4.0;6.0;933.0;1947.0;1610.0;104.0;233.0;89.0;0.0;156.0;0.0;74.0;75.0;4.0;3.0;8861.0;9548.0;2027.0;1904.0;2.0;1.85;1.85;98.54;1359.0;1101.0;5452.0;2680.0;1374.0;1104.0;5822.0;3448.0;0.0;0.0;0.0;0.0;0.0;0.0;0.0;0.0;0.0;1.0;0.0;0.0;0.0;0.0;0.0;0.0;2.31;1.47;8.9;0.06;1.25;2.12;0.0;0.76;0.01;0.08;0.0;0.84;0.56;2.89;0.31;33.44;0.0;0.0;0.0;44.61;0.05;0.25;0.08;0.0;0.42;1.99;0.0;0.0;0.0;0.0;0.0;0.0;0.0;0.0;0.0;0.0;0.0;25.93;0.0;0.0;0.0;6.71;0.0;0.0;0.0;0.0;0.0;0.0;0.0;0.0;0.0;0.0;0.0;0.0;0.0;0.0;0.0;25.7;0.0;0.0;0.0;0.0;0.0;0.0;0.0;0.0;0.0;0.0;0.0;0.0;0.0;0.0;0.0;0.0;0.0;0.0;0.0;0.0;0.0;0.0;0.0;0.0;0.0;0.0;0.0;0.0;0.0;0.0;0.0;0.0;0.0;0.0;0.0;0.0;100.01;39.26;0;0;0;0;0;0;0;0;0;0;0;0;1;0;0;0;0;0;0;0
PORTEL;0.0;163.0;2.0;24.0;137.0;83.0;1.0;0.0;0.0;0.0;0.0;0.0;0.0;2.0;39.0;5.0;10.0;24.0;231.0;5.0;32.0;4.0;0.0;26.0;1.0;1.0;2.0;54.0;3.0;6.0;45.0;116.0;8.0;59.0;3.0;0.0;39.0;16.0;1.0;2.0;91.0;10.0;13.0;68.0;114.0;8.0;69.0;1.0;0.0;53.0;15.0;0.0;13.0;119.0;12.0;29.0;78.0;119.0;8.0;66.0;1.0;1.0;44.0;18.0;2.0;7.0;161.0;25.0;54.0;82.0;133.0;6.0;54.0;0.0;1.0;43.0;8.0;2.0;15.0;246.0;60.0;71.0;115.0;103.0;3.0;50.0;0.0;6.0;41.0;2.0;1.0;13.0;305.0;104.0;103.0;98.0;71.0;1.0;39.0;0.0;2.0;34.0;1.0;2.0;17.0;305.0;127.0;101.0;77.0;64.0;0.0;24.0;0.0;1.0;18.0;3.0;2.0;15.0;320.0;185.0;87.0;48.0;52.0;0.0;16.0;0.0;2.0;12.0;2.0;0.0;20.0;336.0;281.0;29.0;26.0;23.0;0.0;21.0;0.0;10.0;9.0;1.0;1.0;41.0;330.0;285.0;23.0;22.0;4.0;0.0;11.0;0.0;5.0;5.0;1.0;0.0;301.0;554.0;529.0;12.0;13.0;4.0;0.0;12.0;0.0;4.0;6.0;1.0;1.0;2321.0;2495.0;599.0;332.0;1.29;2.89;2.89;68.16;349.0;305.0;1458.0;699.0;317.0;251.0;1410.0;958.0;0.0;0.0;0.0;0.0;0.0;0.0;0.0;0.0;1.0;0.0;0.0;0.0;0.0;1.0;0.0;0.0;2.43;0.55;8.56;0.01;0.55;1.05;0.0;0.18;0.07;0.0;0.0;0.97;0.64;24.34;0.0;8.51;0.0;0.0;0.0;51.29;0.01;0.78;0.06;0.0;0.0;0.0;0.0;0.0;0.0;0.0;0.0;0.0;0.0;0.0;0.0;0.0;0.0;57.99;0.0;0.0;0.0;38.09;0.0;0.0;0.0;0.0;0.0;0.0;0.0;0.0;0.0;0.0;0.0;0.0;0.0;0.0;0.0;0.0;0.0;0.0;0.0;0.0;0.0;0.0;0.0;0.0;0.0;0.0;0.0;0.0;0.0;0.0;0.0;0.0;0.0;0.0;0.0;0.0;0.0;0.0;0.0;0.0;0.0;0.0;0.0;0.0;0.0;0.0;0.0;0.0;0.0;0.0;0.0;0.0;100.0;3.92;0;0;0;0;0;0;0;0;0;0;0;0;0;0;0;0;0;0;0;1
PORTIMAO;23.0;2079.0;18.0;291.0;1770.0;993.0;3.0;6.0;6.0;0.0;0.0;0.0;0.0;59.0;629.0;21.0;89.0;519.0;1677.0;45.0;524.0;20.0;0.0;436.0;68.0;0.0;84.0;673.0;38.0;104.0;531.0;1260.0;89.0;925.0;20.0;0.0;685.0;216.0;4.0;119.0;873.0;51.0;162.0;660.0;1271.0;95.0;1093.0;19.0;14.0;730.0;319.0;11.0;141.0;1138.0;75.0;182.0;881.0;1326.0;113.0;1408.0;14.0;99.0;1009.0;268.0;18.0;142.0;1400.0;117.0;262.0;1021.0;1463.0;126.0;1416.0;4.0;132.0;1069.0;187.0;24.0;181.0;1767.0;232.0;448.0;1087.0;1426.0;117.0;1320.0;0.0;175.0;948.0;164.0;33.0;182.0;1942.0;376.0;601.0;965.0;1212.0;67.0;762.0;0.0;94.0;534.0;106.0;28.0;236.0;1959.0;594.0;593.0;772.0;1032.0;9.0;616.0;0.0;88.0;446.0;66.0;16.0;266.0;2108.0;947.0;453.0;708.0;878.0;0.0;574.0;0.0;89.0;390.0;83.0;12.0;366.0;2254.0;1387.0;291.0;576.0;690.0;0.0;577.0;0.0;118.0;368.0;64.0;27.0;345.0;2396.0;1574.0;232.0;590.0;322.0;0.0;345.0;0.0;72.0;221.0;37.0;15.0;1337.0;4147.0;3216.0;311.0;620.0;340.0;0.0;312.0;0.0;100.0;173.0;21.0;18.0;0.0;0.0;0.0;0.0;11.58;14.06;14.06;102.11;4368.0;3160.0;15178.0;6032.0;4199.0;2878.0;16631.0;7399.0;48.1;0.0;0.0;0.0;0.0;0.0;0.0;0.0;1.0;0.0;0.0;0.0;0.0;1.0;0.0;0.61;6.61;1.44;13.86;0.09;1.37;5.25;0.0;0.99;0.21;0.24;0.0;0.74;2.23;4.44;0.0;22.03;0.0;0.0;0.0;39.16;0.14;0.45;0.15;0.0;7.13;10.62;0.0;0.0;0.0;0.0;0.0;0.0;0.0;3.22;0.0;0.0;0.0;41.72;0.0;0.0;0.0;5.34;0.0;0.0;0.0;0.0;0.0;0.0;0.0;0.0;0.0;0.0;0.0;0.0;0.0;0.0;0.0;0.0;0.0;0.0;0.0;0.0;0.0;0.0;0.0;0.0;0.0;0.0;0.0;0.0;0.0;0.0;0.0;0.0;0.0;0.0;0.0;0.0;0.0;0.0;0.0;0.0;0.0;0.0;0.0;0.0;0.0;0.0;0.0;0.0;0.0;0.0;0.0;0.0;100.01;31.98;0;0;0;0;0;0;0;1;0;0;0;0;0;0;0;0;0;0;0;0
PORTO;51.0;6581.0;36.0;892.0;5653.0;3751.0;5.0;6.0;6.0;0.0;0.0;0.0;0.0;142.0;1701.0;65.0;330.0;1306.0;7023.0;152.0;3824.0;83.0;0.0;3019.0;720.0;2.0;203.0;1884.0;102.0;403.0;1379.0;4104.0;303.0;8161.0;98.0;0.0;3839.0;4155.0;69.0;264.0;2431.0;201.0;597.0;1633.0;3138.0;297.0;8603.0;60.0;79.0;3745.0;4453.0;266.0;262.0;3072.0;280.0;845.0;1947.0;2864.0;288.0;8155.0;53.0;331.0;4516.0;2805.0;450.0;331.0;3192.0;433.0;985.0;1774.0;2990.0;238.0;8315.0;11.0;394.0;5553.0;1787.0;570.0;366.0;4392.0;983.0;1514.0;1895.0;3002.0;200.0;7716.0;0.0;551.0;5166.0;1443.0;556.0;439.0;5543.0;1756.0;1768.0;2019.0;2977.0;154.0;5926.0;0.0;549.0;3892.0;982.0;503.0;559.0;6993.0;2836.0;1811.0;2346.0;3483.0;36.0;5261.0;0.0;524.0;3396.0;872.0;469.0;602.0;7664.0;3888.0;1580.0;2196.0;3121.0;0.0;4391.0;0.0;449.0;2998.0;570.0;374.0;693.0;8336.0;5587.0;982.0;1767.0;2261.0;0.0;4030.0;0.0;517.0;2861.0;377.0;275.0;645.0;9160.0;5852.0;1025.0;2283.0;1585.0;0.0;3150.0;0.0;555.0;2200.0;219.0;176.0;3283.0;19629.0;13678.0;1757.0;4194.0;2555.0;0.0;4883.0;0.0;1333.0;3090.0;226.0;234.0;110040.0;79675.0;18674.0;23411.0;2.94;6.25;6.25;0.0;13466.0;11761.0;57423.0;23503.0;12968.0;11475.0;64497.0;36707.0;0.0;0.0;0.0;0.0;0.0;0.0;0.0;0.0;0.0;1.0;0.0;0.0;0.0;0.0;0.02;0.17;5.99;1.97;3.3;0.08;0.8;7.76;0.03;2.17;0.07;0.05;0.07;0.6;1.93;4.75;0.0;34.47;0.0;0.0;0.0;35.28;0.03;0.32;0.14;0.0;6.46;3.05;0.08;0.0;0.0;0.47;0.0;0.0;0.0;2.88;0.0;0.0;0.22;18.6;0.0;0.0;0.43;7.78;0.0;0.0;0.0;0.0;0.0;0.0;0.0;0.0;0.0;0.0;0.0;0.0;0.0;0.0;0.0;0.0;0.0;0.0;0.0;0.0;0.0;0.0;0.0;0.0;0.0;0.0;0.0;0.0;0.0;0.0;0.0;0.0;0.0;0.0;0.0;0.0;0.0;0.0;0.0;0.0;0.0;0.0;0.0;0.0;0.0;0.0;0.0;0.0;0.0;0.0;0.0;0.0;99.97;60.0;0;0;0;0;0;0;0;0;0;0;0;0;0;1;0;0;0;0;0;0
PORTO DE MOS;6.0;804.0;2.0;79.0;723.0;376.0;1.0;4.0;4.0;0.0;0.0;0.0;0.0;8.0;198.0;2.0;15.0;181.0;737.0;29.0;363.0;22.0;0.0;286.0;54.0;1.0;19.0;208.0;4.0;29.0;175.0;452.0;53.0;416.0;11.0;0.0;261.0;141.0;3.0;21.0;281.0;8.0;33.0;240.0;357.0;57.0;313.0;11.0;2.0;216.0;81.0;3.0;26.0;433.0;20.0;83.0;330.0;462.0;60.0;347.0;6.0;11.0;265.0;62.0;3.0;30.0;693.0;67.0;201.0;425.0;563.0;46.0;368.0;4.0;17.0;298.0;44.0;5.0;43.0;922.0;144.0;347.0;431.0;477.0;23.0;310.0;0.0;35.0;240.0;29.0;6.0;55.0;1106.0;288.0;394.0;424.0;344.0;18.0;194.0;0.0;20.0;149.0;24.0;1.0;61.0;1196.0;460.0;375.0;361.0;271.0;5.0;129.0;0.0;14.0;96.0;16.0;3.0;74.0;1199.0;665.0;241.0;293.0;249.0;0.0;125.0;0.0;14.0;100.0;7.0;4.0;96.0;1147.0;886.0;106.0;155.0;103.0;0.0;112.0;0.0;38.0;69.0;3.0;2.0;103.0;1124.0;944.0;63.0;117.0;48.0;0.0;54.0;0.0;19.0;30.0;3.0;2.0;859.0;2051.0;1861.0;88.0;102.0;38.0;0.0;59.0;0.0;23.0;33.0;0.0;3.0;9645.0;9879.0;1931.0;1747.0;2.86;3.86;3.86;0.0;1483.0;1334.0;5940.0;2515.0;1393.0;1192.0;6066.0;3279.0;28.4;0.0;0.0;0.0;0.0;0.0;0.0;0.0;0.0;1.0;0.0;0.0;0.0;0.0;0.0;0.24;3.83;2.41;10.11;0.08;1.58;4.89;0.0;0.67;0.1;0.1;0.13;1.23;1.05;1.77;0.0;40.91;0.0;0.0;0.0;30.2;0.06;0.45;0.18;0.0;0.0;3.07;0.0;0.0;0.0;0.0;0.0;0.0;0.0;0.0;0.0;0.0;0.0;37.22;0.0;0.0;0.0;1.74;0.0;0.0;0.0;0.0;0.0;0.0;0.0;0.0;0.0;0.0;0.0;0.0;0.0;0.0;0.0;0.0;0.0;0.0;0.0;0.0;0.0;0.0;0.0;0.0;0.0;0.0;0.0;0.0;0.0;0.0;0.0;0.0;0.0;0.0;0.0;0.0;0.0;0.0;0.0;0.0;0.0;0.0;0.0;0.0;0.0;0.0;0.0;0.0;0.0;0.0;0.0;0.0;100.0;57.97;0;0;0;0;0;0;0;0;0;1;0;0;0;0;0;0;0;0;0;0
PORTO MONIZ;1.0;95.0;1.0;15.0;79.0;29.0;0.0;1.0;1.0;0.0;0.0;0.0;0.0;0.0;19.0;2.0;2.0;15.0;80.0;1.0;33.0;0.0;0.0;26.0;7.0;0.0;1.0;24.0;3.0;7.0;14.0;36.0;2.0;33.0;0.0;0.0;22.0;11.0;0.0;4.0;43.0;7.0;12.0;24.0;34.0;6.0;28.0;0.0;0.0;19.0;9.0;0.0;9.0;53.0;7.0;13.0;33.0;43.0;4.0;30.0;0.0;0.0;18.0;12.0;0.0;7.0;74.0;15.0;29.0;30.0;42.0;2.0;35.0;0.0;2.0;29.0;4.0;0.0;12.0;98.0;24.0;51.0;23.0;26.0;2.0;30.0;0.0;3.0;25.0;1.0;1.0;14.0;129.0;54.0;61.0;14.0;24.0;2.0;16.0;0.0;2.0;12.0;1.0;1.0;24.0;172.0;110.0;49.0;13.0;14.0;0.0;9.0;0.0;2.0;6.0;0.0;1.0;21.0;144.0;115.0;21.0;8.0;20.0;0.0;11.0;0.0;1.0;9.0;0.0;1.0;23.0;160.0;146.0;9.0;5.0;8.0;0.0;6.0;0.0;1.0;5.0;0.0;0.0;47.0;138.0;132.0;2.0;4.0;3.0;0.0;5.0;0.0;3.0;2.0;0.0;0.0;171.0;175.0;164.0;3.0;8.0;4.0;0.0;6.0;0.0;5.0;1.0;0.0;0.0;1085.0;933.0;339.0;160.0;0.63;2.74;2.74;61.04;133.0;116.0;626.0;246.0;101.0;143.0;652.0;500.0;27.7;0.0;0.0;0.0;0.0;0.0;0.0;0.0;1.0;0.0;0.0;0.0;0.0;1.0;0.0;0.19;0.72;0.0;5.07;0.09;0.66;0.85;1.03;0.27;0.51;0.16;0.0;1.95;0.49;1.05;0.0;0.0;46.27;0.0;0.09;40.22;0.2;0.18;0.0;0.0;0.0;0.0;0.0;0.0;0.0;0.0;0.0;0.0;0.0;0.0;0.0;0.0;0.0;56.03;0.0;0.0;0.0;1.17;0.0;0.0;0.0;0.0;0.0;0.0;0.0;0.0;0.0;0.0;0.0;0.0;0.0;0.0;0.0;0.0;0.0;0.0;0.0;0.0;0.0;0.0;0.0;0.0;0.0;0.0;0.0;0.0;0.0;0.0;0.0;0.0;0.0;0.0;0.0;0.0;0.0;0.0;0.0;0.0;0.0;0.0;0.0;0.0;0.0;0.0;0.0;0.0;0.0;0.0;0.0;0.0;99.99;42.79;0;0;0;0;0;0;0;0;0;0;0;1;0;0;0;0;0;0;0;0
PORTO SANTO;3.0;187.0;0.0;22.0;165.0;83.0;0.0;0.0;0.0;0.0;0.0;0.0;0.0;0.0;58.0;0.0;5.0;53.0;161.0;5.0;50.0;2.0;0.0;42.0;6.0;0.0;3.0;58.0;2.0;9.0;47.0;114.0;10.0;70.0;2.0;0.0;49.0;19.0;0.0;6.0;76.0;4.0;11.0;61.0;107.0;14.0;48.0;3.0;0.0;30.0;14.0;1.0;7.0;143.0;6.0;36.0;101.0;147.0;14.0;61.0;0.0;2.0;47.0;10.0;2.0;5.0;156.0;19.0;46.0;91.0;116.0;5.0;91.0;0.0;4.0;75.0;11.0;1.0;11.0;229.0;49.0;86.0;94.0;115.0;5.0;72.0;0.0;8.0;54.0;10.0;0.0;17.0;259.0;66.0;96.0;97.0;108.0;5.0;46.0;0.0;2.0;33.0;8.0;3.0;23.0;335.0;138.0;100.0;97.0;82.0;1.0;50.0;0.0;9.0;30.0;10.0;1.0;25.0;321.0;188.0;69.0;64.0;65.0;0.0;31.0;0.0;4.0;24.0;3.0;0.0;26.0;231.0;185.0;22.0;24.0;40.0;0.0;30.0;0.0;8.0;19.0;2.0;1.0;27.0;180.0;140.0;14.0;26.0;17.0;0.0;17.0;0.0;5.0;11.0;0.0;1.0;124.0;255.0;222.0;11.0;22.0;10.0;0.0;12.0;0.0;2.0;6.0;2.0;2.0;2290.0;1981.0;389.0;489.0;4.6;4.62;4.62;97.51;290.0;293.0;1523.0;430.0;292.0;254.0;1528.0;539.0;41.8;0.0;0.0;0.0;0.0;0.0;0.0;0.0;0.0;1.0;0.0;0.0;0.0;0.0;0.0;0.21;2.83;0.0;8.67;0.18;0.64;2.01;1.83;0.86;0.14;0.07;0.0;1.86;1.43;1.04;0.0;0.0;40.33;0.0;0.04;37.36;0.14;0.36;0.0;0.0;0.0;0.0;0.0;0.0;0.0;0.0;0.0;0.0;0.0;0.0;0.0;0.0;0.74;46.45;0.0;0.0;0.0;0.62;0.0;0.0;0.0;0.0;0.0;0.0;0.0;0.0;0.0;0.0;0.0;0.0;0.0;0.0;0.0;0.0;0.0;0.0;0.0;0.0;0.0;0.0;0.0;0.0;0.0;0.0;0.0;0.0;0.0;0.0;0.0;0.0;0.0;0.0;0.0;0.0;0.0;0.0;0.0;0.0;0.0;0.0;0.0;0.0;0.0;0.0;0.0;0.0;0.0;0.0;0.0;0.0;100.0;52.19;0;0;0;0;0;0;0;0;0;0;0;1;0;0;0;0;0;0;0;0
POVOA DE LANHOSO;5.0;774.0;3.0;90.0;681.0;470.0;2.0;2.0;2.0;0.0;0.0;0.0;0.0;8.0;204.0;3.0;15.0;186.0;753.0;16.0;277.0;18.0;0.0;209.0;50.0;0.0;14.0;250.0;6.0;28.0;216.0;442.0;33.0;351.0;5.0;0.0;199.0;144.0;3.0;18.0;407.0;15.0;88.0;304.0;366.0;26.0;302.0;6.0;1.0;181.0;108.0;6.0;31.0;574.0;33.0;159.0;382.0;392.0;22.0;294.0;3.0;8.0;213.0;64.0;6.0;41.0;797.0;110.0;384.0;303.0;392.0;21.0;238.0;1.0;16.0;185.0;31.0;5.0;62.0;1056.0;229.0;527.0;300.0;339.0;16.0;208.0;0.0;15.0;162.0;27.0;4.0;71.0;1185.0;460.0;464.0;261.0;242.0;4.0;129.0;0.0;5.0;104.0;13.0;7.0;92.0;1368.0;750.0;374.0;244.0;158.0;2.0;104.0;0.0;6.0;80.0;12.0;6.0;107.0;1365.0;877.0;328.0;160.0;147.0;0.0;63.0;0.0;7.0;46.0;6.0;4.0;120.0;1229.0;1033.0;115.0;81.0;49.0;0.0;54.0;0.0;9.0;37.0;5.0;3.0;134.0;937.0;847.0;38.0;52.0;26.0;0.0;29.0;0.0;13.0;12.0;3.0;1.0;850.0;1388.0;1279.0;41.0;68.0;20.0;0.0;40.0;0.0;18.0;18.0;0.0;4.0;8533.0;10532.0;1531.0;1179.0;1.06;1.93;1.93;71.95;1399.0;1293.0;5590.0;2168.0;1260.0;1218.0;6139.0;2708.0;25.2;0.0;0.0;0.0;0.0;0.0;0.0;0.0;1.0;0.0;0.0;0.0;0.0;0.0;0.05;0.0;1.83;1.33;5.04;0.07;1.1;2.07;0.2;0.43;0.05;0.13;0.0;0.75;0.49;1.17;0.0;35.26;0.0;0.0;0.0;49.48;0.16;0.34;0.05;0.0;0.6;0.81;0.0;0.0;0.0;0.0;0.0;0.0;0.21;0.0;0.0;0.0;0.0;49.13;0.0;0.0;0.0;0.46;0.0;0.0;0.0;0.0;0.0;0.0;0.0;0.0;0.0;0.0;0.0;0.0;0.0;0.0;0.0;0.0;0.0;0.0;0.0;0.0;0.0;0.0;0.0;0.0;0.0;0.0;0.0;0.0;0.0;0.0;0.0;0.0;0.0;0.0;0.0;0.0;0.0;0.0;0.0;0.0;0.0;0.0;0.0;0.0;0.0;0.0;0.0;0.0;0.0;0.0;0.0;0.0;100.0;48.79;0;0;0;1;0;0;0;0;0;0;0;0;0;0;0;0;0;0;0;0
POVOA DE VARZIM;32.0;2270.0;7.0;257.0;2006.0;1338.0;5.0;6.0;6.0;0.0;0.0;0.0;0.0;29.0;504.0;8.0;61.0;435.0;2233.0;63.0;906.0;42.0;0.0;694.0;167.0;3.0;41.0;781.0;25.0;129.0;627.0;1392.0;92.0;1349.0;28.0;0.0;758.0;558.0;5.0;48.0;1073.0;55.0;264.0;754.0;1100.0;91.0;1205.0;15.0;13.0;680.0;478.0;19.0;66.0;1498.0;63.0;396.0;1039.0;1167.0;79.0;1219.0;16.0;50.0;846.0;287.0;20.0;92.0;2056.0;138.0;998.0;920.0;1267.0;87.0;1276.0;3.0;77.0;950.0;203.0;43.0;115.0;2827.0;404.0;1484.0;939.0;1127.0;54.0;1095.0;0.0;93.0;834.0;135.0;33.0;147.0;2990.0;795.0;1378.0;817.0;916.0;43.0;793.0;0.0;96.0;575.0;101.0;21.0;158.0;3156.0;1360.0;1074.0;722.0;768.0;2.0;581.0;0.0;63.0;437.0;67.0;14.0;189.0;3153.0;1811.0;760.0;582.0;558.0;0.0;469.0;0.0;63.0;346.0;48.0;12.0;207.0;2970.0;2383.0;209.0;378.0;381.0;0.0;396.0;0.0;91.0;272.0;23.0;10.0;241.0;2807.0;2298.0;166.0;343.0;175.0;0.0;234.0;0.0;69.0;147.0;16.0;2.0;1225.0;4063.0;3446.0;206.0;411.0;194.0;0.0;329.0;0.0;138.0;182.0;5.0;4.0;26684.0;28527.0;4324.0;4720.0;1.71;3.52;3.52;0.0;4301.0;3790.0;16499.0;5648.0;4226.0;3596.0;18621.0;7574.0;0.0;0.0;0.0;0.0;0.0;0.0;0.0;0.0;0.0;1.0;0.0;0.0;0.0;1.0;0.07;0.07;2.65;3.27;6.85;0.08;1.22;4.08;0.08;0.75;0.05;0.08;0.19;0.78;1.02;1.29;0.0;48.34;0.0;0.0;0.0;28.56;0.03;0.46;0.07;0.0;2.99;5.77;0.0;3.64;0.0;0.0;0.0;0.0;0.0;2.48;0.0;0.0;0.0;22.99;0.0;0.0;0.0;4.39;0.0;0.0;0.0;0.0;0.0;0.0;0.0;0.0;0.0;0.0;0.0;0.0;0.0;0.0;0.0;0.0;0.0;0.0;0.0;0.0;0.0;0.0;0.0;0.0;0.0;0.0;0.0;0.0;0.0;0.0;0.0;0.0;0.0;0.0;0.0;0.0;0.0;0.0;0.0;0.0;0.0;0.0;0.0;0.0;0.0;0.0;0.0;0.0;0.0;0.0;0.0;0.0;100.0;57.74;0;0;0;0;0;0;0;0;0;0;0;0;0;1;0;0;0;0;0;0
POVOACAO;7.0;262.0;9.0;53.0;200.0;88.0;0.0;0.0;0.0;0.0;0.0;0.0;0.0;6.0;131.0;4.0;39.0;88.0;187.0;5.0;38.0;2.0;0.0;32.0;4.0;0.0;5.0;124.0;7.0;35.0;82.0;130.0;14.0;62.0;3.0;0.0;42.0;17.0;0.0;6.0;173.0;25.0;55.0;93.0;132.0;13.0;50.0;1.0;0.0;34.0;15.0;0.0;6.0;168.0;24.0;64.0;80.0;113.0;11.0;61.0;2.0;0.0;47.0;11.0;1.0;9.0;259.0;64.0;99.0;96.0;102.0;6.0;61.0;0.0;1.0;51.0;9.0;0.0;19.0;308.0;91.0;135.0;82.0;62.0;1.0;60.0;0.0;2.0;52.0;5.0;1.0;39.0;352.0;152.0;133.0;67.0;43.0;0.0;32.0;0.0;1.0;27.0;3.0;1.0;25.0;380.0;178.0;131.0;71.0;41.0;0.0;24.0;0.0;3.0;17.0;4.0;0.0;24.0;331.0;224.0;69.0;38.0;27.0;0.0;16.0;0.0;1.0;14.0;1.0;0.0;20.0;243.0;208.0;13.0;22.0;12.0;0.0;20.0;0.0;4.0;14.0;1.0;1.0;29.0;212.0;194.0;12.0;6.0;7.0;0.0;7.0;0.0;3.0;3.0;0.0;1.0;122.0;308.0;284.0;10.0;14.0;11.0;0.0;10.0;0.0;2.0;6.0;1.0;1.0;2484.0;2449.0;442.0;416.0;0.62;1.74;1.74;67.05;401.0;364.0;1655.0;430.0;376.0;360.0;1634.0;571.0;28.0;0.0;0.0;0.0;0.0;0.0;0.0;0.0;1.0;0.0;0.0;0.0;0.0;0.0;0.0;0.61;5.01;0.0;7.63;0.08;2.33;4.53;0.0;1.09;0.13;0.26;0.0;1.16;1.72;1.46;0.44;0.0;0.0;29.11;0.0;44.14;0.0;0.23;0.09;0.0;0.0;0.31;0.0;0.0;0.0;0.0;0.0;0.0;0.0;0.0;0.0;0.0;0.0;66.72;0.0;0.0;0.0;0.67;0.0;0.0;0.0;0.0;0.0;0.0;0.0;0.0;0.0;0.0;0.0;0.0;0.0;0.0;0.0;0.0;0.0;0.0;0.0;0.0;0.0;0.0;0.0;0.0;0.0;0.0;0.0;0.0;0.0;0.0;0.0;0.0;0.0;0.0;0.0;0.0;0.0;0.0;0.0;0.0;0.0;0.0;0.0;0.0;0.0;0.0;0.0;0.0;0.0;0.0;0.0;0.0;100.0;32.3;0;1;0;0;0;0;0;0;0;0;0;0;0;0;0;0;0;0;0;0
PROENCA-A-NOVA;2.0;156.0;0.0;20.0;136.0;90.0;0.0;0.0;0.0;0.0;0.0;0.0;0.0;2.0;29.0;0.0;5.0;24.0;159.0;6.0;102.0;6.0;0.0;82.0;14.0;0.0;4.0;37.0;1.0;8.0;28.0;101.0;4.0;108.0;5.0;0.0;68.0;34.0;1.0;2.0;61.0;0.0;8.0;53.0;108.0;6.0;85.0;0.0;0.0;57.0;28.0;0.0;4.0;77.0;2.0;11.0;64.0;116.0;10.0;100.0;2.0;3.0;80.0;15.0;0.0;6.0;103.0;13.0;21.0;69.0;131.0;13.0;103.0;2.0;8.0;79.0;14.0;0.0;17.0;195.0;30.0;63.0;102.0;119.0;8.0;65.0;0.0;3.0;50.0;12.0;0.0;17.0;281.0;73.0;84.0;124.0;112.0;3.0;51.0;0.0;7.0;38.0;4.0;2.0;18.0;416.0;175.0;93.0;148.0;105.0;1.0;38.0;0.0;6.0;30.0;2.0;0.0;22.0;497.0;292.0;80.0;125.0;101.0;0.0;39.0;0.0;7.0;28.0;4.0;0.0;31.0;472.0;359.0;40.0;73.0;63.0;0.0;49.0;0.0;18.0;28.0;3.0;0.0;69.0;506.0;405.0;38.0;63.0;23.0;0.0;31.0;0.0;16.0;15.0;0.0;0.0;553.0;896.0;815.0;30.0;51.0;22.0;0.0;31.0;0.0;14.0;17.0;0.0;0.0;2421.0;3468.0;954.0;324.0;1.21;2.75;2.75;0.0;302.0;279.0;1707.0;1181.0;289.0;267.0;1577.0;1565.0;30.4;0.0;0.0;0.0;0.0;0.0;0.0;0.0;1.0;0.0;0.0;0.0;0.0;0.0;0.0;0.01;2.08;2.05;7.98;0.12;1.14;1.72;0.0;0.32;0.02;0.03;0.01;1.22;0.42;0.97;0.1;36.38;0.0;0.0;0.0;45.3;0.02;0.1;0.0;0.0;0.0;0.0;0.0;0.0;0.0;0.0;0.0;0.0;0.0;0.0;0.0;0.0;0.0;68.57;0.0;0.0;0.0;2.51;0.0;0.0;0.0;0.0;0.0;0.0;0.0;0.0;0.0;0.0;0.0;0.0;0.0;0.0;0.0;0.0;0.0;0.0;0.0;0.0;0.0;0.0;0.0;0.0;0.0;0.0;0.0;0.0;0.0;0.0;0.0;0.0;0.0;0.0;0.0;0.0;0.0;0.0;0.0;0.0;0.0;0.0;0.0;0.0;0.0;0.0;0.0;0.0;0.0;0.0;0.0;0.0;100.0;28.92;0;0;0;0;0;1;0;0;0;0;0;0;0;0;0;0;0;0;0;0
REDONDO;1.0;200.0;3.0;35.0;162.0;103.0;0.0;0.0;0.0;0.0;0.0;0.0;0.0;1.0;53.0;2.0;14.0;37.0;179.0;6.0;65.0;6.0;0.0;53.0;6.0;0.0;4.0;54.0;0.0;16.0;38.0;150.0;10.0;61.0;1.0;0.0;36.0;23.0;1.0;6.0;118.0;12.0;33.0;73.0;114.0;11.0;64.0;2.0;0.0;39.0;23.0;0.0;5.0;163.0;20.0;41.0;102.0;123.0;7.0;56.0;1.0;2.0;39.0;13.0;1.0;8.0;210.0;36.0;55.0;119.0;146.0;6.0;86.0;0.0;5.0;67.0;10.0;4.0;14.0;249.0;55.0;88.0;106.0;115.0;9.0;66.0;0.0;7.0;49.0;9.0;1.0;23.0;287.0;100.0;90.0;97.0;105.0;2.0;60.0;0.0;5.0;44.0;7.0;4.0;16.0;337.0;145.0;125.0;67.0;73.0;1.0;27.0;0.0;0.0;22.0;5.0;0.0;30.0;331.0;174.0;79.0;78.0;61.0;0.0;28.0;0.0;3.0;22.0;2.0;1.0;35.0;321.0;243.0;36.0;42.0;30.0;0.0;33.0;0.0;9.0;21.0;2.0;1.0;28.0;301.0;248.0;25.0;28.0;13.0;0.0;16.0;0.0;4.0;10.0;2.0;0.0;353.0;570.0;528.0;23.0;19.0;13.0;0.0;21.0;0.0;10.0;10.0;0.0;1.0;2618.0;2662.0;610.0;396.0;2.19;2.55;2.55;74.11;359.0;319.0;1649.0;749.0;349.0;289.0;1587.0;985.0;0.0;0.0;0.0;0.0;0.0;0.0;0.0;0.0;0.0;1.0;0.0;0.0;0.0;0.0;0.0;0.0;3.06;1.27;10.14;0.0;0.65;1.22;0.0;0.6;0.14;0.0;0.0;0.45;0.64;14.4;0.0;22.02;0.0;0.0;0.0;44.92;0.12;0.18;0.2;0.0;0.0;2.27;0.0;0.0;0.0;0.0;0.0;0.0;0.0;0.0;0.0;0.0;0.0;27.97;0.0;0.0;0.0;14.28;0.0;0.0;0.0;0.0;0.0;0.0;0.0;0.0;0.0;0.0;0.0;0.0;10.51;0.0;0.0;0.0;0.0;0.0;0.0;0.0;0.0;0.0;0.0;0.0;0.0;0.0;0.0;0.0;0.0;0.0;0.0;0.0;0.0;0.0;0.0;0.0;0.0;0.0;0.0;0.0;0.0;0.0;0.0;0.0;0.0;0.0;0.0;0.0;0.0;0.0;0.0;0.0;99.99;44.96;0;0;0;0;0;0;0;0;0;0;0;0;0;0;0;0;0;0;0;1
REGUENGOS DE MONSARAZ;4.0;354.0;2.0;60.0;292.0;138.0;0.0;0.0;0.0;0.0;0.0;0.0;0.0;5.0;110.0;6.0;16.0;88.0;269.0;9.0;91.0;3.0;0.0;78.0;10.0;0.0;17.0;103.0;12.0;24.0;67.0;174.0;18.0;125.0;1.0;0.0;85.0;39.0;0.0;12.0;150.0;19.0;37.0;94.0;176.0;17.0;123.0;2.0;0.0;88.0;31.0;2.0;18.0;200.0;23.0;53.0;124.0;197.0;11.0;124.0;0.0;4.0;88.0;31.0;1.0;18.0;225.0;37.0;63.0;125.0;245.0;14.0;173.0;2.0;8.0;131.0;29.0;3.0;34.0;359.0;70.0;125.0;164.0;209.0;6.0;141.0;0.0;8.0;104.0;26.0;3.0;33.0;402.0;118.0;145.0;139.0;176.0;3.0;90.0;0.0;10.0;58.0;19.0;3.0;32.0;474.0;190.0;142.0;142.0;142.0;1.0;61.0;0.0;9.0;46.0;6.0;0.0;39.0;528.0;300.0;131.0;97.0;117.0;0.0;62.0;0.0;8.0;49.0;4.0;1.0;54.0;473.0;360.0;47.0;66.0;70.0;0.0;45.0;0.0;7.0;32.0;5.0;1.0;59.0;445.0;370.0;36.0;39.0;22.0;0.0;28.0;0.0;16.0;9.0;3.0;0.0;487.0;900.0;799.0;51.0;50.0;15.0;0.0;29.0;0.0;11.0;16.0;0.0;2.0;4059.0;4153.0;970.0;689.0;2.51;2.24;2.24;90.92;633.0;528.0;2519.0;1098.0;582.0;452.0;2530.0;1529.0;0.0;0.0;0.0;0.0;0.0;0.0;0.0;0.0;0.0;1.0;0.0;0.0;0.0;0.0;0.0;0.0;2.62;0.52;11.36;0.01;1.24;1.24;0.0;0.29;0.1;0.24;0.0;0.91;0.88;8.27;0.0;21.25;0.0;0.0;0.0;50.56;0.05;0.39;0.08;0.0;0.0;5.97;0.0;0.0;0.0;0.0;0.0;0.0;0.0;0.0;0.0;0.0;0.0;36.43;0.0;0.0;0.0;7.14;0.0;0.0;0.0;0.0;0.0;0.0;0.0;0.0;0.0;0.0;0.0;0.0;0.0;0.0;0.0;0.0;0.0;0.0;0.0;0.0;0.0;0.0;0.0;0.0;0.0;0.0;0.0;0.0;0.0;0.0;0.0;0.0;0.0;0.0;0.0;0.0;0.0;0.0;0.0;0.0;0.0;0.0;0.0;0.0;0.0;0.0;0.0;0.0;0.0;0.0;0.0;0.0;99.99;50.45;0;0;0;0;0;0;0;0;0;0;0;0;0;0;0;0;0;0;0;1
RESENDE;2.0;318.0;0.0;40.0;278.0;179.0;2.0;0.0;0.0;0.0;0.0;0.0;0.0;3.0;86.0;4.0;4.0;78.0;362.0;11.0;89.0;4.0;0.0;70.0;15.0;0.0;10.0;134.0;6.0;20.0;108.0;218.0;10.0;120.0;3.0;0.0;76.0;41.0;0.0;9.0;189.0;17.0;65.0;107.0;173.0;10.0;111.0;1.0;1.0;80.0;26.0;3.0;16.0;255.0;57.0;77.0;121.0;164.0;9.0;94.0;0.0;5.0;70.0;18.0;1.0;30.0;359.0;111.0;99.0;149.0;141.0;1.0;89.0;0.0;2.0;76.0;6.0;5.0;50.0;493.0;197.0;148.0;148.0;122.0;1.0;79.0;0.0;9.0;62.0;6.0;2.0;64.0;630.0;337.0;165.0;128.0;105.0;3.0;48.0;0.0;3.0;40.0;5.0;0.0;76.0;660.0;445.0;129.0;86.0;64.0;0.0;32.0;0.0;0.0;29.0;2.0;1.0;99.0;584.0;429.0;85.0;70.0;51.0;0.0;29.0;0.0;1.0;26.0;2.0;0.0;110.0;513.0;430.0;46.0;37.0;30.0;0.0;20.0;0.0;2.0;18.0;0.0;0.0;111.0;466.0;412.0;30.0;24.0;12.0;0.0;9.0;0.0;5.0;4.0;0.0;0.0;579.0;672.0;625.0;34.0;13.0;13.0;0.0;22.0;0.0;7.0;14.0;1.0;0.0;3829.0;4798.0;927.0;497.0;0.5;0.77;0.77;0.0;598.0;539.0;2660.0;1101.0;512.0;513.0;2672.0;1456.0;0.0;0.0;0.0;0.0;0.0;0.0;0.0;0.0;1.0;0.0;0.0;0.0;0.0;1.0;0.0;0.01;1.01;0.88;4.62;0.09;0.68;1.08;0.0;0.29;0.04;0.04;0.01;1.33;0.33;0.89;0.0;40.64;0.0;0.0;0.0;47.02;0.2;0.53;0.3;0.0;0.0;0.0;0.0;0.0;0.0;0.0;0.0;0.0;0.0;0.0;0.0;0.0;0.0;50.53;0.0;0.0;0.0;0.94;0.0;0.0;0.0;0.0;0.0;0.0;0.0;0.0;0.0;0.0;0.0;0.0;0.0;0.0;0.0;0.0;0.0;0.0;0.0;0.0;0.0;0.0;0.0;0.0;0.0;0.0;0.0;0.0;0.0;0.0;0.0;0.0;0.0;0.0;0.0;0.0;0.0;0.0;0.0;0.0;0.0;0.0;0.0;0.0;0.0;0.0;0.0;0.0;0.0;0.0;0.0;0.0;100.0;48.53;0;0;0;0;0;0;0;0;0;0;0;0;0;0;0;0;0;0;1;0
RIBEIRA BRAVA;7.0;556.0;0.0;89.0;467.0;259.0;0.0;1.0;1.0;0.0;0.0;0.0;0.0;8.0;135.0;4.0;28.0;103.0;446.0;10.0;160.0;9.0;0.0;129.0;22.0;0.0;8.0;161.0;2.0;49.0;110.0;264.0;16.0;180.0;5.0;0.0;105.0;70.0;0.0;19.0;204.0;22.0;62.0;120.0;194.0;19.0;184.0;3.0;1.0;118.0;59.0;3.0;24.0;355.0;51.0;105.0;199.0;219.0;11.0;167.0;1.0;2.0;132.0;32.0;0.0;34.0;431.0;81.0;167.0;183.0;248.0;15.0;178.0;0.0;14.0;149.0;14.0;1.0;50.0;577.0;201.0;237.0;139.0;211.0;15.0;184.0;0.0;6.0;156.0;18.0;4.0;98.0;656.0;344.0;209.0;103.0;148.0;7.0;112.0;0.0;9.0;88.0;12.0;3.0;128.0;697.0;461.0;149.0;87.0;103.0;0.0;80.0;0.0;7.0;63.0;9.0;1.0;112.0;630.0;462.0;111.0;57.0;61.0;0.0;48.0;0.0;5.0;33.0;9.0;1.0;119.0;562.0;503.0;32.0;27.0;33.0;0.0;29.0;0.0;10.0;17.0;2.0;0.0;148.0;468.0;426.0;23.0;19.0;8.0;0.0;15.0;0.0;5.0;8.0;0.0;2.0;632.0;602.0;568.0;22.0;12.0;11.0;0.0;11.0;0.0;3.0;6.0;2.0;0.0;5842.0;4918.0;1121.0;799.0;1.59;3.41;3.41;68.16;821.0;783.0;3229.0;934.0;791.0;799.0;3619.0;1704.0;19.5;0.0;0.0;0.0;0.0;0.0;0.0;0.0;0.0;1.0;0.0;0.0;0.0;1.0;0.0;0.72;3.05;0.0;8.37;0.41;0.85;1.8;2.49;0.65;0.5;0.46;0.0;2.55;1.58;1.73;0.0;0.0;45.78;0.0;0.14;27.61;0.8;0.52;0.0;0.0;0.0;8.37;0.0;0.0;0.0;0.0;0.0;0.0;0.0;0.0;0.0;0.0;0.0;21.67;2.14;0.0;0.0;1.81;0.0;0.0;0.0;0.0;0.0;0.0;0.0;0.0;0.0;0.0;0.0;0.0;0.0;0.0;0.0;0.0;0.0;0.0;0.0;0.0;0.0;0.0;0.0;0.0;0.0;0.0;0.0;0.0;0.0;0.0;0.0;0.0;0.0;0.0;0.0;0.0;0.0;0.0;0.0;0.0;0.0;0.0;0.0;0.0;0.0;0.0;0.0;0.0;0.0;0.0;0.0;0.0;100.0;66.01;0;0;0;0;0;0;0;0;0;0;0;1;0;0;0;0;0;0;0;0
RIBEIRA DE PENA;2.0;164.0;1.0;22.0;141.0;92.0;0.0;1.0;1.0;0.0;0.0;0.0;0.0;1.0;39.0;1.0;2.0;36.0;139.0;5.0;59.0;2.0;0.0;54.0;3.0;0.0;4.0;54.0;0.0;11.0;43.0;108.0;6.0;66.0;3.0;0.0;35.0;28.0;0.0;2.0;85.0;4.0;23.0;58.0;105.0;13.0;54.0;0.0;0.0;39.0;15.0;0.0;4.0;120.0;9.0;38.0;73.0;96.0;5.0;59.0;0.0;1.0;48.0;9.0;1.0;16.0;170.0;21.0;69.0;80.0;92.0;3.0;58.0;0.0;4.0;44.0;10.0;0.0;19.0;252.0;75.0;111.0;66.0;87.0;1.0;37.0;0.0;3.0;32.0;2.0;0.0;37.0;291.0;101.0;121.0;69.0;42.0;1.0;18.0;0.0;1.0;15.0;2.0;0.0;47.0;352.0;208.0;93.0;51.0;49.0;0.0;10.0;0.0;1.0;8.0;0.0;1.0;78.0;428.0;294.0;76.0;58.0;41.0;0.0;14.0;0.0;1.0;10.0;2.0;1.0;95.0;351.0;307.0;14.0;30.0;22.0;0.0;18.0;0.0;3.0;14.0;1.0;0.0;90.0;282.0;252.0;15.0;15.0;4.0;0.0;14.0;0.0;8.0;6.0;0.0;0.0;421.0;521.0;483.0;10.0;28.0;9.0;0.0;17.0;0.0;12.0;5.0;0.0;0.0;2181.0;2807.0;599.0;297.0;0.58;0.97;0.97;0.0;344.0;254.0;1464.0;838.0;270.0;248.0;1460.0;1006.0;0.0;0.0;0.0;0.0;0.0;0.0;0.0;0.0;1.0;0.0;0.0;0.0;0.0;0.0;0.0;0.0;1.0;1.71;4.33;0.1;0.57;0.99;0.0;0.33;0.21;0.02;0.26;0.5;0.27;1.28;0.0;41.21;0.0;0.0;0.0;46.67;0.0;0.56;0.0;0.0;0.0;1.06;0.0;0.0;0.0;0.0;0.0;0.0;0.0;0.0;0.0;0.0;0.0;56.44;0.0;0.0;0.0;0.48;0.0;0.0;0.0;0.0;0.0;0.0;0.0;0.0;0.0;0.0;0.0;0.0;0.0;0.0;0.0;0.0;0.0;0.0;0.0;0.0;0.0;0.0;0.0;0.0;0.0;0.0;0.0;0.0;0.0;0.0;0.0;0.0;0.0;0.0;0.0;0.0;0.0;0.0;0.0;0.0;0.0;0.0;0.0;0.0;0.0;0.0;0.0;0.0;0.0;0.0;0.0;0.0;100.0;42.02;0;0;0;0;0;0;0;0;0;0;0;0;0;0;0;0;0;1;0;0
RIBEIRA GRANDE;60.0;1589.0;90.0;369.0;1130.0;608.0;1.0;5.0;5.0;0.0;0.0;0.0;0.0;45.0;863.0;106.0;248.0;509.0;968.0;42.0;284.0;9.0;0.0;237.0;38.0;0.0;60.0;906.0;111.0;225.0;570.0;684.0;60.0;354.0;8.0;0.0;210.0;133.0;3.0;102.0;1161.0;228.0;334.0;599.0;561.0;83.0;346.0;7.0;4.0;207.0;124.0;4.0;138.0;1431.0;282.0;498.0;651.0;523.0;54.0;388.0;5.0;3.0;279.0;100.0;1.0;171.0;1586.0;373.0;596.0;617.0;495.0;39.0;431.0;1.0;10.0;343.0;68.0;9.0;167.0;1589.0;538.0;659.0;392.0;340.0;24.0;328.0;0.0;10.0;278.0;38.0;2.0;138.0;1504.0;550.0;674.0;280.0;231.0;2.0;177.0;0.0;9.0;142.0;18.0;8.0;165.0;1415.0;662.0;502.0;251.0;189.0;1.0;157.0;0.0;13.0;121.0;19.0;4.0;159.0;1301.0;779.0;379.0;143.0;134.0;0.0;83.0;0.0;3.0;62.0;13.0;5.0;125.0;930.0;777.0;68.0;85.0;63.0;0.0;71.0;0.0;17.0;46.0;5.0;3.0;62.0;634.0;546.0;37.0;51.0;25.0;0.0;43.0;0.0;17.0;19.0;5.0;2.0;385.0;930.0;835.0;31.0;64.0;29.0;0.0;44.0;0.0;18.0;22.0;3.0;1.0;14842.0;12997.0;1654.0;1895.0;0.71;0.82;0.82;73.02;2989.0;2343.0;8859.0;1414.0;2916.0;2122.0;8818.0;1927.0;57.7;0.0;0.0;0.0;0.0;0.0;0.0;0.0;0.0;1.0;0.0;0.0;0.0;1.0;0.0;0.34;5.37;0.0;8.73;0.04;2.42;2.95;0.0;0.69;0.08;0.22;0.0;1.57;1.5;1.36;0.49;0.0;0.0;31.17;0.0;42.66;0.0;0.24;0.16;0.0;1.89;1.58;0.0;0.0;0.0;0.0;0.0;0.0;0.0;0.0;0.0;0.0;0.0;32.78;0.0;0.0;0.0;0.82;0.0;0.0;0.0;0.0;0.0;0.0;0.0;0.0;0.0;0.0;0.0;0.0;0.0;0.0;0.0;0.0;0.0;0.0;0.0;0.0;0.0;0.0;0.0;0.0;0.0;0.0;0.0;0.0;0.0;0.0;0.0;0.0;0.0;0.0;0.0;0.0;0.0;0.0;0.0;0.0;0.0;0.0;0.0;0.0;0.0;0.0;0.0;0.0;0.0;0.0;0.0;0.0;100.0;62.93;0;1;0;0;0;0;0;0;0;0;0;0;0;0;0;0;0;0;0;0
RIO MAIOR;19.0;701.0;5.0;89.0;607.0;351.0;1.0;2.0;2.0;0.0;0.0;0.0;0.0;24.0;197.0;6.0;30.0;161.0;662.0;21.0;259.0;18.0;0.0;202.0;39.0;0.0;32.0;250.0;7.0;30.0;213.0;464.0;40.0;303.0;6.0;0.0;219.0;78.0;0.0;34.0;359.0;13.0;71.0;275.0;407.0;54.0;282.0;2.0;4.0;195.0;76.0;5.0;29.0;473.0;30.0;100.0;343.0;487.0;58.0;274.0;3.0;11.0;217.0;39.0;4.0;32.0;598.0;47.0;195.0;356.0;502.0;30.0;300.0;0.0;22.0;239.0;31.0;8.0;38.0;785.0;144.0;247.0;394.0;476.0;28.0;297.0;0.0;37.0;219.0;33.0;8.0;37.0;880.0;224.0;299.0;357.0;337.0;15.0;215.0;0.0;15.0;178.0;16.0;6.0;49.0;980.0;395.0;294.0;291.0;292.0;2.0;152.0;0.0;8.0;114.0;27.0;3.0;65.0;972.0;494.0;250.0;228.0;200.0;0.0;110.0;0.0;13.0;85.0;10.0;2.0;69.0;1003.0;731.0;111.0;161.0;131.0;0.0;92.0;0.0;24.0;57.0;8.0;3.0;106.0;959.0;766.0;80.0;113.0;64.0;0.0;56.0;0.0;9.0;42.0;4.0;1.0;710.0;1732.0;1518.0;96.0;118.0;53.0;0.0;53.0;0.0;24.0;26.0;2.0;1.0;8882.0;8566.0;1737.0;1819.0;3.47;7.07;7.07;89.83;1425.0;1191.0;5447.0;2176.0;1376.0;1046.0;5491.0;2852.0;0.0;0.0;0.0;0.0;0.0;0.0;0.0;0.0;0.0;1.0;0.0;0.0;0.0;1.0;0.0;0.0;3.3;2.23;9.49;0.19;1.48;2.72;0.0;0.8;0.17;0.08;0.0;1.0;0.8;3.48;0.0;33.53;0.0;0.0;0.0;40.22;0.07;0.33;0.1;0.0;1.5;4.22;0.0;0.0;0.0;0.0;0.0;0.0;0.0;0.0;0.0;0.0;0.0;29.89;0.0;0.0;0.0;5.3;0.0;0.0;0.0;0.0;0.0;0.0;0.0;0.0;0.0;0.0;0.0;0.0;0.0;0.0;0.0;0.0;0.0;0.0;0.0;0.0;0.0;0.0;0.0;0.0;0.0;0.0;0.0;0.0;0.0;0.0;0.0;0.0;0.0;0.0;0.0;0.0;0.0;0.0;0.0;0.0;0.0;0.0;0.0;0.0;0.0;0.0;0.0;0.0;0.0;0.0;0.0;0.0;100.0;59.09;0;0;0;0;0;0;0;0;0;0;0;0;0;0;1;0;0;0;0;0
SABROSA;2.0;159.0;0.0;23.0;136.0;92.0;0.0;0.0;0.0;0.0;0.0;0.0;0.0;12.0;37.0;1.0;2.0;34.0;147.0;3.0;47.0;5.0;0.0;33.0;9.0;0.0;7.0;48.0;1.0;7.0;40.0;94.0;11.0;71.0;2.0;0.0;42.0;27.0;0.0;12.0;68.0;3.0;23.0;42.0;87.0;14.0;59.0;0.0;0.0;43.0;15.0;1.0;9.0;111.0;11.0;35.0;65.0;100.0;3.0;39.0;0.0;0.0;31.0;8.0;0.0;9.0;157.0;35.0;42.0;80.0;96.0;4.0;53.0;0.0;3.0;44.0;6.0;0.0;13.0;242.0;61.0;87.0;94.0;76.0;4.0;50.0;0.0;6.0;40.0;2.0;2.0;24.0;211.0;66.0;88.0;57.0;68.0;1.0;32.0;0.0;3.0;26.0;1.0;2.0;29.0;333.0;192.0;72.0;69.0;43.0;1.0;32.0;0.0;4.0;23.0;4.0;1.0;33.0;393.0;291.0;50.0;52.0;35.0;0.0;21.0;0.0;3.0;14.0;4.0;0.0;49.0;377.0;309.0;39.0;29.0;20.0;0.0;23.0;0.0;1.0;21.0;0.0;1.0;39.0;371.0;329.0;25.0;17.0;10.0;0.0;10.0;0.0;7.0;3.0;0.0;0.0;289.0;590.0;533.0;30.0;27.0;11.0;0.0;21.0;0.0;8.0;10.0;2.0;1.0;1986.0;2635.0;587.0;340.0;1.02;1.06;1.06;0.0;262.0;244.0;1342.0;813.0;284.0;255.0;1351.0;997.0;0.0;0.0;0.0;0.0;0.0;0.0;0.0;0.0;0.0;1.0;0.0;0.0;0.0;0.0;0.0;0.0;2.54;2.11;8.13;0.08;0.94;1.4;0.0;0.13;0.15;0.03;0.2;1.69;0.5;1.67;0.0;36.26;0.0;0.0;0.0;43.39;0.0;0.78;0.0;0.0;0.0;1.05;0.0;0.0;0.0;0.0;0.0;0.0;0.0;0.0;0.0;0.0;0.0;29.84;0.0;0.0;0.0;1.4;0.0;0.0;0.0;0.0;0.0;0.0;0.0;0.0;0.0;0.0;0.0;0.0;0.0;0.0;0.0;0.0;0.0;0.0;0.0;0.0;0.0;0.0;0.0;0.0;0.0;0.0;0.0;0.0;0.0;28.25;0.0;0.0;0.0;0.0;0.0;0.0;0.0;0.0;0.0;0.0;0.0;0.0;0.0;0.0;0.0;0.0;0.0;0.0;0.0;0.0;0.0;0.0;96.92;36.38;0;0;0;0;0;0;0;0;0;0;0;0;0;0;0;0;0;1;0;0
SABUGAL;5.0;201.0;9.0;22.0;170.0;142.0;0.0;0.0;0.0;0.0;0.0;0.0;0.0;2.0;44.0;9.0;5.0;30.0;230.0;11.0;95.0;8.0;0.0;80.0;7.0;0.0;6.0;68.0;8.0;12.0;48.0;146.0;12.0;117.0;3.0;0.0;67.0;44.0;3.0;6.0;103.0;12.0;13.0;78.0;128.0;15.0;122.0;3.0;0.0;82.0;36.0;1.0;11.0;173.0;20.0;31.0;122.0;151.0;12.0;132.0;2.0;3.0;102.0;24.0;1.0;12.0;203.0;25.0;51.0;127.0;152.0;2.0;119.0;0.0;8.0;93.0;16.0;2.0;25.0;285.0;60.0;87.0;138.0;136.0;5.0;89.0;0.0;12.0;60.0;16.0;1.0;28.0;438.0;133.0;122.0;183.0;151.0;7.0;58.0;0.0;7.0;39.0;11.0;1.0;47.0;542.0;240.0;105.0;197.0;149.0;0.0;48.0;0.0;7.0;35.0;4.0;2.0;45.0;722.0;437.0;124.0;161.0;144.0;0.0;57.0;0.0;6.0;49.0;2.0;0.0;74.0;778.0;605.0;68.0;105.0;86.0;0.0;76.0;0.0;15.0;59.0;0.0;2.0;107.0;793.0;666.0;57.0;70.0;41.0;0.0;48.0;0.0;13.0;31.0;4.0;0.0;1040.0;1933.0;1789.0;67.0;77.0;36.0;0.0;61.0;0.0;21.0;34.0;6.0;0.0;3590.0;5374.0;1781.0;535.0;1.22;1.72;1.72;0.0;402.0;368.0;2398.0;2159.0;409.0;362.0;2268.0;2914.0;26.7;0.0;0.0;0.0;0.0;0.0;0.0;0.0;0.0;1.0;0.0;0.0;0.0;0.0;0.0;0.0;2.89;2.66;11.03;0.28;1.44;1.42;0.0;0.44;0.1;0.25;0.0;1.29;0.68;1.24;0.0;31.67;0.0;0.0;0.0;43.59;0.07;0.73;0.23;0.0;0.0;2.97;0.0;0.0;0.0;0.0;0.0;0.0;0.0;0.0;0.0;0.0;0.0;41.97;0.0;0.0;0.0;1.6;0.0;0.0;0.0;0.0;0.0;0.0;0.0;0.0;0.0;0.0;0.0;0.0;0.0;0.0;0.0;0.0;0.0;0.0;0.0;0.0;0.0;0.0;0.0;0.0;0.0;0.0;0.0;0.0;0.0;0.0;0.0;0.0;0.0;0.0;0.0;0.0;0.0;0.0;0.0;0.0;0.0;0.0;0.0;0.0;0.0;0.0;0.0;0.0;0.0;0.0;0.0;0.0;100.0;53.46;0;0;0;0;0;0;0;0;1;0;0;0;0;0;0;0;0;0;0;0
SALVATERRA DE MAGOS;9.0;740.0;8.0;108.0;624.0;376.0;2.0;3.0;3.0;0.0;0.0;0.0;0.0;6.0;214.0;8.0;31.0;175.0;624.0;30.0;220.0;22.0;0.0;176.0;22.0;0.0;9.0;210.0;10.0;37.0;163.0;408.0;42.0;248.0;10.0;0.0;159.0;78.0;1.0;13.0;281.0;18.0;71.0;192.0;363.0;46.0;232.0;6.0;1.0;158.0;62.0;5.0;29.0;467.0;41.0;107.0;319.0;397.0;36.0;282.0;4.0;9.0;211.0;54.0;4.0;35.0;650.0;78.0;197.0;375.0;477.0;36.0;302.0;5.0;12.0;245.0;35.0;5.0;34.0;867.0;133.0;309.0;425.0;502.0;34.0;260.0;0.0;25.0;210.0;23.0;2.0;45.0;977.0;241.0;369.0;367.0;362.0;11.0;169.0;0.0;21.0;121.0;22.0;5.0;59.0;1095.0;428.0;331.0;336.0;277.0;2.0;125.0;0.0;15.0;91.0;13.0;6.0;76.0;1105.0;592.0;288.0;225.0;209.0;0.0;115.0;0.0;20.0;79.0;12.0;4.0;119.0;1093.0;827.0;117.0;149.0;135.0;0.0;85.0;0.0;18.0;62.0;2.0;3.0;137.0;1157.0;970.0;73.0;114.0;55.0;0.0;57.0;0.0;14.0;36.0;2.0;5.0;1184.0;1677.0;1472.0;95.0;110.0;53.0;0.0;54.0;0.0;20.0;30.0;3.0;1.0;8755.0;8991.0;2079.0;1782.0;2.22;2.8;2.8;81.18;1355.0;1130.0;5367.0;2505.0;1335.0;1094.0;5520.0;3301.0;0.0;0.0;0.0;0.0;0.0;0.0;0.0;0.0;1.0;0.0;0.0;0.0;0.0;1.0;0.0;0.0;5.87;1.34;12.97;0.08;1.12;3.12;0.0;0.7;0.16;0.08;0.0;1.2;1.04;6.35;0.0;15.54;0.0;0.0;0.0;49.88;0.02;0.43;0.1;0.0;13.94;14.11;0.0;0.0;0.0;0.0;0.0;0.0;0.0;0.0;0.0;0.0;0.0;52.64;0.0;0.0;0.0;9.44;0.0;0.0;0.0;0.0;0.0;0.0;0.0;0.0;0.0;0.0;0.0;0.0;0.0;0.0;0.0;0.0;0.0;0.0;0.0;0.0;0.0;0.0;0.0;0.0;0.0;0.0;0.0;0.0;0.0;0.0;0.0;0.0;0.0;0.0;0.0;0.0;0.0;0.0;0.0;0.0;0.0;0.0;0.0;0.0;0.0;0.0;0.0;0.0;0.0;0.0;0.0;0.0;99.99;9.86;0;0;0;0;0;0;0;0;0;0;0;0;0;0;1;0;0;0;0;0
SANTA COMBA DAO;2.0;293.0;0.0;34.0;259.0;188.0;0.0;1.0;1.0;0.0;0.0;0.0;0.0;7.0;72.0;3.0;1.0;68.0;288.0;6.0;124.0;8.0;0.0;88.0;28.0;0.0;11.0;86.0;4.0;6.0;76.0;166.0;11.0;146.0;3.0;0.0;97.0;44.0;2.0;10.0;134.0;4.0;33.0;97.0;143.0;11.0;127.0;3.0;1.0;76.0;47.0;0.0;15.0;187.0;8.0;39.0;140.0;184.0;17.0;138.0;2.0;6.0;97.0;32.0;1.0;13.0;297.0;28.0;110.0;159.0;233.0;13.0;159.0;0.0;9.0;121.0;26.0;3.0;31.0;388.0;66.0;145.0;177.0;181.0;9.0;117.0;0.0;18.0;81.0;16.0;2.0;22.0;426.0;113.0;158.0;155.0;134.0;7.0;86.0;0.0;2.0;68.0;11.0;5.0;32.0;509.0;200.0;151.0;158.0;115.0;0.0;60.0;0.0;8.0;45.0;6.0;1.0;44.0;609.0;279.0;183.0;147.0;100.0;0.0;61.0;0.0;3.0;52.0;6.0;0.0;56.0;640.0;471.0;79.0;90.0;78.0;0.0;54.0;0.0;13.0;36.0;4.0;1.0;72.0;675.0;544.0;60.0;71.0;29.0;0.0;41.0;0.0;15.0;24.0;2.0;0.0;429.0;1318.0;1184.0;56.0;78.0;26.0;0.0;41.0;0.0;26.0;15.0;0.0;0.0;3709.0;5088.0;1123.0;721.0;1.49;2.7;2.7;0.0;609.0;489.0;2402.0;1523.0;560.0;492.0;2630.0;1936.0;27.9;0.0;0.0;0.0;0.0;0.0;0.0;0.0;1.0;0.0;0.0;0.0;0.0;1.0;0.0;0.02;3.22;1.44;6.4;0.08;1.7;2.29;0.0;0.57;0.06;0.04;0.04;1.37;0.7;1.17;0.0;36.79;0.0;0.0;0.0;43.41;0.05;0.48;0.19;0.0;0.0;0.0;0.0;0.0;0.0;0.0;0.0;0.0;0.0;0.0;0.0;0.0;0.0;55.52;0.0;0.0;0.0;2.91;0.0;0.0;0.0;0.0;0.0;0.0;0.0;0.0;0.0;0.0;0.0;0.0;0.0;0.0;0.0;0.0;0.0;0.0;0.0;0.0;0.0;0.0;0.0;0.0;0.0;0.0;0.0;0.0;0.0;0.0;0.0;0.0;0.0;0.0;0.0;0.0;0.0;0.0;0.0;0.0;0.0;0.0;0.0;0.0;0.0;0.0;0.0;0.0;0.0;0.0;0.0;0.0;100.0;41.57;0;0;0;0;0;0;0;0;0;0;0;0;0;0;0;0;0;0;1;0
SANTA CRUZ;23.0;1546.0;3.0;204.0;1339.0;906.0;0.0;1.0;1.0;0.0;0.0;0.0;0.0;17.0;298.0;9.0;38.0;251.0;1379.0;26.0;514.0;19.0;0.0;428.0;67.0;0.0;38.0;422.0;17.0;79.0;326.0;863.0;88.0;719.0;17.0;0.0;427.0;269.0;6.0;36.0;690.0;46.0;174.0;470.0;839.0;129.0;711.0;15.0;3.0;439.0;243.0;11.0;59.0;1003.0;78.0;215.0;710.0;1036.0;130.0;900.0;9.0;27.0;693.0;159.0;12.0;85.0;1351.0;104.0;434.0;813.0;1315.0;127.0;1173.0;3.0;61.0;962.0;135.0;12.0;93.0;1645.0;266.0;698.0;681.0;1200.0;109.0;931.0;0.0;63.0;752.0;102.0;14.0;133.0;1958.0;555.0;857.0;546.0;829.0;57.0;561.0;0.0;35.0;457.0;54.0;15.0;186.0;2020.0;910.0;635.0;475.0;595.0;7.0;397.0;0.0;38.0;305.0;38.0;16.0;155.0;1714.0;1041.0;353.0;320.0;378.0;0.0;273.0;0.0;31.0;209.0;28.0;5.0;182.0;1527.0;1218.0;163.0;146.0;181.0;0.0;157.0;0.0;29.0;101.0;22.0;5.0;183.0;1178.0;974.0;91.0;113.0;78.0;0.0;80.0;0.0;20.0;48.0;7.0;5.0;837.0;1660.0;1460.0;87.0;113.0;65.0;0.0;61.0;0.0;26.0;30.0;3.0;2.0;20362.0;15753.0;2460.0;3593.0;2.41;2.58;2.58;76.1;3203.0;2374.0;12022.0;2553.0;3111.0;2336.0;12933.0;3636.0;17.3;0.0;0.0;0.0;0.0;0.0;0.0;0.0;1.0;0.0;0.0;0.0;0.0;0.0;0.0;0.45;2.51;0.0;4.67;0.15;0.61;2.65;30.64;0.61;0.09;0.21;0.0;1.61;1.41;1.57;0.0;0.0;27.37;0.0;0.4;24.22;0.52;0.31;0.0;0.0;0.0;2.33;0.0;1.07;0.0;0.0;0.0;0.0;0.0;0.0;0.0;0.0;0.0;63.34;1.72;0.45;0.0;1.69;0.0;0.0;0.0;0.0;0.0;0.0;0.0;0.0;0.0;0.0;0.0;0.0;0.0;0.0;0.0;0.0;0.0;0.0;0.0;0.0;0.0;0.0;0.0;0.0;0.0;0.0;0.0;0.0;0.0;0.0;0.0;0.0;0.0;0.0;0.0;0.0;0.0;0.0;0.0;0.0;0.0;0.0;0.0;0.0;0.0;0.0;0.0;0.0;0.0;0.0;0.0;0.0;99.34;28.74;0;0;0;0;0;0;0;0;0;0;0;1;0;0;0;0;0;0;0;0
SANTA CRUZ DA GRACIOSA;1.0;138.0;1.0;32.0;105.0;59.0;0.0;1.0;1.0;0.0;0.0;0.0;0.0;2.0;68.0;5.0;25.0;38.0;110.0;7.0;38.0;4.0;0.0;26.0;8.0;0.0;2.0;86.0;5.0;13.0;68.0;64.0;2.0;63.0;1.0;0.0;39.0;21.0;2.0;4.0;119.0;14.0;34.0;71.0;72.0;5.0;54.0;1.0;0.0;40.0;11.0;2.0;1.0;129.0;14.0;29.0;86.0;71.0;7.0;51.0;0.0;0.0;44.0;7.0;0.0;11.0;188.0;19.0;91.0;78.0;70.0;4.0;46.0;1.0;2.0;39.0;3.0;1.0;8.0;189.0;39.0;98.0;52.0;30.0;3.0;37.0;0.0;2.0;32.0;3.0;0.0;19.0;194.0;77.0;87.0;30.0;19.0;2.0;21.0;0.0;0.0;18.0;3.0;0.0;19.0;232.0;155.0;38.0;39.0;37.0;0.0;30.0;0.0;3.0;24.0;3.0;0.0;17.0;228.0;184.0;15.0;29.0;34.0;0.0;17.0;0.0;2.0;12.0;2.0;1.0;23.0;198.0;167.0;14.0;17.0;10.0;0.0;22.0;0.0;8.0;13.0;1.0;0.0;16.0;176.0;157.0;8.0;11.0;11.0;0.0;6.0;0.0;4.0;2.0;0.0;0.0;96.0;314.0;297.0;6.0;11.0;8.0;0.0;10.0;0.0;7.0;2.0;0.0;1.0;1760.0;1659.0;387.0;284.0;1.84;1.05;1.05;78.41;317.0;219.0;1094.0;390.0;274.0;205.0;1091.0;500.0;31.4;0.0;0.0;0.0;0.0;0.0;0.0;0.0;0.0;1.0;0.0;0.0;0.0;0.0;0.0;0.73;1.9;0.0;2.87;0.1;2.88;2.46;0.0;0.52;0.14;0.2;0.0;1.16;0.78;0.84;0.07;0.0;0.0;37.48;0.0;47.46;0.0;0.42;0.0;0.0;0.0;0.0;0.0;0.0;0.0;0.0;0.0;0.0;0.0;0.0;0.0;0.0;0.0;40.31;0.0;0.0;0.0;0.0;0.0;0.0;0.0;0.0;0.0;0.0;0.0;0.0;0.0;0.0;0.0;0.0;0.0;0.0;0.0;0.0;0.0;0.0;0.0;0.0;0.0;0.0;0.0;0.0;0.0;0.0;0.0;0.0;0.0;0.0;0.0;0.0;0.0;0.0;0.0;0.0;0.0;0.0;0.0;0.0;0.0;0.0;0.0;0.0;0.0;0.0;0.0;0.0;0.0;0.0;0.0;0.0;100.0;59.69;0;1;0;0;0;0;0;0;0;0;0;0;0;0;0;0;0;0;0;0
SANTA CRUZ DAS FLORES;0.0;59.0;0.0;8.0;51.0;22.0;0.0;0.0;0.0;0.0;0.0;0.0;0.0;1.0;37.0;0.0;9.0;28.0;60.0;1.0;7.0;0.0;0.0;4.0;3.0;0.0;0.0;38.0;4.0;6.0;28.0;26.0;4.0;31.0;0.0;0.0;20.0;11.0;0.0;1.0;68.0;1.0;14.0;53.0;39.0;2.0;30.0;2.0;0.0;16.0;11.0;1.0;4.0;59.0;4.0;15.0;40.0;40.0;7.0;34.0;1.0;1.0;26.0;6.0;0.0;4.0;80.0;8.0;28.0;44.0;50.0;1.0;41.0;0.0;3.0;35.0;3.0;0.0;5.0;105.0;16.0;43.0;46.0;22.0;1.0;21.0;0.0;2.0;17.0;2.0;0.0;4.0;104.0;33.0;36.0;35.0;22.0;0.0;12.0;0.0;0.0;12.0;0.0;0.0;4.0;130.0;66.0;33.0;31.0;23.0;0.0;10.0;0.0;1.0;7.0;2.0;0.0;12.0;109.0;75.0;13.0;21.0;12.0;0.0;13.0;0.0;1.0;10.0;0.0;2.0;9.0;95.0;75.0;5.0;15.0;11.0;0.0;6.0;0.0;2.0;2.0;1.0;1.0;16.0;65.0;53.0;3.0;9.0;3.0;0.0;3.0;0.0;1.0;2.0;0.0;0.0;35.0;138.0;114.0;4.0;20.0;5.0;0.0;1.0;0.0;0.0;1.0;0.0;0.0;951.0;697.0;152.0;220.0;4.15;1.88;1.88;83.96;145.0;86.0;612.0;167.0;133.0;101.0;556.0;220.0;36.4;0.0;0.0;0.0;0.0;0.0;0.0;0.0;1.0;0.0;0.0;0.0;0.0;1.0;0.0;0.27;3.8;0.0;5.67;0.13;5.26;1.09;0.0;0.27;0.2;0.09;0.0;1.54;0.27;2.42;0.82;0.0;0.0;21.96;0.0;54.84;0.0;1.38;0.0;0.0;0.0;0.0;0.0;0.0;0.0;0.0;0.0;0.0;0.0;0.0;0.0;0.0;0.0;63.85;0.0;0.0;0.0;0.0;0.0;0.0;0.0;0.0;0.0;0.0;0.0;0.0;0.0;0.0;0.0;0.0;0.0;0.0;0.0;0.0;0.0;0.0;0.0;0.0;0.0;0.0;0.0;0.0;0.0;0.0;0.0;0.0;0.0;0.0;0.0;0.0;0.0;0.0;0.0;0.0;0.0;0.0;0.0;0.0;0.0;0.0;0.0;0.0;0.0;0.0;0.0;0.0;0.0;0.0;0.0;0.0;100.0;36.15;0;1;0;0;0;0;0;0;0;0;0;0;0;0;0;0;0;0;0;0
SANTA MARIA DA FEIRA;40.0;4332.0;12.0;433.0;3887.0;2706.0;8.0;11.0;11.0;0.0;0.0;0.0;0.0;40.0;1063.0;9.0;127.0;927.0;4560.0;184.0;1926.0;84.0;0.0;1489.0;348.0;5.0;69.0;1318.0;22.0;195.0;1101.0;2995.0;231.0;2704.0;59.0;0.0;1527.0;1101.0;17.0;70.0;1993.0;68.0;462.0;1463.0;2526.0;278.0;2496.0;34.0;18.0;1495.0;904.0;45.0;105.0;2989.0;128.0;730.0;2131.0;2511.0;225.0;2590.0;22.0;89.0;1843.0;577.0;59.0;161.0;4301.0;419.0;1681.0;2201.0;2816.0;190.0;2776.0;3.0;198.0;2172.0;344.0;59.0;222.0;6002.0;1066.0;2702.0;2234.0;2327.0;122.0;2240.0;0.0;248.0;1729.0;219.0;44.0;273.0;7385.0;2072.0;3098.0;2215.0;1659.0;86.0;1292.0;0.0;151.0;966.0;136.0;39.0;348.0;8269.0;3355.0;2823.0;2091.0;1517.0;11.0;893.0;0.0;82.0;666.0;111.0;34.0;492.0;7632.0;4161.0;1979.0;1492.0;1258.0;0.0;639.0;0.0;94.0;459.0;65.0;21.0;542.0;6971.0;5710.0;602.0;659.0;543.0;0.0;507.0;0.0;121.0;342.0;34.0;10.0;582.0;5944.0;5172.0;307.0;465.0;262.0;0.0;334.0;0.0;104.0;198.0;19.0;13.0;3149.0;9179.0;8367.0;338.0;474.0;250.0;0.0;364.0;0.0;149.0;193.0;11.0;11.0;54989.0;63182.0;8630.0;9873.0;1.21;2.01;2.01;0.0;8813.0;7569.0;36889.0;12609.0;8353.0;7301.0;39122.0;16018.0;0.0;0.0;0.0;0.0;0.0;0.0;0.0;0.0;0.0;1.0;0.0;0.0;0.0;0.0;0.0;0.19;4.71;1.64;4.6;0.06;1.13;4.35;0.04;0.66;0.13;0.16;0.0;1.0;1.28;1.54;0.41;33.79;0.0;0.0;0.0;43.73;0.0;0.48;0.12;0.0;0.0;0.0;0.0;0.0;0.0;0.0;0.0;0.0;0.0;0.0;0.0;0.0;0.0;0.0;0.0;0.0;0.0;0.0;0.0;0.0;0.0;0.0;0.0;0.0;0.0;0.0;0.0;0.0;0.0;0.0;0.0;0.0;0.0;0.0;0.0;0.0;0.0;0.0;0.0;0.0;0.0;0.0;0.0;0.0;0.0;0.0;0.0;0.0;0.0;0.0;0.0;0.0;0.0;0.0;0.0;0.0;0.0;0.0;0.0;0.0;0.0;0.0;0.0;0.0;0.0;0.0;0.0;0.0;0.0;0.0;0.0;0.0;1;0;0;0;0;0;0;0;0;0;0;0;0;0;0;0;0;0;0;0
SANTA MARTA DE PENAGUIAO;0.0;168.0;0.0;21.0;147.0;115.0;1.0;1.0;1.0;0.0;0.0;0.0;0.0;4.0;46.0;1.0;5.0;40.0;160.0;6.0;76.0;3.0;0.0;63.0;10.0;0.0;6.0;64.0;1.0;10.0;53.0;99.0;7.0;82.0;1.0;0.0;55.0;26.0;0.0;2.0;81.0;6.0;26.0;49.0;79.0;5.0;52.0;1.0;1.0;39.0;10.0;1.0;11.0;109.0;22.0;23.0;64.0;75.0;6.0;60.0;0.0;0.0;51.0;8.0;1.0;15.0;196.0;44.0;63.0;89.0;111.0;2.0;72.0;0.0;6.0;58.0;8.0;0.0;21.0;239.0;97.0;66.0;76.0;103.0;1.0;60.0;0.0;3.0;47.0;9.0;1.0;37.0;276.0;143.0;73.0;60.0;80.0;2.0;34.0;0.0;3.0;24.0;6.0;1.0;39.0;342.0;208.0;69.0;65.0;57.0;0.0;28.0;0.0;3.0;23.0;2.0;0.0;49.0;454.0;322.0;81.0;51.0;47.0;0.0;26.0;0.0;2.0;19.0;5.0;0.0;76.0;424.0;376.0;25.0;23.0;20.0;0.0;23.0;0.0;4.0;19.0;0.0;0.0;76.0;366.0;328.0;18.0;20.0;12.0;0.0;7.0;0.0;2.0;5.0;0.0;0.0;409.0;519.0;479.0;21.0;19.0;6.0;0.0;12.0;0.0;7.0;3.0;1.0;1.0;2038.0;3064.0;690.0;308.0;1.64;1.02;1.02;0.0;274.0;316.0;1466.0;842.0;270.0;261.0;1563.0;1108.0;0.0;0.0;0.0;0.0;0.0;0.0;0.0;0.0;1.0;0.0;0.0;0.0;0.0;1.0;0.0;0.0;1.58;1.62;5.4;0.0;0.68;1.56;0.0;0.19;0.2;0.0;0.12;0.95;0.58;1.18;0.0;32.33;0.0;0.0;0.0;53.28;0.0;0.24;0.06;0.0;0.0;0.0;0.0;0.0;0.0;0.0;0.0;0.0;0.0;0.0;0.0;0.0;0.0;60.55;0.0;0.0;0.0;2.31;0.0;0.0;0.0;0.0;0.0;0.0;0.0;0.0;0.0;0.0;0.0;0.0;0.0;0.0;0.0;0.0;0.0;0.0;0.0;0.0;0.0;0.0;0.0;0.0;0.0;0.0;0.0;0.0;0.0;0.0;0.0;0.0;0.0;0.0;0.0;0.0;0.0;0.0;0.0;0.0;0.0;0.0;0.0;0.0;0.0;0.0;0.0;0.0;0.0;0.0;0.0;0.0;100.01;37.15;0;0;0;0;0;0;0;0;0;0;0;0;0;0;0;0;0;1;0;0
SANTANA;4.0;202.0;0.0;20.0;182.0;119.0;0.0;0.0;0.0;0.0;0.0;0.0;0.0;1.0;44.0;0.0;3.0;41.0;203.0;3.0;81.0;1.0;0.0;69.0;11.0;0.0;3.0;56.0;2.0;5.0;49.0;109.0;5.0;82.0;2.0;0.0;45.0;34.0;1.0;4.0;89.0;7.0;16.0;66.0;103.0;6.0;91.0;2.0;0.0;56.0;31.0;2.0;5.0;122.0;10.0;30.0;82.0;135.0;12.0;67.0;1.0;3.0;53.0;10.0;0.0;19.0;193.0;41.0;68.0;84.0;108.0;15.0;88.0;0.0;2.0;76.0;9.0;1.0;17.0;251.0;67.0;105.0;79.0;87.0;4.0;79.0;0.0;7.0;60.0;8.0;4.0;23.0;332.0;143.0;123.0;66.0;69.0;3.0;38.0;0.0;2.0;29.0;6.0;1.0;51.0;486.0;323.0;120.0;43.0;58.0;1.0;36.0;0.0;0.0;29.0;4.0;3.0;37.0;430.0;325.0;65.0;40.0;40.0;0.0;20.0;0.0;3.0;14.0;1.0;2.0;45.0;411.0;373.0;22.0;16.0;17.0;0.0;19.0;0.0;3.0;15.0;1.0;0.0;49.0;346.0;308.0;17.0;21.0;10.0;0.0;9.0;0.0;2.0;6.0;1.0;0.0;432.0;510.0;482.0;13.0;15.0;12.0;0.0;10.0;0.0;4.0;5.0;1.0;0.0;2643.0;2740.0;830.0;340.0;1.2;2.04;2.04;64.64;345.0;323.0;1649.0;656.0;307.0;334.0;1725.0;1214.0;16.4;0.0;0.0;0.0;0.0;0.0;0.0;0.0;0.0;1.0;0.0;0.0;0.0;0.0;0.0;0.37;2.5;0.0;3.62;0.2;0.72;2.0;3.82;1.08;0.02;0.4;0.0;1.74;0.99;1.84;0.0;0.0;48.97;0.0;0.1;30.86;0.38;0.39;0.0;0.0;0.0;0.0;0.0;0.0;0.0;0.0;0.0;0.0;0.0;0.0;0.0;0.0;0.0;10.95;0.0;0.61;0.0;0.94;0.0;0.0;0.0;0.0;0.0;0.0;0.0;0.0;0.0;0.0;0.0;0.0;0.0;0.0;0.0;0.0;0.0;0.0;0.0;0.0;0.0;0.0;0.0;0.0;0.0;0.0;0.0;0.0;0.0;0.0;0.0;0.0;0.0;0.0;0.0;0.0;0.0;0.0;0.0;0.0;0.0;0.0;0.0;0.0;0.0;0.0;0.0;0.0;0.0;0.0;0.0;0.0;99.99;87.49;0;0;0;0;0;0;0;0;0;0;0;1;0;0;0;0;0;0;0;0
SANTAREM;28.0;2063.0;25.0;285.0;1753.0;981.0;4.0;4.0;4.0;0.0;0.0;0.0;0.0;32.0;472.0;14.0;95.0;363.0;1690.0;42.0;751.0;56.0;0.0;598.0;94.0;3.0;45.0;451.0;23.0;70.0;358.0;935.0;90.0;1053.0;24.0;0.0;708.0;318.0;3.0;82.0;590.0;40.0;112.0;438.0;861.0;122.0;1063.0;17.0;5.0;707.0;328.0;6.0;74.0;948.0;56.0;201.0;691.0;1040.0;116.0;1194.0;15.0;42.0;859.0;263.0;15.0;77.0;1326.0;117.0;325.0;884.0;1267.0;87.0;1407.0;9.0;64.0;1121.0;185.0;28.0;100.0;1777.0;245.0;613.0;919.0;1284.0;58.0;1338.0;0.0;103.0;1013.0;194.0;28.0;103.0;1893.0;395.0;645.0;853.0;1075.0;46.0;995.0;0.0;96.0;742.0;125.0;32.0;132.0;2166.0;682.0;664.0;820.0;985.0;17.0;859.0;0.0;82.0;633.0;114.0;30.0;158.0;2381.0;1119.0;544.0;718.0;801.0;0.0;679.0;0.0;87.0;490.0;83.0;19.0;190.0;2539.0;1742.0;266.0;531.0;491.0;0.0;508.0;0.0;109.0;348.0;34.0;17.0;223.0;2762.0;2076.0;201.0;485.0;265.0;0.0;349.0;0.0;92.0;220.0;29.0;8.0;1797.0;5580.0;4620.0;351.0;609.0;308.0;0.0;386.0;0.0;153.0;207.0;17.0;9.0;24479.0;23277.0;5248.0;5658.0;3.31;4.62;4.62;99.48;3810.0;3220.0;14295.0;6388.0;3712.0;2847.0;15380.0;9010.0;0.0;0.0;0.0;0.0;0.0;0.0;0.0;0.0;0.0;1.0;0.0;0.0;0.0;0.0;0.0;0.0;3.65;1.82;9.77;0.05;1.07;3.39;0.0;0.59;0.1;0.17;0.0;0.75;0.87;5.65;0.0;26.74;0.0;0.0;0.0;44.8;0.07;0.42;0.09;0.0;4.39;8.27;0.0;2.22;0.0;0.0;0.0;0.0;0.0;1.19;0.0;0.0;0.0;34.69;0.0;0.0;0.0;7.47;0.0;0.0;0.0;0.0;0.0;0.0;0.0;0.0;0.0;0.0;0.0;0.0;0.0;0.0;0.0;0.0;0.0;0.0;0.0;0.0;0.0;0.0;0.0;0.0;0.0;0.0;0.0;0.0;0.0;0.0;0.0;0.0;0.0;0.0;0.0;0.0;0.0;0.0;0.0;0.0;0.0;0.0;0.0;0.0;0.0;0.0;0.0;0.0;0.0;0.0;0.0;0.0;100.0;41.77;0;0;0;0;0;0;0;0;0;0;0;0;0;0;1;0;0;0;0;0
SANTIAGO DO CACEM;5.0;786.0;4.0;107.0;675.0;373.0;1.0;1.0;1.0;0.0;0.0;0.0;0.0;9.0;210.0;4.0;30.0;176.0;658.0;25.0;227.0;18.0;0.0;176.0;33.0;0.0;14.0;231.0;7.0;26.0;198.0;494.0;42.0;320.0;6.0;0.0;216.0;97.0;1.0;17.0;331.0;21.0;48.0;262.0;533.0;73.0;378.0;6.0;3.0;260.0;105.0;4.0;22.0;479.0;19.0;103.0;357.0;705.0;75.0;517.0;11.0;22.0;382.0;100.0;2.0;38.0;673.0;46.0;157.0;470.0;776.0;55.0;483.0;3.0;26.0;379.0;68.0;7.0;40.0;732.0;110.0;237.0;385.0;626.0;41.0;431.0;0.0;27.0;344.0;51.0;9.0;47.0;809.0;164.0;267.0;378.0;462.0;18.0;295.0;0.0;29.0;218.0;44.0;4.0;48.0;1215.0;388.0;369.0;458.0;434.0;2.0;232.0;0.0;20.0;182.0;29.0;1.0;78.0;1399.0;639.0;309.0;451.0;544.0;0.0;277.0;0.0;31.0;207.0;35.0;4.0;126.0;1505.0;958.0;219.0;328.0;336.0;0.0;217.0;0.0;62.0;135.0;15.0;5.0;181.0;1435.0;1056.0;132.0;247.0;152.0;0.0;126.0;0.0;45.0;74.0;4.0;3.0;1370.0;2443.0;2047.0;156.0;240.0;86.0;0.0;100.0;0.0;51.0;46.0;1.0;2.0;12091.0;10746.0;2573.0;2362.0;3.8;4.36;4.36;95.81;1746.0;1194.0;6866.0;3655.0;1668.0;1101.0;7120.0;4422.0;0.0;0.0;0.0;0.0;0.0;0.0;0.0;1.0;0.0;0.0;0.0;0.0;0.0;1.0;0.0;0.21;5.09;1.26;7.68;0.09;1.17;2.83;0.08;0.76;0.1;0.05;0.08;0.97;0.93;16.22;1.33;16.08;0.0;0.0;0.0;44.48;0.08;0.46;0.05;0.0;5.33;5.18;0.0;0.0;0.0;0.0;0.0;0.0;0.0;0.0;0.0;0.0;0.0;28.29;0.0;0.0;0.0;45.24;0.0;0.0;0.0;0.0;0.0;0.0;0.0;0.0;0.0;0.0;0.0;0.0;0.0;0.0;0.0;0.0;0.0;0.0;0.0;0.0;0.0;0.0;0.0;0.0;0.0;0.0;0.0;0.0;0.0;0.0;0.0;0.0;0.0;0.0;0.0;0.0;0.0;0.0;0.0;0.0;0.0;0.0;0.0;0.0;0.0;0.0;0.0;0.0;0.0;0.0;0.0;0.0;100.0;15.96;0;0;0;0;0;0;0;0;0;0;0;0;0;0;0;1;0;0;0;0
SANTO TIRSO;25.0;1908.0;20.0;194.0;1694.0;1309.0;8.0;8.0;8.0;0.0;0.0;0.0;0.0;18.0;437.0;17.0;51.0;369.0;2253.0;78.0;951.0;43.0;0.0;703.0;204.0;1.0;28.0;670.0;14.0;76.0;580.0;1449.0;115.0;1278.0;20.0;0.0;737.0;513.0;8.0;46.0;1103.0;44.0;259.0;800.0;1160.0;121.0;1062.0;12.0;9.0;641.0;374.0;26.0;46.0;1488.0;76.0;417.0;995.0;1112.0;95.0;1145.0;6.0;29.0;799.0;285.0;26.0;84.0;2176.0;229.0;983.0;964.0;1271.0;89.0;1176.0;2.0;63.0;926.0;163.0;22.0;114.0;2939.0;532.0;1400.0;1007.0;1082.0;53.0;906.0;0.0;74.0;695.0;112.0;25.0;110.0;3696.0;1158.0;1543.0;995.0;801.0;36.0;640.0;0.0;54.0;486.0;73.0;27.0;155.0;4246.0;2166.0;1177.0;903.0;706.0;2.0;426.0;0.0;36.0;327.0;50.0;13.0;229.0;4021.0;2411.0;884.0;726.0;494.0;0.0;331.0;0.0;36.0;261.0;28.0;6.0;237.0;4155.0;3458.0;295.0;402.0;258.0;0.0;321.0;0.0;79.0;224.0;14.0;4.0;286.0;3667.0;3138.0;191.0;338.0;159.0;0.0;172.0;0.0;61.0;100.0;11.0;0.0;1534.0;5475.0;4922.0;196.0;357.0;164.0;0.0;240.0;0.0;96.0;133.0;6.0;5.0;25461.0;32782.0;5005.0;4461.0;0.87;1.54;1.54;0.0;3730.0;3555.0;17658.0;7298.0;3615.0;3440.0;19043.0;9370.0;0.0;0.0;0.0;0.0;0.0;0.0;0.0;0.0;1.0;0.0;0.0;0.0;0.0;0.0;0.04;0.1;4.33;1.18;4.44;0.13;1.21;3.76;0.04;0.77;0.07;0.06;0.11;0.76;1.31;2.73;0.0;31.58;0.0;0.0;0.0;46.66;0.07;0.48;0.18;0.0;6.4;4.7;0.0;0.0;0.0;0.0;0.0;0.0;1.67;0.0;0.0;0.0;0.0;63.85;0.0;0.0;0.0;3.67;0.0;0.0;0.0;0.0;0.0;0.0;0.0;0.0;0.0;0.0;0.0;0.0;0.0;0.0;0.0;0.0;0.0;0.0;0.0;0.0;0.0;0.0;0.0;0.0;0.0;0.0;0.0;0.0;0.0;0.0;0.0;0.0;0.0;0.0;0.0;0.0;0.0;0.0;0.0;0.0;0.0;0.0;0.0;0.0;0.0;0.0;0.0;0.0;0.0;0.0;0.0;0.0;99.99;19.7;0;0;0;0;0;0;0;0;0;0;0;0;0;1;0;0;0;0;0;0
SAO BRAS DE ALPORTEL;2.0;335.0;3.0;43.0;289.0;188.0;0.0;0.0;0.0;0.0;0.0;0.0;0.0;1.0;108.0;2.0;11.0;95.0;291.0;7.0;98.0;3.0;0.0;81.0;13.0;1.0;3.0;113.0;4.0;13.0;96.0;212.0;21.0;151.0;4.0;0.0;110.0;37.0;0.0;13.0;139.0;5.0;17.0;117.0;242.0;18.0;177.0;1.0;0.0;121.0;53.0;2.0;13.0;185.0;10.0;31.0;144.0;237.0;18.0;230.0;4.0;12.0;160.0;52.0;2.0;22.0;241.0;22.0;61.0;158.0;261.0;15.0;266.0;2.0;13.0;204.0;40.0;7.0;25.0;324.0;57.0;92.0;175.0;283.0;11.0;276.0;0.0;28.0;209.0;31.0;8.0;43.0;382.0;93.0;125.0;164.0;215.0;19.0;148.0;0.0;13.0;99.0;28.0;8.0;34.0;402.0;135.0;122.0;145.0;207.0;1.0;114.0;0.0;14.0;78.0;17.0;5.0;67.0;434.0;220.0;94.0;120.0;142.0;0.0;85.0;0.0;10.0;55.0;13.0;7.0;94.0;477.0;329.0;52.0;96.0;112.0;0.0;97.0;0.0;12.0;69.0;12.0;4.0;104.0;458.0;331.0;38.0;89.0;58.0;0.0;68.0;0.0;15.0;37.0;10.0;6.0;355.0;965.0;836.0;51.0;78.0;68.0;0.0;70.0;0.0;21.0;39.0;4.0;6.0;0.0;0.0;0.0;0.0;10.15;11.94;11.94;90.17;779.0;550.0;2782.0;1315.0;724.0;480.0;3007.0;1611.0;37.1;0.0;0.0;0.0;0.0;0.0;0.0;0.0;1.0;0.0;0.0;0.0;0.0;1.0;0.0;0.35;5.22;1.05;10.89;0.02;1.6;4.25;0.0;0.97;0.14;0.23;0.0;1.03;1.75;3.99;0.0;27.73;0.0;0.0;0.0;40.08;0.21;0.39;0.1;0.0;0.0;3.09;0.0;0.0;0.0;0.0;0.0;0.0;0.0;0.0;0.0;0.0;0.0;60.62;0.0;0.0;0.0;4.85;0.0;0.0;0.0;0.0;0.0;0.0;0.0;0.0;0.0;0.0;0.0;0.0;0.0;0.0;0.0;0.0;0.0;0.0;0.0;0.0;0.0;0.0;0.0;0.0;0.0;0.0;0.0;0.0;0.0;0.0;0.0;0.0;0.0;0.0;0.0;0.0;0.0;0.0;0.0;0.0;0.0;0.0;0.0;0.0;0.0;0.0;0.0;0.0;0.0;0.0;0.0;0.0;100.0;31.44;0;0;0;0;0;0;0;1;0;0;0;0;0;0;0;0;0;0;0;0
SAO JOAO DA MADEIRA;7.0;698.0;1.0;61.0;636.0;391.0;2.0;2.0;2.0;0.0;0.0;0.0;0.0;14.0;191.0;5.0;23.0;163.0;687.0;26.0;318.0;15.0;0.0;253.0;50.0;0.0;11.0;195.0;2.0;21.0;172.0;471.0;41.0;470.0;9.0;0.0;272.0;185.0;4.0;19.0;307.0;10.0;67.0;230.0;421.0;43.0;427.0;11.0;1.0;247.0;165.0;3.0;39.0;404.0;11.0;91.0;302.0;434.0;42.0;456.0;4.0;26.0;309.0;104.0;13.0;36.0;640.0;68.0;237.0;335.0;436.0;31.0;484.0;4.0;25.0;386.0;62.0;7.0;34.0;752.0;151.0;323.0;278.0;448.0;32.0;477.0;0.0;65.0;350.0;51.0;11.0;40.0;1007.0;300.0;394.0;313.0;351.0;23.0;292.0;0.0;33.0;215.0;41.0;3.0;46.0;1113.0;409.0;385.0;319.0;333.0;2.0;214.0;0.0;33.0;151.0;26.0;4.0;64.0;1106.0;531.0;303.0;272.0;286.0;0.0;194.0;0.0;25.0;150.0;15.0;4.0;75.0;1069.0;762.0;121.0;186.0;161.0;0.0;162.0;0.0;38.0;109.0;11.0;4.0;70.0;940.0;691.0;98.0;151.0;63.0;0.0;88.0;0.0;30.0;55.0;2.0;1.0;376.0;1691.0;1435.0;98.0;158.0;84.0;0.0;127.0;0.0;57.0;66.0;3.0;1.0;9239.0;9249.0;1475.0;2180.0;2.31;4.81;4.81;0.0;1394.0;1197.0;5707.0;2082.0;1286.0;1139.0;6514.0;2824.0;0.0;0.0;0.0;0.0;0.0;0.0;0.0;0.0;1.0;0.0;0.0;0.0;0.0;0.0;0.0;0.28;5.19;1.57;3.88;0.04;1.02;5.26;0.05;0.93;0.17;0.18;0.0;0.84;1.44;2.57;0.36;30.33;0.0;0.0;0.0;45.3;0.0;0.42;0.16;0.0;4.02;2.94;0.0;0.0;0.0;0.0;0.0;0.0;1.09;0.0;0.0;0.0;0.0;53.72;0.0;0.0;0.0;4.77;0.0;0.0;0.0;0.0;0.0;0.0;0.0;0.0;0.0;0.0;0.0;0.0;0.0;0.0;0.0;0.0;0.0;0.0;0.0;0.0;0.0;0.0;0.0;0.0;0.0;0.0;0.0;0.0;0.0;0.0;0.0;0.0;0.0;0.0;0.0;0.0;0.0;0.0;0.0;0.0;0.0;0.0;0.0;0.0;0.0;0.0;0.0;0.0;0.0;0.0;0.0;0.0;99.99;33.45;1;0;0;0;0;0;0;0;0;0;0;0;0;0;0;0;0;0;0;0
SAO JOAO DA PESQUEIRA;8.0;224.0;1.0;26.0;197.0;95.0;0.0;1.0;1.0;0.0;0.0;0.0;0.0;2.0;88.0;2.0;13.0;73.0;183.0;10.0;70.0;4.0;0.0;57.0;9.0;0.0;5.0;94.0;4.0;14.0;76.0;85.0;12.0;81.0;1.0;0.0;51.0;28.0;1.0;8.0;121.0;16.0;44.0;61.0;105.0;10.0;67.0;1.0;0.0;46.0;18.0;2.0;11.0;192.0;26.0;75.0;91.0;103.0;12.0;61.0;0.0;0.0;52.0;9.0;0.0;13.0;232.0;38.0;89.0;105.0;129.0;3.0;49.0;0.0;2.0;40.0;6.0;1.0;23.0;320.0;104.0;119.0;97.0;95.0;2.0;56.0;0.0;8.0;44.0;4.0;0.0;22.0;362.0;154.0;113.0;95.0;66.0;0.0;26.0;0.0;4.0;20.0;1.0;1.0;37.0;422.0;248.0;88.0;86.0;56.0;0.0;28.0;0.0;3.0;20.0;5.0;0.0;48.0;464.0;325.0;87.0;52.0;52.0;0.0;17.0;0.0;2.0;15.0;0.0;0.0;49.0;414.0;342.0;38.0;34.0;14.0;0.0;16.0;0.0;5.0;11.0;0.0;0.0;53.0;350.0;311.0;20.0;19.0;5.0;0.0;20.0;0.0;5.0;14.0;1.0;0.0;324.0;622.0;578.0;20.0;24.0;11.0;0.0;15.0;0.0;9.0;6.0;0.0;0.0;2506.0;3224.0;692.0;353.0;1.66;0.92;0.92;0.0;374.0;360.0;1752.0;835.0;338.0;321.0;1737.0;1058.0;0.0;0.0;0.0;0.0;0.0;0.0;0.0;0.0;1.0;0.0;0.0;0.0;0.0;0.0;0.0;0.01;2.03;1.98;5.9;0.16;0.81;2.03;0.0;0.42;0.16;0.11;0.24;1.03;0.69;1.66;0.0;36.92;0.0;0.0;0.0;44.12;0.22;1.16;0.37;0.0;0.0;0.0;0.0;0.0;0.0;0.0;0.0;0.0;0.0;0.0;0.0;0.0;0.0;61.26;0.0;0.0;0.0;1.85;0.0;0.0;0.0;0.0;0.0;0.0;0.0;0.0;0.0;0.0;0.0;0.0;0.0;0.0;0.0;0.0;0.0;0.0;0.0;0.0;0.0;0.0;0.0;0.0;0.0;0.0;0.0;0.0;0.0;0.0;0.0;0.0;0.0;0.0;0.0;0.0;0.0;0.0;0.0;0.0;0.0;0.0;0.0;0.0;0.0;0.0;0.0;0.0;0.0;0.0;0.0;0.0;100.0;36.89;0;0;0;0;0;0;0;0;0;0;0;0;0;0;0;0;0;0;1;0
SAO PEDRO DO SUL;5.0;487.0;0.0;36.0;451.0;256.0;0.0;0.0;0.0;0.0;0.0;0.0;0.0;5.0;105.0;0.0;4.0;101.0;473.0;17.0;166.0;17.0;0.0;129.0;20.0;0.0;4.0;133.0;4.0;12.0;117.0;289.0;19.0;194.0;4.0;0.0;112.0;78.0;0.0;12.0;167.0;4.0;29.0;134.0;219.0;15.0;153.0;2.0;1.0;105.0;44.0;1.0;14.0;260.0;9.0;65.0;186.0;276.0;18.0;160.0;3.0;7.0;124.0;26.0;0.0;14.0;417.0;35.0;164.0;218.0;298.0;9.0;165.0;0.0;7.0;133.0;24.0;1.0;28.0;567.0;90.0;250.0;227.0;259.0;10.0;144.0;0.0;14.0;112.0;15.0;3.0;29.0;648.0;169.0;286.0;193.0;187.0;8.0;108.0;0.0;15.0;83.0;8.0;2.0;49.0;837.0;399.0;261.0;177.0;153.0;1.0;95.0;0.0;5.0;71.0;16.0;3.0;64.0;933.0;541.0;236.0;156.0;130.0;0.0;81.0;0.0;6.0;65.0;10.0;0.0;87.0;977.0;790.0;97.0;90.0;57.0;0.0;85.0;0.0;20.0;56.0;8.0;1.0;96.0;1018.0;883.0;62.0;73.0;29.0;0.0;61.0;0.0;25.0;31.0;3.0;2.0;780.0;1701.0;1556.0;77.0;68.0;25.0;0.0;51.0;0.0;33.0;17.0;1.0;0.0;5387.0;7295.0;1558.0;897.0;1.09;2.07;2.07;0.0;762.0;774.0;3490.0;2120.0;727.0;740.0;3677.0;2847.0;20.9;0.0;0.0;0.0;0.0;0.0;0.0;0.0;1.0;0.0;0.0;0.0;0.0;1.0;0.0;0.08;2.14;1.77;6.59;0.13;1.39;1.8;0.0;0.48;0.07;0.08;0.07;1.1;0.74;1.5;0.0;35.12;0.0;0.0;0.0;45.95;0.19;0.58;0.23;0.0;0.0;2.6;0.0;0.0;0.0;0.0;0.0;0.0;0.0;0.0;0.0;0.0;0.0;61.94;0.0;0.0;0.0;1.84;0.0;0.0;0.0;0.0;0.0;0.0;0.0;0.0;0.0;0.0;0.0;0.0;0.0;0.0;0.0;0.0;0.0;0.0;0.0;0.0;0.0;0.0;0.0;0.0;0.0;0.0;0.0;0.0;0.0;0.0;0.0;0.0;0.0;0.0;0.0;0.0;0.0;0.0;0.0;0.0;0.0;0.0;0.0;0.0;0.0;0.0;0.0;0.0;0.0;0.0;0.0;0.0;100.01;33.63;0;0;0;0;0;0;0;0;0;0;0;0;0;0;0;0;0;0;1;0
SAO ROQUE DO PICO;2.0;89.0;0.0;13.0;76.0;51.0;1.0;0.0;0.0;0.0;0.0;0.0;0.0;3.0;37.0;0.0;10.0;27.0;64.0;4.0;21.0;0.0;0.0;12.0;9.0;0.0;1.0;58.0;1.0;9.0;48.0;57.0;11.0;36.0;3.0;0.0;24.0;9.0;0.0;5.0;82.0;2.0;23.0;57.0;85.0;9.0;46.0;1.0;0.0;35.0;9.0;1.0;4.0;86.0;7.0;19.0;60.0;70.0;8.0;38.0;2.0;1.0;28.0;6.0;1.0;4.0;93.0;15.0;23.0;55.0;84.0;6.0;62.0;0.0;4.0;48.0;9.0;1.0;8.0;138.0;21.0;67.0;50.0;65.0;3.0;42.0;0.0;5.0;35.0;2.0;0.0;20.0;126.0;36.0;65.0;25.0;39.0;1.0;42.0;0.0;3.0;34.0;4.0;1.0;14.0;192.0;104.0;43.0;45.0;38.0;0.0;21.0;0.0;0.0;19.0;1.0;1.0;14.0;187.0;130.0;34.0;23.0;26.0;0.0;18.0;0.0;1.0;16.0;1.0;0.0;11.0;139.0;117.0;11.0;11.0;11.0;0.0;19.0;0.0;4.0;10.0;3.0;2.0;10.0;146.0;123.0;10.0;13.0;13.0;0.0;10.0;0.0;4.0;5.0;1.0;0.0;51.0;257.0;224.0;7.0;26.0;4.0;0.0;13.0;0.0;11.0;2.0;0.0;0.0;1364.0;1260.0;271.0;325.0;3.6;2.92;2.92;80.25;211.0;144.0;918.0;298.0;214.0;128.0;921.0;386.0;24.6;0.0;0.0;0.0;0.0;0.0;0.0;0.0;0.0;1.0;0.0;0.0;0.0;0.0;0.0;0.22;3.77;0.0;4.01;0.0;3.78;2.25;0.0;0.58;0.18;0.04;0.0;0.58;1.6;0.42;0.23;0.0;0.0;34.76;0.0;47.27;0.0;0.29;0.04;0.0;0.0;0.0;0.0;0.0;0.0;0.0;0.0;0.0;0.0;0.0;0.0;0.0;0.0;37.0;0.0;0.0;0.0;0.0;0.0;0.0;0.0;0.0;0.0;0.0;0.0;0.0;0.0;0.0;0.0;0.0;0.0;0.0;0.0;0.0;0.0;0.0;0.0;0.0;0.0;0.0;0.0;0.0;0.0;0.0;0.0;0.0;0.0;0.0;0.0;0.0;0.0;0.0;0.0;0.0;0.0;0.0;0.0;0.0;0.0;0.0;0.0;0.0;0.0;0.0;0.0;0.0;0.0;0.0;0.0;0.0;100.0;63.0;0;1;0;0;0;0;0;0;0;0;0;0;0;0;0;0;0;0;0;0
SAO VICENTE;1.0;156.0;2.0;24.0;130.0;96.0;0.0;2.0;2.0;0.0;0.0;0.0;0.0;2.0;48.0;2.0;9.0;37.0;132.0;2.0;52.0;1.0;0.0;47.0;4.0;0.0;2.0;60.0;4.0;12.0;44.0;90.0;5.0;70.0;2.0;0.0;47.0;20.0;1.0;6.0;78.0;8.0;31.0;39.0;79.0;5.0;57.0;3.0;0.0;34.0;19.0;1.0;10.0;109.0;18.0;29.0;62.0;74.0;7.0;59.0;0.0;1.0;44.0;14.0;0.0;11.0;139.0;25.0;60.0;54.0;84.0;8.0;71.0;0.0;8.0;51.0;8.0;4.0;17.0;184.0;46.0;84.0;54.0;65.0;4.0;51.0;0.0;2.0;44.0;5.0;0.0;30.0;237.0;113.0;85.0;39.0;39.0;0.0;36.0;0.0;1.0;31.0;3.0;1.0;43.0;301.0;204.0;68.0;29.0;42.0;1.0;30.0;0.0;3.0;26.0;0.0;1.0;50.0;319.0;234.0;46.0;39.0;33.0;0.0;19.0;0.0;1.0;16.0;2.0;0.0;50.0;299.0;256.0;18.0;25.0;11.0;0.0;14.0;0.0;3.0;11.0;0.0;0.0;58.0;236.0;208.0;12.0;16.0;5.0;0.0;10.0;0.0;4.0;5.0;1.0;0.0;267.0;364.0;341.0;14.0;9.0;7.0;0.0;10.0;0.0;5.0;5.0;0.0;0.0;1986.0;2012.0;571.0;296.0;1.54;2.94;2.94;66.08;274.0;253.0;1229.0;500.0;244.0;238.0;1296.0;831.0;17.2;0.0;0.0;0.0;0.0;0.0;0.0;0.0;0.0;1.0;0.0;0.0;0.0;1.0;0.0;0.55;2.8;0.0;5.27;0.43;0.86;3.18;1.19;0.4;0.17;0.14;0.0;1.56;0.54;1.66;0.0;0.0;52.83;0.0;0.1;26.75;0.88;0.68;0.0;0.0;0.0;0.0;0.0;12.94;0.0;0.0;0.0;0.0;0.0;0.0;0.0;0.0;0.0;9.7;1.98;0.75;0.0;1.04;0.0;0.0;0.0;0.0;0.0;0.0;0.0;0.0;0.0;0.0;0.0;0.0;0.0;0.0;0.0;0.0;0.0;0.0;0.0;0.0;0.0;0.0;0.0;0.0;0.0;0.0;0.0;0.0;0.0;0.0;0.0;0.0;0.0;0.0;0.0;0.0;0.0;0.0;0.0;0.0;0.0;0.0;0.0;0.0;0.0;0.0;0.0;0.0;0.0;0.0;0.0;0.0;100.0;73.59;0;0;0;0;0;0;0;0;0;0;0;1;0;0;0;0;0;0;0;0
SARDOAL;0.0;89.0;0.0;9.0;80.0;63.0;0.0;1.0;1.0;0.0;0.0;0.0;0.0;4.0;20.0;0.0;2.0;18.0;111.0;2.0;30.0;1.0;0.0;28.0;1.0;0.0;0.0;26.0;1.0;5.0;20.0;62.0;5.0;41.0;1.0;0.0;25.0;14.0;1.0;0.0;30.0;1.0;8.0;21.0;72.0;8.0;28.0;0.0;0.0;17.0;11.0;0.0;0.0;65.0;4.0;13.0;48.0;58.0;7.0;33.0;1.0;1.0;25.0;6.0;0.0;2.0;106.0;7.0;28.0;71.0;73.0;6.0;54.0;1.0;4.0;45.0;3.0;1.0;11.0;131.0;14.0;46.0;71.0;71.0;1.0;49.0;0.0;6.0;38.0;5.0;0.0;7.0;150.0;35.0;49.0;66.0;53.0;0.0;18.0;0.0;4.0;14.0;0.0;0.0;10.0;208.0;65.0;69.0;74.0;43.0;1.0;31.0;0.0;2.0;26.0;3.0;0.0;10.0;219.0;110.0;53.0;56.0;42.0;0.0;18.0;0.0;5.0;11.0;2.0;0.0;7.0;218.0;134.0;39.0;45.0;25.0;0.0;23.0;0.0;5.0;17.0;0.0;1.0;11.0;195.0;147.0;21.0;27.0;10.0;0.0;18.0;0.0;6.0;11.0;1.0;0.0;137.0;467.0;419.0;19.0;29.0;11.0;0.0;16.0;0.0;10.0;5.0;1.0;0.0;1302.0;1534.0;428.0;249.0;1.19;3.07;3.07;0.0;154.0;178.0;882.0;478.0;152.0;142.0;867.0;660.0;0.0;0.0;0.0;0.0;0.0;0.0;0.0;0.0;0.0;1.0;0.0;0.0;0.0;1.0;0.0;0.0;4.0;1.99;9.94;0.11;1.38;1.74;0.0;0.57;0.66;0.17;0.0;1.41;2.25;3.48;0.0;32.99;0.0;0.0;0.0;38.53;0.0;0.68;0.09;0.0;0.0;5.08;0.0;0.0;0.0;0.0;0.0;0.0;0.0;0.0;0.0;0.0;0.0;45.19;0.0;0.0;0.0;2.4;0.0;0.0;0.0;0.0;0.0;0.0;0.0;0.0;0.0;0.0;0.0;0.0;0.0;0.0;0.0;0.0;0.0;0.0;0.0;0.0;0.0;0.0;0.0;0.0;0.0;0.0;0.0;0.0;0.0;0.0;0.0;0.0;0.0;0.0;0.0;0.0;0.0;0.0;0.0;0.0;0.0;0.0;0.0;0.0;0.0;0.0;0.0;0.0;0.0;0.0;0.0;0.0;100.0;47.33;0;0;0;0;0;0;0;0;0;0;0;0;0;0;1;0;0;0;0;0
SATAO;3.0;307.0;1.0;30.0;276.0;180.0;0.0;3.0;3.0;0.0;0.0;0.0;0.0;5.0;73.0;2.0;7.0;64.0;373.0;10.0;168.0;7.0;0.0;134.0;27.0;0.0;3.0;91.0;3.0;8.0;80.0;183.0;7.0;154.0;4.0;0.0;105.0;45.0;0.0;5.0;162.0;16.0;27.0;119.0;181.0;15.0;132.0;1.0;0.0;98.0;33.0;0.0;11.0;218.0;13.0;46.0;159.0;184.0;13.0;142.0;0.0;4.0;96.0;42.0;0.0;16.0;318.0;25.0;133.0;160.0;169.0;9.0;175.0;2.0;7.0;144.0;21.0;1.0;18.0;398.0;79.0;188.0;131.0;194.0;6.0;113.0;0.0;4.0;99.0;10.0;0.0;26.0;487.0;146.0;220.0;121.0;162.0;2.0;89.0;0.0;3.0;72.0;11.0;3.0;37.0;606.0;318.0;187.0;101.0;97.0;1.0;37.0;0.0;2.0;32.0;3.0;0.0;51.0;714.0;413.0;217.0;84.0;73.0;0.0;36.0;0.0;1.0;29.0;5.0;1.0;52.0;696.0;596.0;61.0;39.0;39.0;0.0;52.0;0.0;15.0;36.0;1.0;0.0;80.0;621.0;542.0;32.0;47.0;16.0;0.0;28.0;0.0;18.0;9.0;1.0;0.0;637.0;1094.0;1006.0;46.0;42.0;19.0;0.0;35.0;0.0;15.0;17.0;1.0;2.0;3887.0;5583.0;1055.0;505.0;1.11;1.28;1.28;0.0;623.0;564.0;2583.0;1445.0;581.0;558.0;2752.0;1924.0;15.0;0.0;0.0;0.0;0.0;0.0;0.0;0.0;0.0;1.0;0.0;0.0;0.0;0.0;0.0;0.12;1.86;2.52;10.93;0.09;0.79;2.13;0.0;0.3;0.23;0.04;0.12;1.09;0.74;1.33;0.0;41.66;0.0;0.0;0.0;35.56;0.04;0.37;0.07;0.0;0.0;6.56;0.0;0.0;0.0;0.0;0.0;0.0;0.0;0.0;0.0;0.0;0.0;41.75;0.0;0.0;0.0;2.12;0.0;0.0;0.0;0.0;0.0;0.0;0.0;0.0;0.0;0.0;0.0;0.0;0.0;0.0;0.0;0.0;0.0;0.0;0.0;0.0;0.0;0.0;0.0;0.0;0.0;0.0;0.0;0.0;0.0;0.0;0.0;0.0;0.0;0.0;0.0;0.0;0.0;0.0;0.0;0.0;0.0;0.0;0.0;0.0;0.0;0.0;0.0;0.0;0.0;0.0;0.0;0.0;100.0;49.57;0;0;0;0;0;0;0;0;0;0;0;0;0;0;0;0;0;0;1;0
SEIA;4.0;541.0;3.0;72.0;466.0;308.0;0.0;2.0;2.0;0.0;0.0;0.0;0.0;6.0;140.0;8.0;17.0;115.0;556.0;13.0;226.0;16.0;0.0;177.0;32.0;1.0;8.0;151.0;3.0;19.0;129.0;352.0;19.0;271.0;9.0;0.0;164.0;95.0;3.0;18.0;208.0;9.0;37.0;162.0;342.0;31.0;248.0;3.0;1.0;165.0;78.0;1.0;20.0;332.0;24.0;60.0;248.0;392.0;28.0;312.0;4.0;9.0;231.0;67.0;1.0;24.0;537.0;53.0;141.0;343.0;430.0;23.0;284.0;0.0;21.0;221.0;41.0;1.0;33.0;711.0;123.0;264.0;324.0;365.0;13.0;265.0;0.0;34.0;187.0;39.0;5.0;63.0;913.0;278.0;332.0;303.0;274.0;11.0;212.0;0.0;20.0;156.0;32.0;4.0;81.0;1193.0;594.0;294.0;305.0;253.0;0.0;166.0;0.0;10.0;129.0;23.0;4.0;89.0;1385.0;835.0;240.0;310.0;183.0;0.0;142.0;0.0;16.0;103.0;21.0;2.0;123.0;1561.0;1264.0;135.0;162.0;118.0;0.0;118.0;0.0;32.0;74.0;8.0;4.0;171.0;1453.0;1245.0;100.0;108.0;54.0;0.0;70.0;0.0;28.0;38.0;2.0;2.0;1010.0;2674.0;2434.0;104.0;136.0;62.0;0.0;86.0;0.0;40.0;41.0;2.0;3.0;7245.0;10705.0;2476.0;1329.0;1.15;1.65;1.65;0.0;1060.0;925.0;5029.0;3282.0;1017.0;871.0;5353.0;4218.0;36.2;0.0;0.0;0.0;0.0;0.0;0.0;0.0;1.0;0.0;0.0;0.0;0.0;0.0;0.0;0.0;2.41;1.68;7.27;0.13;1.13;1.54;0.0;0.49;0.05;0.06;0.0;1.81;0.71;2.55;0.0;28.83;0.0;0.0;0.0;50.72;0.08;0.38;0.16;0.0;0.0;5.83;0.0;0.0;0.0;0.0;0.0;0.0;0.0;0.0;0.0;0.0;0.0;45.97;0.0;0.0;0.0;3.58;0.0;0.0;0.0;0.0;0.0;0.0;0.0;0.0;0.0;0.0;0.0;0.0;0.0;0.0;0.0;0.0;0.0;0.0;0.0;0.0;0.0;0.0;0.0;0.0;0.0;0.0;0.0;0.0;0.0;0.0;0.0;0.0;0.0;0.0;0.0;0.0;18.75;0.0;0.0;0.0;0.0;0.0;0.0;0.0;0.0;0.0;0.0;0.0;0.0;0.0;0.0;0.0;100.0;25.87;0;0;0;0;0;0;0;0;1;0;0;0;0;0;0;0;0;0;0;0
SEIXAL;65.0;5750.0;60.0;812.0;4878.0;2932.0;8.0;6.0;6.0;0.0;0.0;0.0;0.0;97.0;1621.0;54.0;232.0;1335.0;5267.0;194.0;2127.0;125.0;0.0;1677.0;322.0;3.0;121.0;1566.0;90.0;260.0;1216.0;3693.0;349.0;3322.0;84.0;0.0;2024.0;1191.0;23.0;182.0;1969.0;115.0;362.0;1492.0;3506.0;431.0;3660.0;67.0;21.0;2293.0;1224.0;55.0;214.0;2592.0;167.0;471.0;1954.0;3942.0;393.0;3891.0;50.0;196.0;2722.0;857.0;66.0;250.0;3533.0;297.0;749.0;2487.0;4681.0;362.0;4257.0;22.0;309.0;3282.0;569.0;75.0;247.0;4399.0;606.0;1152.0;2641.0;4536.0;269.0;3617.0;0.0;365.0;2730.0;473.0;49.0;251.0;4928.0;880.0;1513.0;2535.0;3566.0;178.0;2179.0;0.0;222.0;1621.0;270.0;66.0;283.0;5522.0;1553.0;1474.0;2495.0;3073.0;25.0;1669.0;0.0;179.0;1213.0;231.0;46.0;414.0;6163.0;2398.0;1385.0;2380.0;2540.0;0.0;1336.0;0.0;170.0;935.0;184.0;47.0;548.0;7072.0;4092.0;1081.0;1899.0;1703.0;0.0;1043.0;0.0;205.0;724.0;84.0;30.0;517.0;7418.0;4963.0;830.0;1625.0;863.0;0.0;712.0;0.0;185.0;443.0;62.0;22.0;2329.0;12284.0;9565.0;1000.0;1719.0;740.0;0.0;608.0;0.0;229.0;327.0;24.0;28.0;79478.0;61805.0;10108.0;15116.0;6.73;7.48;7.48;95.99;12495.0;9192.0;41157.0;15780.0;11999.0;8875.0;46952.0;20057.0;0.0;0.0;0.0;0.0;0.0;0.0;0.0;1.0;0.0;0.0;0.0;0.0;0.0;1.0;0.0;0.26;5.35;1.1;9.82;0.07;1.01;5.52;0.04;1.28;0.12;0.12;0.08;0.89;2.16;9.47;0.47;16.08;0.0;0.0;0.0;45.67;0.05;0.33;0.1;0.0;4.5;8.38;0.0;1.91;0.0;0.0;0.0;0.0;0.0;2.86;0.0;0.0;0.0;32.02;0.0;0.0;0.0;39.15;0.0;0.0;0.0;0.0;0.0;0.0;0.0;0.0;0.0;0.0;0.0;0.0;0.0;0.0;0.0;0.0;0.0;0.0;0.0;0.0;0.0;0.0;0.0;0.0;0.0;0.0;0.0;0.0;0.0;0.0;0.0;0.0;0.0;0.0;0.0;0.0;0.0;0.0;0.0;0.0;0.0;0.0;0.0;0.0;0.0;0.0;0.0;0.0;0.0;0.0;0.0;0.0;100.0;11.18;0;0;0;0;0;0;0;0;0;0;0;0;0;0;0;1;0;0;0;0
SERNANCELHE;1.0;151.0;2.0;16.0;133.0;100.0;0.0;1.0;1.0;0.0;0.0;0.0;0.0;1.0;34.0;0.0;5.0;29.0;173.0;4.0;71.0;4.0;0.0;59.0;8.0;0.0;3.0;47.0;2.0;5.0;40.0;125.0;9.0;51.0;2.0;0.0;34.0;14.0;1.0;2.0;67.0;8.0;13.0;46.0;111.0;9.0;51.0;2.0;0.0;41.0;7.0;1.0;8.0;110.0;8.0;26.0;76.0;100.0;3.0;43.0;1.0;1.0;33.0;7.0;1.0;9.0;132.0;25.0;56.0;51.0;127.0;3.0;50.0;0.0;1.0;42.0;6.0;1.0;10.0;190.0;52.0;85.0;53.0;97.0;4.0;40.0;0.0;8.0;29.0;2.0;1.0;11.0;282.0;117.0;97.0;68.0;58.0;0.0;33.0;0.0;2.0;24.0;5.0;2.0;16.0;420.0;245.0;113.0;62.0;45.0;0.0;23.0;0.0;3.0;19.0;1.0;0.0;26.0;428.0;288.0;91.0;49.0;40.0;0.0;25.0;0.0;4.0;18.0;2.0;1.0;29.0;367.0;300.0;32.0;35.0;13.0;0.0;20.0;0.0;2.0;14.0;3.0;1.0;39.0;336.0;299.0;22.0;15.0;15.0;0.0;12.0;0.0;6.0;5.0;1.0;0.0;320.0;650.0;595.0;35.0;20.0;11.0;0.0;11.0;0.0;7.0;3.0;1.0;0.0;1907.0;2887.0;624.0;274.0;0.81;1.41;1.41;0.0;259.0;268.0;1407.0;816.0;266.0;268.0;1401.0;1007.0;0.0;0.0;0.0;0.0;0.0;0.0;0.0;0.0;0.0;1.0;0.0;0.0;0.0;0.0;0.0;0.0;1.31;3.69;7.33;0.11;1.3;0.79;0.0;0.48;0.14;0.17;0.01;1.43;0.61;0.88;0.0;53.22;0.0;0.0;0.0;28.04;0.03;0.38;0.08;0.0;0.0;0.0;0.0;0.0;0.0;0.0;0.0;0.0;0.0;0.0;0.0;0.0;0.0;9.83;0.0;0.0;0.0;4.18;0.0;0.0;0.0;0.0;0.0;0.0;0.0;0.0;0.0;0.0;0.0;0.0;0.0;0.0;0.0;0.0;0.0;0.0;0.0;0.0;0.0;0.0;0.0;0.0;0.0;0.0;0.0;0.0;0.0;0.0;0.0;0.0;0.0;0.0;0.0;0.0;0.0;0.0;0.0;0.0;0.0;0.0;0.0;0.0;0.0;0.0;0.0;0.0;0.0;0.0;0.0;0.0;100.0;85.99;0;0;0;0;0;0;0;0;0;0;0;0;0;0;0;0;0;0;1;0
SERPA;8.0;424.0;17.0;55.0;352.0;190.0;0.0;2.0;2.0;0.0;0.0;0.0;0.0;13.0;139.0;18.0;29.0;92.0;381.0;9.0;131.0;9.0;0.0;107.0;14.0;1.0;17.0;161.0;18.0;22.0;121.0;272.0;10.0;168.0;4.0;0.0;120.0;43.0;1.0;18.0;214.0;28.0;42.0;144.0;225.0;14.0;131.0;2.0;1.0;88.0;38.0;2.0;21.0;243.0;25.0;51.0;167.0;236.0;13.0;166.0;3.0;3.0;133.0;25.0;2.0;35.0;360.0;39.0;124.0;197.0;254.0;16.0;178.0;1.0;6.0;153.0;18.0;0.0;34.0;497.0;98.0;149.0;250.0;234.0;9.0;123.0;0.0;8.0;98.0;14.0;3.0;44.0;706.0;157.0;290.0;259.0;207.0;3.0;121.0;0.0;10.0;92.0;14.0;5.0;52.0;750.0;253.0;259.0;238.0;201.0;3.0;107.0;0.0;9.0;81.0;14.0;3.0;67.0;825.0;398.0;211.0;216.0;149.0;0.0;98.0;0.0;17.0;71.0;7.0;3.0;102.0;773.0;578.0;85.0;110.0;79.0;0.0;71.0;0.0;26.0;38.0;1.0;6.0;131.0;651.0;558.0;41.0;52.0;31.0;0.0;32.0;0.0;8.0;18.0;5.0;1.0;906.0;1044.0;932.0;57.0;55.0;24.0;0.0;46.0;0.0;26.0;17.0;2.0;1.0;5683.0;5710.0;1416.0;948.0;1.91;3.42;3.42;74.42;838.0;698.0;3595.0;1709.0;750.0;599.0;3387.0;2181.0;0.0;0.0;0.0;0.0;0.0;0.0;0.0;1.0;0.0;0.0;0.0;0.0;0.0;0.0;0.0;0.0;2.43;0.47;11.72;0.17;0.84;1.35;0.0;0.46;0.01;0.09;0.0;0.73;0.39;29.17;0.86;11.81;0.0;0.0;0.0;38.99;0.08;0.17;0.26;0.0;2.5;15.62;0.0;0.0;0.0;0.0;0.0;0.0;0.0;0.0;0.0;0.0;0.0;32.31;0.0;0.0;0.0;44.88;0.0;0.0;0.0;0.0;0.0;0.0;0.0;0.0;0.0;0.0;0.0;0.0;0.0;0.0;0.0;0.0;0.0;0.0;0.0;0.0;0.0;0.0;0.0;0.0;0.0;0.0;0.0;0.0;0.0;0.0;0.0;0.0;0.0;0.0;0.0;0.0;0.0;0.0;0.0;0.0;0.0;0.0;0.0;0.0;0.0;0.0;0.0;0.0;0.0;0.0;0.0;0.0;100.01;4.7;0;0;1;0;0;0;0;0;0;0;0;0;0;0;0;0;0;0;0;0
SERTA;5.0;448.0;0.0;44.0;404.0;258.0;1.0;3.0;3.0;0.0;0.0;0.0;0.0;2.0;94.0;2.0;7.0;85.0;398.0;16.0;189.0;18.0;0.0;142.0;29.0;0.0;5.0;100.0;2.0;13.0;85.0;297.0;30.0;193.0;6.0;0.0;115.0;72.0;0.0;13.0;152.0;7.0;19.0;126.0;243.0;28.0;153.0;3.0;2.0;103.0;42.0;3.0;13.0;214.0;14.0;31.0;169.0;311.0;35.0;149.0;1.0;9.0;102.0;36.0;1.0;16.0;338.0;39.0;86.0;213.0;352.0;29.0;140.0;1.0;14.0;106.0;18.0;1.0;31.0;471.0;104.0;152.0;215.0;292.0;18.0;141.0;0.0;27.0;97.0;16.0;1.0;35.0;678.0;201.0;214.0;263.0;245.0;11.0;92.0;0.0;10.0;69.0;12.0;1.0;57.0;855.0;387.0;191.0;277.0;203.0;1.0;70.0;0.0;4.0;62.0;4.0;0.0;89.0;865.0;532.0;135.0;198.0;147.0;0.0;65.0;0.0;10.0;46.0;9.0;0.0;83.0;878.0;679.0;86.0;113.0;81.0;0.0;56.0;0.0;16.0;38.0;1.0;1.0;94.0;815.0;692.0;35.0;88.0;46.0;0.0;42.0;0.0;24.0;18.0;0.0;0.0;803.0;1605.0;1458.0;65.0;82.0;35.0;0.0;56.0;0.0;23.0;28.0;3.0;2.0;5393.0;6954.0;1593.0;829.0;1.45;3.47;3.47;0.0;819.0;748.0;3540.0;2007.0;765.0;666.0;3637.0;2587.0;32.7;0.0;0.0;0.0;0.0;0.0;0.0;0.0;1.0;0.0;0.0;0.0;0.0;0.0;0.0;0.19;2.09;2.74;8.04;0.11;0.97;1.51;0.0;0.47;0.08;0.12;0.08;1.86;0.67;0.74;0.07;40.14;0.0;0.0;0.0;39.89;0.04;0.18;0.0;0.0;1.33;3.58;0.0;0.0;0.0;0.0;0.0;0.0;0.0;0.0;0.0;0.0;0.0;49.57;0.0;0.0;0.0;0.98;0.0;0.0;0.0;0.0;0.0;0.0;0.0;0.0;0.0;0.0;0.0;0.0;0.0;0.0;0.0;0.0;0.0;0.0;0.0;0.0;0.0;0.0;0.0;0.0;0.0;0.0;0.0;0.0;0.0;0.0;0.0;0.0;0.0;0.0;0.0;0.0;0.0;0.0;0.0;0.0;0.0;0.0;0.0;0.0;0.0;0.0;0.0;0.0;0.0;0.0;0.0;0.0;99.99;44.53;0;0;0;0;0;1;0;0;0;0;0;0;0;0;0;0;0;0;0;0
SESIMBRA;16.0;1930.0;8.0;220.0;1702.0;1000.0;6.0;3.0;3.0;0.0;0.0;0.0;0.0;27.0;437.0;9.0;51.0;377.0;1627.0;80.0;634.0;48.0;0.0;493.0;92.0;1.0;41.0;437.0;12.0;69.0;356.0;1054.0;103.0;866.0;26.0;0.0;533.0;307.0;0.0;42.0;676.0;24.0;122.0;530.0;1077.0;140.0;880.0;23.0;5.0;554.0;289.0;9.0;53.0;1013.0;31.0;163.0;819.0;1245.0;142.0;1081.0;12.0;42.0;764.0;238.0;25.0;71.0;1262.0;68.0;283.0;911.0;1624.0;129.0;1272.0;9.0;86.0;953.0;204.0;20.0;76.0;1611.0;183.0;422.0;1006.0;1600.0;105.0;1101.0;0.0;109.0;833.0;135.0;24.0;96.0;1880.0;351.0;674.0;855.0;1081.0;49.0;658.0;0.0;70.0;481.0;95.0;12.0;95.0;1981.0;585.0;600.0;796.0;857.0;10.0;508.0;0.0;59.0;357.0;69.0;23.0;131.0;2004.0;870.0;482.0;652.0;690.0;0.0;368.0;0.0;58.0;247.0;52.0;11.0;161.0;2071.0;1314.0;307.0;450.0;412.0;0.0;306.0;0.0;62.0;205.0;33.0;6.0;201.0;2147.0;1578.0;182.0;387.0;224.0;0.0;210.0;0.0;49.0;125.0;23.0;13.0;955.0;3592.0;2980.0;227.0;385.0;198.0;0.0;209.0;0.0;50.0;137.0;15.0;7.0;24180.0;20154.0;3330.0;4720.0;4.5;4.98;4.98;94.05;3995.0;2985.0;13551.0;4904.0;3834.0;2775.0;14558.0;5782.0;0.0;0.0;0.0;0.0;0.0;0.0;0.0;1.0;0.0;0.0;0.0;0.0;0.0;1.0;0.0;0.41;5.49;1.23;10.8;0.09;1.12;5.25;0.03;1.33;0.13;0.14;0.16;0.87;2.01;8.91;0.6;16.98;0.0;0.0;0.0;43.88;0.06;0.38;0.15;0.0;5.6;9.8;0.0;0.0;0.0;0.0;0.0;0.0;0.0;0.0;0.0;0.0;0.0;32.48;0.0;0.0;0.0;36.01;0.0;0.0;0.0;0.0;0.0;0.0;0.0;0.0;0.0;0.0;0.0;0.0;0.0;0.0;0.0;0.0;0.0;0.0;0.0;0.0;0.0;0.0;0.0;0.0;0.0;0.0;0.0;0.0;0.0;0.0;0.0;0.0;0.0;0.0;0.0;0.0;0.0;0.0;0.0;0.0;0.0;0.0;0.0;0.0;0.0;0.0;0.0;0.0;0.0;0.0;5.32;0.0;100.01;10.8;0;0;0;0;0;0;0;0;0;0;0;0;0;0;0;1;0;0;0;0
SETUBAL;55.0;4515.0;75.0;703.0;3737.0;2178.0;6.0;7.0;7.0;0.0;0.0;0.0;0.0;71.0;1287.0;56.0;255.0;976.0;3815.0;109.0;1461.0;80.0;0.0;1188.0;193.0;0.0;106.0;1282.0;89.0;282.0;911.0;2367.0;216.0;2065.0;59.0;0.0;1290.0;701.0;15.0;138.0;1576.0;95.0;317.0;1164.0;2279.0;218.0;2149.0;35.0;20.0;1366.0;701.0;27.0;170.0;2006.0;134.0;407.0;1465.0;2630.0;226.0;2426.0;36.0;117.0;1683.0;554.0;36.0;207.0;2595.0;229.0;589.0;1777.0;3273.0;228.0;3145.0;15.0;182.0;2360.0;525.0;63.0;227.0;3310.0;419.0;915.0;1976.0;3311.0;225.0;3186.0;0.0;271.0;2430.0;409.0;76.0;220.0;3439.0;694.0;1006.0;1739.0;2525.0;105.0;2164.0;0.0;182.0;1629.0;282.0;71.0;246.0;3956.0;1126.0;1024.0;1806.0;2045.0;17.0;1633.0;0.0;160.0;1176.0;231.0;66.0;381.0;4520.0;1859.0;979.0;1682.0;1800.0;0.0;1371.0;0.0;156.0;1004.0;159.0;52.0;460.0;4981.0;2949.0;710.0;1322.0;1175.0;0.0;1066.0;0.0;194.0;734.0;99.0;39.0;513.0;5569.0;3724.0;542.0;1303.0;689.0;0.0;666.0;0.0;163.0;430.0;44.0;29.0;2427.0;9332.0;7010.0;755.0;1567.0;760.0;0.0;855.0;0.0;284.0;500.0;50.0;21.0;57427.0;44869.0;8933.0;12267.0;5.6;6.92;6.92;104.81;8997.0;6882.0;30360.0;12319.0;8519.0;6622.0;33623.0;16174.0;0.0;0.0;0.0;0.0;0.0;0.0;0.0;1.0;0.0;0.0;0.0;0.0;0.0;0.0;0.0;0.31;5.79;1.08;9.02;0.08;1.06;5.22;0.07;1.39;0.09;0.13;0.08;0.61;1.82;10.21;0.6;16.74;0.0;0.0;0.0;45.26;0.05;0.27;0.12;0.0;4.39;6.08;0.0;2.41;0.0;0.0;0.0;0.0;0.76;2.33;0.0;0.0;0.0;28.71;0.0;0.0;0.0;35.74;0.0;0.0;0.0;0.0;0.0;0.0;0.0;0.0;0.0;0.0;0.0;0.0;0.0;0.0;0.0;0.0;0.0;0.0;0.0;0.0;0.0;0.0;0.0;0.0;0.0;0.0;0.0;0.0;0.0;0.0;0.0;0.0;0.0;0.0;0.0;0.0;0.0;0.0;0.0;0.0;0.0;0.0;0.0;0.0;0.0;0.0;0.0;0.0;0.0;0.0;0.0;0.0;99.46;19.040000000000003;0;0;0;0;0;0;0;0;0;0;0;0;0;0;0;1;0;0;0;0
SEVER DO VOUGA;6.0;329.0;1.0;36.0;292.0;192.0;2.0;1.0;1.0;0.0;0.0;0.0;0.0;6.0;66.0;1.0;6.0;59.0;349.0;8.0;142.0;9.0;0.0;108.0;25.0;0.0;8.0;86.0;1.0;10.0;75.0;191.0;21.0;186.0;3.0;0.0;96.0;87.0;0.0;7.0;117.0;3.0;20.0;94.0;161.0;24.0;142.0;2.0;1.0;79.0;55.0;5.0;6.0;168.0;3.0;35.0;130.0;212.0;24.0;178.0;1.0;8.0;137.0;29.0;3.0;17.0;286.0;11.0;118.0;157.0;224.0;22.0;187.0;0.0;14.0;144.0;24.0;5.0;19.0;408.0;41.0;189.0;178.0;204.0;18.0;144.0;0.0;20.0;96.0;24.0;4.0;15.0;536.0;77.0;253.0;206.0;140.0;4.0;105.0;0.0;10.0;83.0;12.0;0.0;13.0;634.0;177.0;287.0;170.0;125.0;0.0;72.0;0.0;6.0;55.0;11.0;0.0;23.0;686.0;316.0;221.0;149.0;123.0;0.0;43.0;0.0;11.0;27.0;5.0;0.0;30.0;709.0;532.0;90.0;87.0;43.0;0.0;55.0;0.0;18.0;35.0;1.0;1.0;47.0;615.0;497.0;61.0;57.0;20.0;0.0;28.0;0.0;12.0;14.0;2.0;0.0;427.0;1234.0;1124.0;68.0;42.0;22.0;0.0;29.0;0.0;15.0;13.0;1.0;0.0;3938.0;5337.0;1064.0;724.0;1.51;2.46;2.46;0.0;573.0;599.0;2747.0;1428.0;551.0;502.0;2832.0;1831.0;24.6;0.0;0.0;0.0;0.0;0.0;0.0;0.0;0.0;1.0;0.0;0.0;0.0;0.0;0.0;0.12;3.15;4.51;7.03;0.07;1.01;3.24;0.03;0.67;0.04;0.06;0.0;0.85;0.8;1.03;0.4;48.62;0.0;0.0;0.0;27.75;0.0;0.54;0.1;0.0;0.0;0.0;0.0;0.0;0.0;0.0;0.0;0.0;0.0;0.0;0.0;0.0;0.0;29.29;0.0;0.0;0.0;1.69;0.0;0.0;0.0;0.0;0.0;0.0;0.0;0.0;0.0;0.0;0.0;0.0;0.0;0.0;0.0;0.0;0.0;0.0;0.0;0.0;0.0;0.0;0.0;0.0;0.0;0.0;0.0;0.0;0.0;0.0;0.0;0.0;0.0;0.0;0.0;0.0;0.0;0.0;0.0;0.0;0.0;0.0;0.0;0.0;0.0;0.0;0.0;0.0;0.0;0.0;0.0;0.0;100.0;69.02000000000001;1;0;0;0;0;0;0;0;0;0;0;0;0;0;0;0;0;0;0;0
SILVES;20.0;1178.0;9.0;181.0;988.0;533.0;1.0;2.0;2.0;0.0;0.0;0.0;0.0;23.0;430.0;16.0;47.0;367.0;934.0;25.0;284.0;16.0;0.0;232.0;35.0;1.0;43.0;470.0;18.0;53.0;399.0;794.0;62.0;408.0;14.0;0.0;280.0;114.0;0.0;44.0;601.0;35.0;102.0;464.0;753.0;61.0;502.0;8.0;8.0;356.0;127.0;3.0;66.0;920.0;62.0;167.0;691.0;834.0;73.0;611.0;4.0;49.0;443.0;107.0;8.0;82.0;1079.0;109.0;270.0;700.0;948.0;73.0;707.0;1.0;57.0;546.0;91.0;12.0;88.0;1206.0;170.0;379.0;657.0;904.0;42.0;536.0;0.0;52.0;424.0;49.0;11.0;129.0;1444.0;368.0;499.0;577.0;643.0;29.0;306.0;0.0;40.0;227.0;35.0;4.0;179.0;1625.0;606.0;445.0;574.0;643.0;5.0;265.0;0.0;41.0;179.0;36.0;9.0;263.0;1562.0;769.0;297.0;496.0;567.0;0.0;226.0;0.0;44.0;152.0;24.0;6.0;328.0;1599.0;1054.0;186.0;359.0;445.0;0.0;218.0;0.0;48.0;129.0;27.0;14.0;339.0;1595.0;1110.0;141.0;344.0;193.0;0.0;135.0;0.0;36.0;77.0;14.0;8.0;1393.0;2879.0;2402.0;163.0;314.0;181.0;0.0;131.0;0.0;39.0;68.0;11.0;13.0;0.0;0.0;0.0;0.0;11.29;13.49;13.49;83.81;2610.0;1791.0;9783.0;4403.0;2497.0;1639.0;10010.0;5033.0;43.5;0.0;0.0;0.0;0.0;0.0;0.0;1.0;0.0;0.0;0.0;0.0;0.0;1.0;0.0;0.53;5.15;0.94;13.25;0.16;1.44;3.63;0.0;1.03;0.12;0.22;0.0;1.2;1.69;8.41;0.0;21.74;0.0;0.0;0.0;39.79;0.21;0.34;0.13;0.0;2.09;5.34;0.0;1.4;0.0;0.0;0.0;0.0;0.0;0.0;0.0;0.0;0.0;19.85;0.0;0.0;0.0;45.13;0.0;0.0;0.0;0.0;0.0;0.0;0.0;0.0;0.0;0.0;0.0;0.0;0.0;0.0;0.0;0.0;0.0;0.0;0.0;0.0;0.0;0.0;0.0;0.0;0.0;0.0;0.0;0.0;0.0;0.0;0.0;0.0;0.0;0.0;0.0;0.0;0.0;0.0;0.0;0.0;0.0;0.0;0.0;0.0;0.0;0.0;0.0;0.0;0.0;0.0;0.0;0.0;100.01;26.2;0;0;0;0;0;0;0;1;0;0;0;0;0;0;0;0;0;0;0;0
SINES;7.0;479.0;8.0;64.0;407.0;205.0;1.0;1.0;1.0;0.0;0.0;0.0;0.0;2.0;153.0;6.0;34.0;113.0;370.0;18.0;112.0;2.0;0.0;97.0;13.0;0.0;15.0;196.0;16.0;29.0;151.0;284.0;32.0;169.0;5.0;0.0;108.0;56.0;0.0;20.0;217.0;18.0;38.0;161.0;332.0;38.0;205.0;4.0;2.0;113.0;83.0;3.0;20.0;244.0;18.0;50.0;176.0;372.0;37.0;283.0;7.0;10.0;193.0;69.0;4.0;28.0;385.0;29.0;82.0;274.0;420.0;30.0;297.0;1.0;17.0;237.0;39.0;3.0;22.0;458.0;69.0;141.0;248.0;333.0;27.0;204.0;0.0;15.0;150.0;32.0;7.0;25.0;503.0;116.0;169.0;218.0;255.0;5.0;144.0;0.0;10.0;108.0;23.0;3.0;35.0;624.0;229.0;185.0;210.0;265.0;2.0;115.0;0.0;12.0;85.0;12.0;6.0;42.0;647.0;295.0;144.0;208.0;222.0;0.0;98.0;0.0;11.0;69.0;18.0;0.0;52.0;611.0;392.0;81.0;138.0;123.0;0.0;75.0;0.0;13.0;47.0;10.0;5.0;55.0;656.0;504.0;64.0;88.0;48.0;0.0;52.0;0.0;17.0;31.0;4.0;0.0;391.0;1049.0;926.0;49.0;74.0;32.0;0.0;49.0;0.0;15.0;30.0;3.0;1.0;6705.0;5103.0;1081.0;1309.0;6.26;6.25;6.25;120.33;979.0;677.0;3770.0;1396.0;1028.0;671.0;3880.0;1797.0;0.0;0.0;0.0;0.0;0.0;0.0;0.0;0.0;1.0;0.0;0.0;0.0;0.0;1.0;0.0;0.23;5.11;1.23;10.05;0.12;1.26;3.5;0.02;1.17;0.14;0.24;0.02;0.81;1.08;8.68;0.73;17.23;0.0;0.0;0.0;47.96;0.01;0.24;0.16;0.0;0.0;3.56;0.0;0.0;0.0;0.0;0.0;0.0;0.0;0.0;0.0;0.0;0.0;51.5;0.0;0.0;0.0;14.68;0.0;0.0;0.0;0.0;0.0;0.0;0.0;0.0;0.0;0.0;0.0;0.0;0.0;0.0;0.0;0.0;0.0;0.0;26.84;0.0;0.0;0.0;0.0;0.0;0.0;0.0;0.0;0.0;0.0;0.0;0.0;0.0;0.0;0.0;0.0;0.0;0.0;0.0;0.0;0.0;0.0;0.0;0.0;0.0;0.0;0.0;0.0;0.0;0.0;0.0;0.0;0.0;100.0;3.42;0;0;0;0;0;0;0;0;0;0;0;0;0;0;0;1;0;0;0;0
SINTRA;194.0;14266.0;83.0;1743.0;12440.0;7915.0;21.0;27.0;27.0;0.0;0.0;0.0;0.0;301.0;3896.0;78.0;493.0;3325.0;14105.0;525.0;5373.0;210.0;0.0;4400.0;754.0;9.0;420.0;4176.0;157.0;646.0;3373.0;9936.0;868.0;8531.0;190.0;0.0;5382.0;2919.0;40.0;580.0;5195.0;230.0;929.0;4036.0;9086.0;939.0;8005.0;138.0;73.0;5128.0;2560.0;106.0;629.0;6976.0;428.0;1229.0;5319.0;9001.0;825.0;7641.0;111.0;458.0;5215.0;1712.0;145.0;724.0;9015.0;831.0;2001.0;6183.0;10590.0;836.0;8071.0;26.0;573.0;6154.0;1149.0;169.0;674.0;11351.0;1551.0;3315.0;6485.0;11146.0;752.0;7802.0;0.0;815.0;5832.0;978.0;177.0;786.0;13666.0;2770.0;4418.0;6478.0;9363.0;526.0;5812.0;0.0;750.0;4119.0;779.0;164.0;810.0;13598.0;4237.0;3708.0;5653.0;7743.0;86.0;4455.0;0.0;589.0;3086.0;616.0;164.0;873.0;12717.0;5460.0;2858.0;4399.0;5546.0;0.0;3445.0;0.0;504.0;2367.0;444.0;130.0;1102.0;12840.0;7607.0;1826.0;3407.0;3245.0;0.0;2384.0;0.0;501.0;1551.0;222.0;110.0;1069.0;13227.0;8569.0;1368.0;3290.0;1746.0;0.0;1619.0;0.0;396.0;1027.0;128.0;68.0;4619.0;23415.0;17571.0;1973.0;3871.0;1824.0;0.0;1795.0;0.0;572.0;1059.0;102.0;62.0;197314.0;132137.0;21629.0;34526.0;9.26;9.91;9.91;97.85;28890.0;23461.0;100356.0;29085.0;28013.0;23162.0;112839.0;39800.0;0.0;0.0;0.0;0.0;0.0;0.0;0.0;0.0;1.0;0.0;0.0;0.0;0.0;1.0;0.05;0.32;5.06;1.45;9.63;0.11;1.17;6.28;0.09;1.8;0.13;0.15;0.13;0.96;2.29;4.47;0.45;21.79;0.0;0.0;0.0;43.22;0.04;0.3;0.11;0.0;6.08;9.51;0.0;2.81;0.0;0.0;0.0;0.0;3.11;3.4;0.0;0.0;0.0;36.88;0.0;0.0;0.0;9.43;0.0;0.0;0.0;0.0;0.0;0.0;0.0;0.0;0.0;0.0;0.0;0.0;0.0;0.0;0.0;0.0;0.0;0.0;0.0;0.0;0.0;0.0;0.0;0.0;0.0;0.0;0.0;0.0;0.0;0.0;0.0;0.0;0.0;0.0;0.0;0.0;0.0;0.0;0.0;0.0;0.0;0.0;0.0;0.0;0.0;0.0;0.0;0.0;0.0;0.0;0.0;0.0;100.0;28.78;0;0;0;0;0;0;0;0;0;0;1;0;0;0;0;0;0;0;0;0
SOBRAL DE MONTE AGRACO;3.0;409.0;3.0;54.0;352.0;192.0;0.0;0.0;0.0;0.0;0.0;0.0;0.0;5.0;121.0;2.0;25.0;94.0;293.0;18.0;122.0;4.0;0.0;97.0;21.0;0.0;6.0;120.0;5.0;24.0;91.0;189.0;22.0;150.0;5.0;0.0;96.0;48.0;1.0;10.0;193.0;9.0;41.0;143.0;169.0;13.0;135.0;2.0;1.0;83.0;45.0;4.0;10.0;258.0;18.0;65.0;175.0;209.0;33.0;190.0;2.0;7.0;138.0;43.0;0.0;9.0;339.0;36.0;104.0;199.0;303.0;18.0;224.0;1.0;9.0;172.0;39.0;3.0;21.0;455.0;98.0;168.0;189.0;256.0;18.0;175.0;0.0;15.0;137.0;19.0;4.0;20.0;433.0;122.0;158.0;153.0;198.0;11.0;94.0;0.0;10.0;72.0;11.0;1.0;22.0;467.0;217.0;127.0;123.0;113.0;1.0;71.0;0.0;9.0;48.0;12.0;2.0;28.0;473.0;223.0;151.0;99.0;96.0;0.0;63.0;0.0;7.0;50.0;4.0;2.0;38.0;428.0;317.0;48.0;63.0;57.0;0.0;45.0;0.0;11.0;30.0;3.0;1.0;46.0;439.0;360.0;33.0;46.0;27.0;0.0;27.0;0.0;10.0;9.0;3.0;5.0;297.0;722.0;650.0;26.0;46.0;27.0;0.0;16.0;0.0;8.0;7.0;0.0;1.0;4692.0;4113.0;812.0;923.0;4.48;4.69;4.69;0.0;813.0;588.0;2737.0;937.0;780.0;575.0;2878.0;1232.0;0.0;0.0;0.0;0.0;0.0;0.0;0.0;1.0;0.0;0.0;0.0;0.0;0.0;1.0;0.03;0.34;4.12;1.37;9.09;0.07;1.14;5.58;0.18;1.62;0.27;0.17;0.09;1.18;1.53;8.33;1.03;21.43;0.0;0.0;0.0;41.91;0.04;0.41;0.08;0.0;0.0;0.0;0.0;0.0;0.0;0.0;0.0;0.0;0.0;0.0;0.0;0.0;0.0;29.33;0.0;0.0;0.0;45.31;0.0;0.0;0.0;0.0;0.0;0.0;0.0;0.0;0.0;0.0;0.0;0.0;0.0;0.0;0.0;0.0;0.0;0.0;0.0;0.0;0.0;0.0;0.0;0.0;0.0;0.0;0.0;0.0;0.0;0.0;0.0;0.0;0.0;0.0;0.0;0.0;0.0;0.0;0.0;0.0;0.0;0.0;0.0;0.0;0.0;0.0;0.0;0.0;0.0;0.0;0.0;0.0;100.0;25.36;0;0;0;0;0;0;0;0;0;0;1;0;0;0;0;0;0;0;0;0
SOURE;1.0;481.0;0.0;54.0;427.0;250.0;2.0;1.0;1.0;0.0;0.0;0.0;0.0;1.0;93.0;1.0;5.0;87.0;444.0;11.0;211.0;14.0;0.0;166.0;31.0;0.0;6.0;85.0;0.0;6.0;79.0;288.0;26.0;254.0;4.0;0.0;153.0;94.0;3.0;10.0;142.0;6.0;17.0;119.0;252.0;33.0;219.0;1.0;2.0;126.0;89.0;1.0;9.0;222.0;7.0;28.0;187.0;309.0;24.0;263.0;0.0;6.0;198.0;57.0;2.0;22.0;365.0;33.0;75.0;257.0;415.0;24.0;302.0;3.0;13.0;233.0;49.0;4.0;22.0;576.0;109.0;163.0;304.0;459.0;17.0;210.0;0.0;19.0;156.0;34.0;1.0;35.0;643.0;157.0;182.0;304.0;314.0;17.0;127.0;0.0;5.0;100.0;18.0;4.0;37.0;874.0;323.0;223.0;328.0;257.0;3.0;88.0;0.0;6.0;66.0;15.0;1.0;57.0;905.0;470.0;146.0;289.0;229.0;0.0;87.0;0.0;15.0;63.0;4.0;5.0;105.0;1016.0;750.0;85.0;181.0;109.0;0.0;76.0;0.0;18.0;55.0;2.0;1.0;175.0;1039.0;836.0;66.0;137.0;64.0;0.0;54.0;0.0;20.0;28.0;5.0;1.0;1200.0;1840.0;1638.0;74.0;128.0;41.0;0.0;59.0;0.0;26.0;28.0;2.0;3.0;5640.0;8494.0;2006.0;1121.0;1.22;1.94;1.94;0.0;917.0;788.0;4014.0;2448.0;844.0;707.0;4213.0;3330.0;14.4;0.0;0.0;0.0;0.0;0.0;0.0;0.0;1.0;0.0;0.0;0.0;0.0;1.0;0.15;0.0;4.9;1.3;6.68;0.05;1.9;2.44;0.0;0.94;0.08;0.14;0.0;1.28;0.83;3.24;0.24;25.09;0.0;0.0;0.0;50.08;0.0;0.58;0.08;0.0;0.0;3.84;0.0;0.0;0.0;0.0;0.0;0.0;0.0;0.0;0.0;0.0;0.0;47.76;0.0;0.0;0.0;9.04;0.0;0.0;0.0;0.0;0.0;0.0;0.0;0.0;0.0;0.0;0.0;0.0;0.0;0.0;0.0;0.0;0.0;0.0;0.0;0.0;0.0;0.0;0.0;0.0;0.0;0.0;0.0;0.0;0.0;0.0;0.0;0.0;0.0;0.0;0.0;0.0;0.0;0.0;0.0;0.0;0.0;0.0;0.0;0.0;0.0;0.0;0.0;0.0;0.0;0.0;0.0;0.0;100.01;39.37;0;0;0;0;0;0;1;0;0;0;0;0;0;0;0;0;0;0;0;0
SOUSEL;0.0;124.0;2.0;11.0;111.0;57.0;0.0;0.0;0.0;0.0;0.0;0.0;0.0;2.0;46.0;3.0;4.0;39.0;118.0;2.0;43.0;4.0;0.0;34.0;5.0;0.0;4.0;32.0;3.0;4.0;25.0;71.0;9.0;45.0;2.0;0.0;25.0;18.0;0.0;5.0;60.0;9.0;8.0;43.0;50.0;5.0;36.0;0.0;0.0;27.0;9.0;0.0;5.0;71.0;4.0;12.0;55.0;89.0;9.0;45.0;0.0;1.0;33.0;10.0;1.0;7.0;133.0;20.0;25.0;88.0;89.0;9.0;55.0;0.0;2.0;46.0;6.0;1.0;3.0;170.0;33.0;42.0;95.0;71.0;4.0;50.0;0.0;8.0;34.0;7.0;1.0;4.0;187.0;48.0;54.0;85.0;71.0;3.0;40.0;0.0;5.0;32.0;3.0;0.0;10.0;201.0;64.0;60.0;77.0;62.0;1.0;31.0;0.0;3.0;22.0;3.0;3.0;15.0;219.0;100.0;49.0;70.0;44.0;0.0;24.0;0.0;0.0;19.0;3.0;2.0;11.0;230.0;152.0;36.0;42.0;22.0;0.0;14.0;0.0;2.0;11.0;0.0;1.0;28.0;246.0;196.0;22.0;28.0;11.0;0.0;14.0;0.0;3.0;8.0;2.0;1.0;342.0;502.0;457.0;20.0;25.0;6.0;0.0;17.0;0.0;3.0;10.0;3.0;1.0;1646.0;1868.0;558.0;288.0;1.64;2.22;2.22;72.89;244.0;205.0;991.0;587.0;242.0;187.0;1048.0;856.0;0.0;0.0;0.0;0.0;0.0;0.0;0.0;0.0;1.0;0.0;0.0;0.0;0.0;0.0;0.0;0.0;2.63;0.55;10.78;0.0;0.88;2.16;0.0;0.44;0.24;0.0;0.0;1.27;0.27;7.68;0.61;24.8;0.0;0.0;0.0;47.34;0.07;0.29;0.0;0.0;0.0;2.69;0.0;0.0;0.0;0.0;0.0;0.0;0.0;0.0;0.0;0.0;0.0;64.26;0.0;0.0;0.0;4.47;0.0;0.0;0.0;0.0;0.0;0.0;0.0;0.0;0.0;0.0;0.0;0.0;0.0;0.0;0.0;0.0;0.0;0.0;0.0;0.0;0.0;0.0;0.0;0.0;0.0;0.0;0.0;0.0;0.0;0.0;0.0;0.0;0.0;0.0;0.0;0.0;0.0;0.0;0.0;0.0;0.0;0.0;0.0;0.0;0.0;0.0;0.0;0.0;0.0;0.0;0.0;0.0;100.01;28.59;0;0;0;0;0;0;0;0;0;0;0;0;1;0;0;0;0;0;0;0
TABUA;2.0;356.0;0.0;49.0;307.0;187.0;0.0;0.0;0.0;0.0;0.0;0.0;0.0;6.0;79.0;1.0;12.0;66.0;309.0;10.0;111.0;5.0;0.0;93.0;13.0;0.0;3.0;138.0;2.0;10.0;126.0;178.0;16.0;137.0;1.0;0.0;87.0;49.0;0.0;9.0;216.0;7.0;42.0;167.0;180.0;12.0;112.0;0.0;0.0;68.0;43.0;1.0;5.0;233.0;8.0;59.0;166.0;201.0;16.0;109.0;3.0;3.0;82.0;21.0;0.0;16.0;343.0;44.0;108.0;191.0;222.0;14.0;143.0;0.0;14.0;110.0;18.0;1.0;33.0;443.0;86.0;173.0;184.0;201.0;8.0;88.0;0.0;7.0;69.0;10.0;2.0;38.0;525.0;176.0;178.0;171.0;139.0;7.0;65.0;0.0;10.0;41.0;14.0;0.0;52.0;598.0;324.0;126.0;148.0;125.0;2.0;63.0;0.0;13.0;36.0;12.0;2.0;52.0;618.0;392.0;108.0;118.0;119.0;0.0;55.0;0.0;10.0;37.0;8.0;0.0;67.0;595.0;494.0;42.0;59.0;79.0;0.0;49.0;0.0;18.0;19.0;10.0;2.0;75.0;593.0;498.0;33.0;62.0;30.0;0.0;33.0;0.0;10.0;17.0;6.0;0.0;488.0;1254.0;1142.0;48.0;64.0;35.0;0.0;25.0;0.0;9.0;14.0;1.0;1.0;4168.0;5061.0;1102.0;829.0;3.52;4.82;4.82;0.0;629.0;491.0;2717.0;1449.0;614.0;569.0;2817.0;1874.0;21.5;0.0;0.0;0.0;0.0;0.0;0.0;0.0;1.0;0.0;0.0;0.0;0.0;0.0;0.1;0.0;2.06;1.95;4.64;0.12;1.19;2.16;0.0;0.27;0.03;0.15;0.0;1.62;0.88;1.82;0.33;32.77;0.0;0.0;0.0;49.38;0.0;0.37;0.14;0.0;0.0;0.0;0.0;0.0;0.0;0.0;0.0;0.0;0.0;0.0;0.0;0.0;0.0;54.32;0.0;0.0;0.0;1.97;0.0;0.0;0.0;0.0;0.0;0.0;0.0;0.0;0.0;0.0;0.0;0.0;0.0;0.0;0.0;0.0;0.0;0.0;0.0;0.0;0.0;0.0;0.0;0.0;0.0;0.0;0.0;0.0;0.0;0.0;0.0;0.0;0.0;0.0;0.0;0.0;0.0;0.0;0.0;0.0;0.0;0.0;0.0;0.0;0.0;0.0;0.0;0.0;0.0;0.0;0.0;0.0;100.0;43.71;0;0;0;0;0;0;1;0;0;0;0;0;0;0;0;0;0;0;0;0
TABUACO;2.0;154.0;0.0;23.0;131.0;66.0;1.0;0.0;0.0;0.0;0.0;0.0;0.0;0.0;58.0;0.0;10.0;48.0;135.0;3.0;47.0;3.0;0.0;35.0;9.0;0.0;2.0;52.0;3.0;11.0;38.0;97.0;4.0;58.0;2.0;0.0;41.0;15.0;0.0;5.0;79.0;7.0;25.0;47.0;62.0;7.0;43.0;1.0;0.0;23.0;19.0;0.0;8.0;105.0;16.0;28.0;61.0;83.0;2.0;47.0;1.0;1.0;35.0;10.0;0.0;8.0;153.0;29.0;49.0;75.0;83.0;1.0;39.0;0.0;2.0;34.0;2.0;1.0;8.0;199.0;41.0;85.0;73.0;49.0;3.0;54.0;0.0;14.0;33.0;5.0;2.0;28.0;238.0;109.0;67.0;62.0;51.0;0.0;29.0;0.0;0.0;28.0;1.0;0.0;27.0;334.0;185.0;72.0;77.0;54.0;1.0;14.0;0.0;0.0;14.0;0.0;0.0;28.0;388.0;237.0;73.0;78.0;49.0;0.0;23.0;0.0;2.0;19.0;1.0;1.0;44.0;347.0;273.0;34.0;40.0;16.0;0.0;16.0;0.0;5.0;10.0;0.0;1.0;38.0;302.0;260.0;21.0;21.0;11.0;0.0;5.0;0.0;4.0;1.0;0.0;0.0;274.0;518.0;476.0;24.0;18.0;6.0;0.0;17.0;0.0;7.0;10.0;0.0;0.0;1671.0;2531.0;572.0;260.0;0.91;1.15;1.15;0.0;236.0;226.0;1219.0;694.0;223.0;240.0;1296.0;900.0;0.0;0.0;0.0;0.0;0.0;0.0;0.0;0.0;0.0;1.0;0.0;0.0;0.0;1.0;0.0;0.42;2.69;3.41;7.8;0.07;0.8;0.88;0.0;0.31;0.04;0.04;0.0;1.46;0.66;0.59;0.0;38.06;0.0;0.0;0.0;41.62;0.08;0.71;0.37;0.0;0.0;4.72;0.0;0.0;0.0;0.0;0.0;0.0;0.0;0.0;0.0;0.0;0.0;19.83;0.0;0.0;0.0;0.96;0.0;0.0;0.0;0.0;0.0;0.0;0.0;0.0;0.0;0.0;0.0;0.0;0.0;0.0;0.0;0.0;0.0;0.0;0.0;0.0;0.0;0.0;0.0;0.0;0.0;0.0;0.0;0.0;0.0;0.0;0.0;0.0;0.0;0.0;0.0;0.0;0.0;0.0;0.0;0.0;0.0;0.0;0.0;0.0;0.0;0.0;0.0;0.0;0.0;0.0;0.0;0.0;100.0;74.49;0;0;0;0;0;0;0;0;0;0;0;0;0;0;0;0;0;0;1;0
TAROUCA;5.0;248.0;1.0;35.0;212.0;120.0;0.0;1.0;1.0;0.0;0.0;0.0;0.0;4.0;66.0;1.0;6.0;59.0;253.0;7.0;89.0;5.0;0.0;70.0;14.0;0.0;3.0;80.0;3.0;14.0;63.0;113.0;5.0;98.0;1.0;0.0;61.0;35.0;1.0;12.0;132.0;9.0;31.0;92.0;95.0;7.0;84.0;3.0;0.0;54.0;26.0;1.0;12.0;159.0;16.0;45.0;98.0;133.0;7.0;101.0;1.0;0.0;78.0;21.0;1.0;13.0;250.0;62.0;90.0;98.0;144.0;8.0;76.0;0.0;8.0;55.0;12.0;1.0;23.0;334.0;110.0;133.0;91.0;135.0;6.0;53.0;0.0;8.0;40.0;4.0;1.0;37.0;399.0;168.0;124.0;107.0;90.0;2.0;56.0;0.0;4.0;45.0;6.0;1.0;44.0;476.0;246.0;133.0;97.0;67.0;0.0;25.0;0.0;3.0;20.0;2.0;0.0;43.0;438.0;294.0;84.0;60.0;57.0;0.0;30.0;0.0;3.0;24.0;3.0;0.0;45.0;375.0;306.0;29.0;40.0;31.0;0.0;26.0;0.0;9.0;13.0;2.0;2.0;60.0;372.0;318.0;34.0;20.0;19.0;0.0;14.0;0.0;7.0;4.0;2.0;1.0;307.0;535.0;480.0;24.0;31.0;8.0;0.0;15.0;0.0;8.0;6.0;1.0;0.0;2782.0;3393.0;668.0;520.0;0.84;0.81;0.81;0.0;461.0;405.0;1861.0;800.0;455.0;388.0;1986.0;1007.0;0.0;0.0;0.0;0.0;0.0;0.0;0.0;0.0;0.0;1.0;0.0;0.0;0.0;1.0;0.0;0.09;2.56;2.01;6.76;0.08;0.64;1.29;0.0;0.53;0.01;0.03;0.12;1.67;0.47;2.3;0.0;40.75;0.0;0.0;0.0;40.1;0.22;0.26;0.11;0.0;0.0;0.0;0.0;0.0;0.0;0.0;0.0;0.0;0.0;0.0;0.0;0.0;0.0;35.17;0.0;0.0;0.0;2.72;0.0;0.0;0.0;0.0;0.0;0.0;0.0;0.0;0.0;0.0;0.0;0.0;0.0;0.0;0.0;0.0;0.0;0.0;0.0;0.0;0.0;0.0;0.0;0.0;0.0;0.0;0.0;0.0;0.0;0.0;0.0;0.0;0.0;0.0;0.0;0.0;0.0;0.0;0.0;0.0;0.0;0.0;0.0;0.0;0.0;0.0;0.0;0.0;0.0;0.0;0.0;0.0;100.0;62.11;0;0;0;0;0;0;0;0;0;0;0;0;0;0;0;0;0;0;1;0
TAVIRA;11.0;827.0;6.0;92.0;729.0;383.0;3.0;2.0;2.0;0.0;0.0;0.0;0.0;21.0;254.0;10.0;20.0;224.0;627.0;20.0;241.0;4.0;0.0;205.0;32.0;0.0;40.0;275.0;7.0;33.0;235.0;466.0;29.0;298.0;9.0;0.0;196.0;92.0;1.0;43.0;373.0;29.0;60.0;284.0;508.0;50.0;311.0;8.0;5.0;213.0;80.0;5.0;57.0;515.0;41.0;106.0;368.0;534.0;58.0;427.0;8.0;29.0;319.0;65.0;6.0;53.0;656.0;51.0;165.0;440.0;597.0;49.0;519.0;5.0;38.0;392.0;73.0;11.0;62.0;784.0;128.0;269.0;387.0;597.0;31.0;493.0;0.0;66.0;339.0;76.0;12.0;100.0;941.0;259.0;318.0;364.0;553.0;22.0;339.0;0.0;31.0;246.0;48.0;14.0;153.0;1069.0;417.0;335.0;317.0;495.0;2.0;267.0;0.0;40.0;173.0;42.0;12.0;263.0;1089.0;548.0;222.0;319.0;456.0;0.0;297.0;0.0;52.0;181.0;52.0;12.0;379.0;1141.0;737.0;174.0;230.0;438.0;0.0;312.0;0.0;64.0;159.0;65.0;24.0;349.0;1294.0;882.0;125.0;287.0;193.0;0.0;233.0;0.0;46.0;114.0;48.0;25.0;1108.0;2220.0;1783.0;165.0;272.0;192.0;0.0;205.0;0.0;50.0;118.0;23.0;14.0;0.0;0.0;0.0;0.0;9.44;17.13;17.13;93.74;1633.0;1253.0;6865.0;3828.0;1566.0;1136.0;7006.0;4236.0;46.5;0.0;0.0;0.0;0.0;0.0;0.0;0.0;1.0;0.0;0.0;0.0;0.0;0.0;0.0;0.31;4.71;0.82;8.98;0.18;1.66;2.98;0.0;1.0;0.14;0.12;0.0;1.27;1.22;3.5;0.0;27.05;0.0;0.0;0.0;45.29;0.19;0.47;0.11;0.0;2.45;4.96;0.0;0.0;0.0;0.0;0.0;0.0;0.0;0.0;0.0;0.0;0.0;45.13;0.0;0.0;0.0;3.43;0.0;0.0;0.0;0.0;0.0;0.0;0.0;0.0;0.0;0.0;0.0;0.0;0.0;0.0;0.0;0.0;0.0;0.0;0.0;0.0;0.0;0.0;0.0;0.0;0.0;0.0;0.0;0.0;0.0;0.0;0.0;0.0;0.0;0.0;0.0;0.0;0.0;0.0;0.0;0.0;0.0;0.0;0.0;0.0;0.0;0.0;0.0;0.0;0.0;0.0;0.0;0.0;100.0;44.03;0;0;0;0;0;0;0;1;0;0;0;0;0;0;0;0;0;0;0;0
TERRAS DE BOURO;2.0;213.0;0.0;23.0;190.0;113.0;0.0;1.0;1.0;0.0;0.0;0.0;0.0;2.0;38.0;0.0;4.0;34.0;202.0;8.0;62.0;5.0;0.0;45.0;12.0;0.0;2.0;42.0;0.0;3.0;39.0;143.0;11.0;80.0;0.0;0.0;50.0;29.0;1.0;4.0;93.0;1.0;22.0;70.0;104.0;8.0;53.0;1.0;0.0;26.0;26.0;0.0;4.0;144.0;12.0;37.0;95.0;105.0;9.0;71.0;1.0;1.0;48.0;20.0;1.0;14.0;172.0;13.0;69.0;90.0;107.0;6.0;65.0;0.0;6.0;51.0;6.0;2.0;15.0;269.0;40.0;102.0;127.0;105.0;6.0;47.0;0.0;3.0;33.0;9.0;2.0;24.0;350.0;91.0;134.0;125.0;91.0;1.0;27.0;0.0;0.0;22.0;3.0;2.0;19.0;409.0;187.0;100.0;122.0;86.0;2.0;27.0;0.0;3.0;23.0;0.0;1.0;26.0;406.0;247.0;77.0;82.0;61.0;0.0;15.0;0.0;2.0;6.0;3.0;4.0;19.0;375.0;311.0;28.0;36.0;22.0;0.0;19.0;0.0;2.0;16.0;1.0;0.0;40.0;395.0;349.0;19.0;27.0;20.0;0.0;8.0;0.0;0.0;6.0;1.0;1.0;317.0;603.0;569.0;11.0;23.0;15.0;0.0;16.0;0.0;5.0;10.0;1.0;0.0;2365.0;3011.0;653.0;329.0;0.74;1.51;1.51;67.12;334.0;336.0;1585.0;819.0;311.0;305.0;1638.0;1030.0;32.4;0.0;0.0;0.0;0.0;0.0;0.0;0.0;0.0;1.0;0.0;0.0;0.0;0.0;0.03;0.0;1.96;1.7;7.55;0.02;1.17;1.76;0.02;0.34;0.28;0.09;0.0;0.74;0.87;1.75;0.0;44.9;0.0;0.0;0.0;36.27;0.15;0.26;0.15;0.0;0.0;4.81;0.0;0.0;0.0;0.0;0.0;0.0;0.0;0.0;0.0;0.0;0.0;13.49;0.0;0.0;0.0;2.49;0.0;0.0;0.0;0.0;0.0;0.0;0.0;0.0;0.0;0.0;0.0;0.0;0.0;0.0;0.0;0.0;0.0;0.0;0.0;0.0;0.0;0.0;0.0;0.0;0.0;0.0;0.0;0.0;0.0;0.0;0.0;0.0;0.0;0.0;0.0;0.0;0.0;0.0;0.0;0.0;0.0;0.0;0.0;0.0;0.0;0.0;0.0;0.0;0.0;0.0;0.0;0.0;100.0;79.21;0;0;0;1;0;0;0;0;0;0;0;0;0;0;0;0;0;0;0;0
TOMAR;16.0;1150.0;13.0;142.0;995.0;549.0;0.0;4.0;4.0;0.0;0.0;0.0;0.0;19.0;235.0;17.0;32.0;186.0;1058.0;32.0;491.0;24.0;0.0;397.0;69.0;1.0;21.0;256.0;13.0;41.0;202.0;614.0;71.0;633.0;20.0;0.0;392.0;219.0;2.0;28.0;339.0;9.0;75.0;255.0;544.0;69.0;515.0;5.0;2.0;316.0;186.0;6.0;42.0;463.0;37.0;90.0;336.0;567.0;67.0;623.0;4.0;20.0;446.0;144.0;9.0;42.0;648.0;64.0;178.0;406.0;726.0;56.0;638.0;2.0;43.0;487.0;93.0;13.0;64.0;1071.0;156.0;372.0;543.0;713.0;40.0;598.0;0.0;59.0;440.0;81.0;18.0;96.0;1461.0;337.0;539.0;585.0;696.0;29.0;456.0;0.0;41.0;343.0;63.0;9.0;90.0;1702.0;576.0;524.0;602.0;633.0;6.0;417.0;0.0;39.0;311.0;53.0;14.0;130.0;1810.0;887.0;375.0;548.0;598.0;0.0;357.0;0.0;46.0;262.0;32.0;17.0;143.0;1846.0;1251.0;215.0;380.0;371.0;0.0;348.0;0.0;79.0;235.0;26.0;8.0;184.0;2020.0;1510.0;177.0;333.0;167.0;0.0;187.0;0.0;60.0;106.0;15.0;6.0;1259.0;4187.0;3546.0;215.0;426.0;189.0;0.0;238.0;0.0;96.0;123.0;15.0;4.0;13770.0;15604.0;3868.0;3171.0;1.95;2.78;2.78;0.0;1997.0;1839.0;8608.0;4635.0;1794.0;1715.0;9321.0;6504.0;0.0;0.0;0.0;0.0;0.0;0.0;0.0;0.0;1.0;0.0;0.0;0.0;0.0;0.0;0.0;0.0;4.51;2.05;9.62;0.13;1.23;2.8;0.0;0.73;0.15;0.2;0.0;1.16;1.17;3.4;0.0;27.58;0.0;0.0;0.0;44.58;0.1;0.37;0.24;0.0;5.0;6.49;0.0;0.0;0.0;0.0;0.0;0.0;0.0;0.0;0.0;0.0;0.0;41.92;0.0;0.0;1.29;5.36;0.0;0.0;0.0;0.0;0.0;0.0;0.0;0.0;0.0;0.0;0.0;0.0;0.0;0.0;0.0;0.0;0.0;0.0;0.0;0.0;0.0;0.0;0.0;0.0;0.0;0.0;0.0;0.0;0.0;0.0;0.0;0.0;0.0;0.0;0.0;0.0;0.0;0.0;0.0;0.0;0.0;0.0;0.0;0.0;0.0;0.0;0.0;0.0;0.0;0.0;0.0;0.0;100.0;39.940000000000005;0;0;0;0;0;0;0;0;0;0;0;0;0;0;1;0;0;0;0;0
TONDELA;7.0;791.0;1.0;97.0;693.0;378.0;3.0;2.0;2.0;0.0;0.0;0.0;0.0;9.0;176.0;0.0;16.0;160.0;780.0;22.0;286.0;17.0;0.0;218.0;51.0;0.0;11.0;237.0;6.0;19.0;212.0;498.0;36.0;343.0;9.0;0.0;209.0;125.0;0.0;19.0;312.0;5.0;51.0;256.0;441.0;25.0;373.0;8.0;0.0;241.0;122.0;2.0;18.0;452.0;15.0;108.0;329.0;462.0;36.0;317.0;2.0;10.0;235.0;58.0;12.0;35.0;623.0;60.0;211.0;352.0;503.0;38.0;382.0;0.0;29.0;311.0;37.0;5.0;38.0;953.0;151.0;390.0;412.0;432.0;18.0;336.0;0.0;37.0;248.0;39.0;12.0;44.0;1076.0;254.0;470.0;352.0;341.0;21.0;225.0;0.0;11.0;179.0;32.0;3.0;85.0;1393.0;539.0;491.0;363.0;296.0;2.0;182.0;0.0;9.0;145.0;23.0;5.0;96.0;1499.0;826.0;415.0;258.0;241.0;0.0;147.0;0.0;7.0;121.0;15.0;4.0;147.0;1567.0;1289.0;121.0;157.0;106.0;0.0;92.0;0.0;18.0;68.0;4.0;2.0;194.0;1649.0;1419.0;94.0;136.0;55.0;0.0;64.0;0.0;18.0;40.0;6.0;0.0;1057.0;3193.0;2949.0;108.0;136.0;64.0;0.0;86.0;0.0;47.0;38.0;1.0;0.0;9285.0;12467.0;2668.0;1490.0;0.9;1.98;1.98;0.0;1331.0;1305.0;6024.0;3587.0;1265.0;1149.0;6562.0;4687.0;22.3;0.0;0.0;0.0;0.0;0.0;0.0;0.0;0.0;1.0;0.0;0.0;0.0;0.0;0.0;0.11;2.84;2.2;7.5;0.18;1.36;2.41;0.0;0.63;0.08;0.08;0.12;0.98;0.73;1.64;0.0;38.59;0.0;0.0;0.0;40.11;0.08;0.28;0.09;0.0;0.0;3.9;0.0;0.0;0.0;0.0;0.0;0.0;0.0;0.0;0.0;0.0;0.0;45.64;0.0;0.0;0.0;3.19;0.0;0.0;0.0;0.0;0.0;0.0;0.0;0.0;0.0;0.0;0.0;0.0;0.0;0.0;0.0;0.0;0.0;0.0;0.0;0.0;0.0;0.0;0.0;0.0;0.0;0.0;0.0;0.0;0.0;0.0;0.0;0.0;0.0;0.0;0.0;0.0;0.0;0.0;0.0;0.0;0.0;0.0;0.0;0.0;0.0;0.0;0.0;0.0;0.0;0.0;0.0;0.0;100.0;47.27;0;0;0;0;0;0;0;0;0;0;0;0;0;0;0;0;0;0;1;0
TORRE DE MONCORVO;1.0;150.0;1.0;31.0;118.0;67.0;0.0;1.0;1.0;0.0;0.0;0.0;0.0;2.0;43.0;1.0;8.0;34.0;154.0;6.0;50.0;2.0;0.0;43.0;5.0;0.0;4.0;63.0;4.0;8.0;51.0;95.0;4.0;78.0;1.0;0.0;54.0;23.0;0.0;4.0;76.0;5.0;11.0;60.0;89.0;10.0;85.0;0.0;1.0;64.0;20.0;0.0;4.0;97.0;13.0;25.0;59.0;94.0;3.0;100.0;0.0;3.0;73.0;23.0;1.0;6.0;136.0;26.0;39.0;71.0;123.0;5.0;71.0;0.0;3.0;56.0;12.0;0.0;9.0;189.0;43.0;61.0;85.0;101.0;4.0;50.0;0.0;5.0;35.0;8.0;2.0;10.0;255.0;76.0;79.0;100.0;98.0;3.0;56.0;0.0;7.0;43.0;6.0;0.0;26.0;333.0;163.0;82.0;88.0;94.0;0.0;44.0;0.0;1.0;37.0;5.0;1.0;27.0;429.0;270.0;66.0;93.0;107.0;0.0;52.0;0.0;8.0;42.0;1.0;1.0;56.0;479.0;372.0;44.0;63.0;49.0;0.0;44.0;0.0;12.0;29.0;3.0;0.0;56.0;515.0;441.0;32.0;42.0;27.0;0.0;29.0;0.0;10.0;18.0;1.0;0.0;457.0;1014.0;919.0;39.0;56.0;21.0;0.0;30.0;0.0;14.0;15.0;1.0;0.0;2238.0;3274.0;919.0;395.0;0.86;1.42;1.42;0.0;280.0;242.0;1509.0;1193.0;261.0;232.0;1525.0;1584.0;0.0;0.0;0.0;0.0;0.0;0.0;0.0;0.0;0.0;1.0;0.0;0.0;0.0;0.0;0.0;0.0;2.41;2.05;8.34;0.08;0.5;1.11;0.0;0.39;0.07;0.24;0.0;1.13;0.63;1.26;0.0;37.84;0.0;0.0;0.0;43.2;0.0;0.78;0.0;0.0;0.0;0.0;0.0;0.0;0.0;0.0;0.0;0.0;1.82;0.0;0.0;0.0;0.0;43.38;0.0;0.0;0.0;1.15;1.82;0.0;0.0;0.0;0.0;0.0;0.0;0.0;0.0;0.0;0.0;0.0;0.0;0.0;0.0;0.0;0.0;0.0;0.0;0.0;0.0;0.0;0.0;0.0;0.0;0.0;0.0;0.0;0.0;0.0;0.0;0.0;0.0;0.0;0.0;0.0;0.0;0.0;0.0;0.0;0.0;0.0;0.0;0.0;0.0;0.0;0.0;0.0;0.0;0.0;0.0;0.0;101.82;53.65;0;0;0;0;1;0;0;0;0;0;0;0;0;0;0;0;0;0;0;0
TORRES NOVAS;8.0;1112.0;5.0;132.0;975.0;538.0;1.0;1.0;1.0;0.0;0.0;0.0;0.0;10.0;244.0;13.0;31.0;200.0;961.0;25.0;434.0;22.0;0.0;355.0;57.0;0.0;13.0;223.0;9.0;27.0;187.0;539.0;57.0;489.0;11.0;0.0;309.0;166.0;3.0;16.0;351.0;16.0;53.0;282.0;551.0;76.0;486.0;4.0;4.0;306.0;167.0;5.0;28.0;492.0;24.0;87.0;381.0;703.0;108.0;633.0;8.0;16.0;481.0;120.0;8.0;23.0;637.0;40.0;150.0;447.0;755.0;61.0;808.0;3.0;51.0;643.0;95.0;16.0;27.0;954.0;111.0;338.0;505.0;767.0;43.0;676.0;0.0;63.0;532.0;71.0;10.0;47.0;1177.0;235.0;426.0;516.0;646.0;26.0;483.0;0.0;53.0;362.0;59.0;9.0;49.0;1503.0;409.0;506.0;588.0;588.0;6.0;431.0;0.0;39.0;320.0;62.0;10.0;93.0;1669.0;689.0;452.0;528.0;479.0;0.0;271.0;0.0;25.0;209.0;28.0;9.0;97.0;1763.0;1154.0;215.0;394.0;280.0;0.0;236.0;0.0;56.0;164.0;10.0;6.0;109.0;1809.0;1304.0;198.0;307.0;132.0;0.0;138.0;0.0;41.0;88.0;9.0;0.0;972.0;3793.0;3281.0;205.0;307.0;143.0;0.0;186.0;0.0;63.0;117.0;5.0;1.0;13563.0;14525.0;3113.0;2910.0;1.49;2.04;2.04;0.0;2151.0;1731.0;8244.0;4122.0;1984.0;1603.0;8740.0;5536.0;0.0;0.0;0.0;0.0;0.0;0.0;0.0;0.0;1.0;0.0;0.0;0.0;0.0;1.0;0.0;0.0;6.23;1.56;8.95;0.13;1.46;3.32;0.0;0.68;0.18;0.14;0.0;1.15;1.08;5.4;0.0;23.28;0.0;0.0;0.0;45.73;0.11;0.42;0.2;0.0;7.16;3.24;0.0;1.32;0.0;0.0;0.0;0.0;0.0;0.0;0.0;0.0;0.0;47.13;0.0;0.0;0.0;6.28;0.0;0.0;0.0;0.0;0.0;0.0;0.0;0.0;0.0;0.0;0.0;0.0;0.0;0.0;0.0;0.0;17.27;0.0;0.0;0.0;0.0;0.0;0.0;0.0;0.0;0.0;0.0;0.0;0.0;0.0;0.0;0.0;0.0;0.0;0.0;0.0;0.0;0.0;0.0;0.0;0.0;0.0;0.0;0.0;0.0;0.0;0.0;0.0;0.0;0.0;0.0;0.0;100.0;17.6;0;0;0;0;0;0;0;0;0;0;0;0;0;0;1;0;0;0;0;0
TORRES VEDRAS;26.0;2821.0;14.0;345.0;2462.0;1583.0;1.0;11.0;11.0;0.0;0.0;0.0;0.0;62.0;772.0;14.0;111.0;647.0;2561.0;102.0;983.0;69.0;0.0;787.0;127.0;0.0;95.0;903.0;44.0;150.0;709.0;1701.0;210.0;1409.0;36.0;0.0;902.0;470.0;1.0;102.0;1253.0;67.0;272.0;914.0;1535.0;182.0;1384.0;33.0;13.0;878.0;446.0;14.0;93.0;1796.0;98.0;389.0;1309.0;1687.0;165.0;1556.0;17.0;75.0;1138.0;305.0;21.0;96.0;2381.0;217.0;704.0;1460.0;1937.0;160.0;1674.0;4.0;109.0;1326.0;204.0;31.0;133.0;3113.0;493.0;1161.0;1459.0;1894.0;136.0;1511.0;0.0;153.0;1144.0;178.0;36.0;144.0;3510.0;1003.0;1243.0;1264.0;1359.0;71.0;992.0;0.0;119.0;727.0;115.0;31.0;184.0;3801.0;1445.0;1155.0;1201.0;1037.0;15.0;757.0;0.0;88.0;554.0;94.0;21.0;205.0;3588.0;1834.0;857.0;897.0;858.0;0.0;608.0;0.0;97.0;426.0;61.0;24.0;263.0;3581.0;2629.0;375.0;577.0;545.0;0.0;493.0;0.0;117.0;329.0;33.0;14.0;331.0;3601.0;2821.0;286.0;494.0;270.0;0.0;287.0;0.0;74.0;188.0;18.0;7.0;2240.0;6700.0;5719.0;358.0;623.0;280.0;0.0;328.0;0.0;121.0;185.0;15.0;7.0;35932.0;34050.0;6142.0;6948.0;4.06;6.01;6.01;0.0;5591.0;4584.0;21625.0;8358.0;5405.0;4338.0;22610.0;10561.0;0.0;0.0;0.0;0.0;0.0;0.0;0.0;0.0;1.0;0.0;0.0;0.0;0.0;0.0;0.27;0.38;4.49;1.37;8.91;0.09;1.34;5.0;0.1;1.23;0.15;0.16;0.08;1.17;1.46;3.99;0.62;26.89;0.0;0.0;0.0;41.74;0.03;0.49;0.06;5.4;2.24;4.3;0.0;0.0;0.0;0.0;0.0;0.0;0.0;0.0;0.0;0.0;0.0;41.69;0.0;0.0;0.0;4.87;0.0;0.0;0.0;0.0;0.0;0.0;0.0;0.0;0.0;0.0;0.0;22.45;0.0;0.0;0.0;0.0;0.0;0.0;0.0;0.0;0.0;0.0;0.0;0.0;0.0;0.0;0.0;0.0;0.0;0.0;0.0;0.0;0.0;0.0;0.0;0.0;0.0;0.0;0.0;0.0;0.0;0.0;0.0;0.0;0.0;0.0;0.0;0.0;0.0;0.0;0.0;0.0;100.0;19.05;0;0;0;0;0;0;0;0;0;0;1;0;0;0;0;0;0;0;0;0
TRANCOSO;3.0;207.0;0.0;23.0;184.0;125.0;0.0;1.0;1.0;0.0;0.0;0.0;0.0;3.0;23.0;2.0;5.0;16.0;195.0;8.0;112.0;9.0;0.0;88.0;15.0;0.0;3.0;55.0;3.0;6.0;46.0;108.0;6.0;119.0;4.0;0.0;68.0;47.0;0.0;6.0;99.0;3.0;20.0;76.0;109.0;12.0;99.0;1.0;2.0;58.0;36.0;2.0;4.0;147.0;7.0;24.0;116.0;149.0;12.0;84.0;1.0;4.0;63.0;14.0;2.0;11.0;218.0;26.0;60.0;132.0;159.0;6.0;123.0;0.0;12.0;94.0;17.0;0.0;15.0;277.0;68.0;85.0;124.0;125.0;5.0;107.0;0.0;13.0;85.0;6.0;3.0;11.0;334.0;134.0;96.0;104.0;127.0;9.0;80.0;0.0;10.0;58.0;12.0;0.0;30.0;448.0;258.0;74.0;116.0;101.0;0.0;62.0;0.0;5.0;47.0;9.0;1.0;44.0;551.0;381.0;75.0;95.0;60.0;0.0;43.0;0.0;4.0;35.0;3.0;1.0;54.0;548.0;449.0;37.0;62.0;36.0;0.0;38.0;0.0;15.0;21.0;2.0;0.0;78.0;523.0;456.0;24.0;43.0;21.0;0.0;24.0;0.0;10.0;14.0;0.0;0.0;585.0;1069.0;985.0;36.0;48.0;20.0;0.0;38.0;0.0;20.0;16.0;1.0;1.0;2668.0;4275.0;1028.0;442.0;1.34;1.62;1.62;0.0;394.0;351.0;1959.0;1276.0;350.0;326.0;1999.0;1758.0;20.6;0.0;0.0;0.0;0.0;0.0;0.0;0.0;1.0;0.0;0.0;0.0;0.0;1.0;0.0;0.0;2.28;3.01;6.65;0.28;1.03;0.99;0.0;0.28;0.04;0.02;0.0;1.05;0.28;1.25;0.0;34.19;0.0;0.0;0.0;47.8;0.19;0.59;0.08;0.0;0.0;0.0;0.0;0.0;0.0;0.0;0.0;0.0;0.0;0.0;0.0;0.0;0.0;63.38;0.0;0.0;0.0;1.87;0.0;0.0;0.0;0.0;0.0;0.0;0.0;0.0;0.0;0.0;0.0;0.0;0.0;0.0;0.0;0.0;0.0;0.0;0.0;0.0;0.0;0.0;0.0;0.0;0.0;0.0;0.0;0.0;0.0;0.0;0.0;0.0;0.0;0.0;0.0;0.0;0.0;0.0;0.0;0.0;0.0;0.0;0.0;0.0;0.0;0.0;0.0;0.0;0.0;0.0;0.0;0.0;100.0;34.75;0;0;0;0;0;0;0;0;1;0;0;0;0;0;0;0;0;0;0;0
TROFA;12.0;1243.0;3.0;162.0;1078.0;776.0;0.0;2.0;2.0;0.0;0.0;0.0;0.0;23.0;323.0;10.0;43.0;270.0;1341.0;66.0;529.0;33.0;0.0;409.0;87.0;0.0;35.0;426.0;8.0;46.0;372.0;907.0;82.0;774.0;17.0;0.0;439.0;312.0;6.0;29.0;648.0;20.0;157.0;471.0;789.0;104.0;734.0;14.0;6.0;436.0;262.0;16.0;30.0;901.0;44.0;219.0;638.0;807.0;85.0;710.0;6.0;36.0;504.0;151.0;13.0;55.0;1274.0;108.0;488.0;678.0;805.0;67.0;651.0;3.0;34.0;500.0;107.0;7.0;63.0;1829.0;335.0;805.0;689.0;647.0;37.0;511.0;0.0;59.0;381.0;58.0;13.0;67.0;2168.0;626.0;867.0;675.0;511.0;24.0;259.0;0.0;26.0;194.0;31.0;8.0;110.0;2326.0;1093.0;661.0;572.0;444.0;2.0;192.0;0.0;27.0;146.0;11.0;8.0;119.0;2051.0;1208.0;442.0;401.0;316.0;0.0;143.0;0.0;15.0;109.0;17.0;2.0;118.0;1975.0;1608.0;154.0;213.0;154.0;0.0;138.0;0.0;33.0;95.0;5.0;5.0;153.0;1706.0;1447.0;102.0;157.0;86.0;0.0;79.0;0.0;24.0;49.0;4.0;2.0;758.0;2374.0;2137.0;99.0;138.0;57.0;0.0;83.0;0.0;40.0;39.0;4.0;0.0;15313.0;18048.0;2465.0;2722.0;1.66;2.38;2.38;0.0;2427.0;2188.0;10439.0;3419.0;2393.0;2127.0;11293.0;4262.0;0.0;0.0;0.0;0.0;0.0;0.0;0.0;0.0;0.0;1.0;0.0;0.0;0.0;0.0;0.04;0.05;3.06;1.61;4.58;0.16;1.16;3.62;0.03;0.62;0.11;0.07;0.11;0.97;1.6;1.59;0.0;37.18;0.0;0.0;0.0;42.64;0.07;0.67;0.07;0.0;0.0;2.53;0.0;0.0;0.0;0.0;0.0;0.0;0.0;2.8;0.0;0.0;0.0;33.53;0.0;0.0;0.0;2.39;0.0;0.0;0.0;0.0;0.0;0.0;0.0;0.0;0.0;0.0;0.0;0.0;0.0;0.0;0.0;0.0;0.0;0.0;0.0;0.0;0.0;0.0;0.0;0.0;0.0;0.0;0.0;0.0;0.0;0.0;0.0;0.0;0.0;0.0;0.0;0.0;0.0;0.0;0.0;0.0;0.0;0.0;0.0;0.0;0.0;0.0;0.0;0.0;0.0;0.0;0.0;0.0;100.0;58.75;0;0;0;0;0;0;0;0;0;0;0;0;0;1;0;0;0;0;0;0
VAGOS;4.0;721.0;1.0;86.0;634.0;419.0;0.0;1.0;1.0;0.0;0.0;0.0;0.0;15.0;184.0;4.0;24.0;156.0;675.0;24.0;292.0;13.0;0.0;223.0;56.0;0.0;17.0;222.0;10.0;24.0;188.0;526.0;32.0;388.0;4.0;0.0;216.0;166.0;2.0;38.0;367.0;13.0;69.0;285.0;424.0;43.0;400.0;3.0;3.0;212.0;174.0;8.0;33.0;518.0;25.0;115.0;378.0;498.0;33.0;399.0;4.0;17.0;262.0;101.0;15.0;41.0;665.0;46.0;259.0;360.0;489.0;33.0;379.0;2.0;29.0;288.0;47.0;13.0;40.0;894.0;149.0;419.0;326.0;380.0;22.0;340.0;0.0;38.0;240.0;40.0;22.0;53.0;1093.0;324.0;436.0;333.0;274.0;16.0;190.0;0.0;23.0;137.0;23.0;7.0;73.0;1176.0;521.0;392.0;263.0;224.0;0.0;151.0;0.0;12.0;102.0;29.0;8.0;84.0;1177.0;674.0;290.0;213.0;169.0;0.0;86.0;0.0;11.0;56.0;15.0;4.0;98.0;1143.0;946.0;92.0;105.0;74.0;0.0;100.0;0.0;29.0;64.0;4.0;3.0;154.0;1050.0;911.0;61.0;78.0;50.0;0.0;57.0;0.0;23.0;30.0;3.0;1.0;848.0;1848.0;1714.0;58.0;76.0;35.0;0.0;51.0;0.0;15.0;33.0;2.0;1.0;9335.0;10005.0;1778.0;1768.0;2.19;2.94;2.94;0.0;1562.0;1183.0;5816.0;2429.0;1494.0;1152.0;6171.0;3079.0;22.0;0.0;0.0;0.0;0.0;0.0;0.0;0.0;0.0;1.0;0.0;0.0;0.0;0.0;0.0;0.2;2.83;5.09;8.65;0.1;1.28;3.67;0.04;0.75;0.1;0.09;0.0;1.26;0.87;0.76;0.24;52.8;0.0;0.0;0.0;20.86;0.0;0.29;0.08;0.0;0.0;5.66;0.0;0.0;0.0;0.0;0.0;0.0;0.0;0.0;0.0;0.0;0.0;9.15;0.0;0.0;0.0;1.3;0.0;0.0;0.0;0.0;0.0;0.0;0.0;0.0;0.0;0.0;0.0;0.0;0.0;0.0;0.0;0.0;0.0;0.0;0.0;0.0;0.0;0.0;0.0;0.0;0.0;0.0;0.0;0.0;0.0;0.0;0.0;0.0;0.0;0.0;0.0;0.0;0.0;0.0;0.0;0.0;0.0;0.0;0.0;0.0;0.0;0.0;0.0;0.0;0.0;0.0;0.0;0.0;99.99;83.88;1;0;0;0;0;0;0;0;0;0;0;0;0;0;0;0;0;0;0;0
VALE DE CAMBRA;8.0;618.0;2.0;66.0;550.0;340.0;1.0;2.0;2.0;0.0;0.0;0.0;0.0;4.0;105.0;4.0;6.0;95.0;610.0;40.0;264.0;15.0;0.0;204.0;44.0;1.0;10.0;164.0;4.0;12.0;148.0;424.0;49.0;388.0;13.0;0.0;217.0;155.0;3.0;14.0;252.0;4.0;47.0;201.0;360.0;33.0;368.0;5.0;0.0;199.0;160.0;4.0;16.0;416.0;12.0;93.0;311.0;339.0;39.0;393.0;4.0;15.0;296.0;74.0;4.0;26.0;607.0;40.0;273.0;294.0;386.0;33.0;363.0;1.0;25.0;283.0;51.0;3.0;18.0;879.0;99.0;465.0;315.0;339.0;27.0;315.0;0.0;26.0;249.0;36.0;4.0;33.0;1118.0;236.0;576.0;306.0;241.0;23.0;175.0;0.0;24.0;134.0;16.0;1.0;49.0;1171.0;471.0;429.0;271.0;227.0;1.0;119.0;0.0;20.0;84.0;13.0;2.0;70.0;1190.0;705.0;279.0;206.0;225.0;0.0;117.0;0.0;15.0;90.0;10.0;2.0;85.0;1337.0;1133.0;101.0;103.0;97.0;0.0;109.0;0.0;23.0;81.0;4.0;1.0;112.0;1213.0;1052.0;66.0;95.0;45.0;0.0;74.0;0.0;32.0;35.0;5.0;2.0;789.0;2018.0;1853.0;76.0;89.0;31.0;0.0;84.0;0.0;48.0;34.0;2.0;0.0;7525.0;10631.0;1717.0;1396.0;1.39;2.52;2.52;0.0;1192.0;1035.0;5417.0;2634.0;1074.0;957.0;5600.0;3360.0;0.0;0.0;0.0;0.0;0.0;0.0;0.0;0.0;0.0;1.0;0.0;0.0;0.0;1.0;0.0;0.09;3.7;7.34;5.07;0.05;1.25;3.2;0.04;0.47;0.09;0.09;0.0;1.48;0.79;0.86;0.26;39.07;0.0;0.0;0.0;35.28;0.0;0.73;0.13;0.0;1.51;1.33;0.0;0.0;0.0;0.0;0.0;0.0;0.0;0.0;0.0;0.0;0.0;20.52;0.0;0.0;0.0;1.29;0.0;0.0;0.0;0.0;0.0;0.0;0.0;0.0;0.0;0.0;0.0;0.0;0.0;0.0;0.0;0.0;0.0;0.0;0.0;0.0;0.0;0.0;0.0;0.0;0.0;0.0;0.0;0.0;0.0;0.0;0.0;0.0;0.0;0.0;0.0;0.0;0.0;0.0;0.0;0.0;0.0;0.0;0.0;0.0;0.0;0.0;0.0;0.0;0.0;0.0;0.0;0.0;100.0;75.35000000000001;1;0;0;0;0;0;0;0;0;0;0;0;0;0;0;0;0;0;0;0
VALENCA;4.0;401.0;1.0;48.0;352.0;236.0;0.0;2.0;2.0;0.0;0.0;0.0;0.0;10.0;112.0;2.0;9.0;101.0;441.0;11.0;120.0;10.0;0.0;90.0;19.0;1.0;9.0;135.0;2.0;14.0;119.0;322.0;20.0;185.0;5.0;0.0;114.0;65.0;1.0;14.0;199.0;8.0;30.0;161.0;296.0;23.0;195.0;5.0;2.0;139.0;48.0;1.0;30.0;324.0;15.0;85.0;224.0;329.0;29.0;170.0;0.0;11.0;126.0;30.0;3.0;20.0;422.0;27.0;162.0;233.0;327.0;18.0;160.0;1.0;13.0;129.0;16.0;1.0;26.0;531.0;64.0;239.0;228.0;323.0;6.0;150.0;0.0;19.0;113.0;14.0;4.0;38.0;580.0;140.0;254.0;186.0;218.0;12.0;92.0;0.0;9.0;67.0;12.0;4.0;35.0;639.0;261.0;201.0;177.0;169.0;0.0;69.0;0.0;11.0;47.0;9.0;2.0;50.0;685.0;383.0;156.0;146.0;131.0;0.0;61.0;0.0;7.0;45.0;7.0;2.0;75.0;743.0;588.0;63.0;92.0;60.0;0.0;53.0;0.0;17.0;31.0;4.0;1.0;73.0;771.0;632.0;54.0;85.0;30.0;0.0;35.0;0.0;15.0;20.0;0.0;0.0;439.0;1268.0;1143.0;54.0;71.0;30.0;0.0;37.0;0.0;22.0;11.0;3.0;1.0;5582.0;5822.0;1220.0;999.0;3.7;6.96;6.96;84.82;846.0;684.0;3361.0;1529.0;784.0;653.0;3681.0;2085.0;36.7;0.0;0.0;0.0;0.0;0.0;0.0;0.0;1.0;0.0;0.0;0.0;0.0;0.0;0.1;0.0;2.16;1.92;8.75;0.09;0.91;2.4;0.0;0.34;0.19;0.04;0.0;1.0;0.89;1.61;0.0;36.98;0.0;0.0;0.0;41.87;0.0;0.66;0.09;0.0;0.0;1.05;0.0;0.0;0.0;0.0;0.0;0.0;6.81;0.0;0.0;0.0;0.0;41.09;0.0;0.0;0.0;1.15;0.0;0.0;0.0;0.0;0.0;0.0;0.0;0.0;0.0;0.0;0.0;0.0;0.0;0.0;0.0;0.0;0.0;0.0;0.0;0.0;0.0;0.0;0.0;0.0;0.0;0.0;0.0;0.0;0.0;0.0;0.0;0.0;0.0;20.96;0.0;0.0;0.0;0.0;0.0;0.0;0.0;0.0;0.0;0.0;0.0;0.0;0.0;0.0;0.0;0.0;0.0;0.0;100.0;28.94;0;0;0;0;0;0;0;0;0;0;0;0;0;0;0;0;1;0;0;0
VALONGO;37.0;3097.0;14.0;369.0;2714.0;1932.0;7.0;4.0;4.0;0.0;0.0;0.0;0.0;35.0;719.0;19.0;100.0;600.0;3089.0;117.0;1276.0;55.0;0.0;1040.0;180.0;1.0;47.0;921.0;29.0;149.0;743.0;2145.0;191.0;1933.0;42.0;0.0;1047.0;828.0;16.0;56.0;1461.0;67.0;367.0;1027.0;1906.0;214.0;1944.0;26.0;12.0;1094.0;778.0;34.0;60.0;2124.0;105.0;564.0;1455.0;2075.0;229.0;2023.0;15.0;79.0;1422.0;458.0;49.0;124.0;2699.0;240.0;912.0;1547.0;2318.0;181.0;2232.0;5.0;138.0;1712.0;323.0;54.0;144.0;3801.0;640.0;1480.0;1681.0;2161.0;137.0;1747.0;0.0;155.0;1349.0;201.0;42.0;193.0;4269.0;1137.0;1596.0;1536.0;1568.0;54.0;1000.0;0.0;96.0;740.0;131.0;33.0;205.0;4790.0;2144.0;1292.0;1354.0;1240.0;7.0;670.0;0.0;65.0;488.0;97.0;20.0;267.0;4491.0;2555.0;876.0;1060.0;993.0;0.0;588.0;0.0;74.0;436.0;67.0;11.0;268.0;4462.0;3367.0;438.0;657.0;540.0;0.0;450.0;0.0;118.0;294.0;29.0;9.0;313.0;3986.0;3118.0;348.0;520.0;269.0;0.0;272.0;0.0;88.0;162.0;15.0;7.0;1455.0;5902.0;5043.0;303.0;556.0;226.0;0.0;262.0;0.0;123.0;129.0;6.0;4.0;40576.0;40335.0;5814.0;7947.0;1.1;2.0;2.0;0.0;6551.0;5222.0;25202.0;7998.0;6195.0;5091.0;28006.0;10407.0;0.0;0.0;0.0;0.0;0.0;0.0;0.0;0.0;1.0;0.0;0.0;0.0;0.0;1.0;0.04;0.18;5.09;0.99;4.82;0.09;1.18;4.6;0.05;1.03;0.06;0.09;0.12;1.06;2.08;4.17;0.0;28.17;0.0;0.0;0.0;45.1;0.06;0.94;0.09;0.0;5.13;4.46;0.0;0.0;0.0;0.0;0.0;0.0;2.9;3.16;0.0;0.0;0.0;53.28;0.0;0.0;0.0;5.43;0.0;0.0;0.0;0.0;0.0;0.0;0.0;0.0;0.0;0.0;0.0;0.0;0.0;0.0;0.0;0.0;0.0;0.0;0.0;0.0;0.0;0.0;0.0;0.0;0.0;0.0;0.0;0.0;0.0;0.0;0.0;0.0;0.0;0.0;0.0;0.0;0.0;0.0;0.0;0.0;0.0;0.0;0.0;0.0;0.0;0.0;0.0;0.0;0.0;0.0;0.0;0.0;100.01;25.65;0;0;0;0;0;0;0;0;0;0;0;0;0;1;0;0;0;0;0;0
VALPACOS;8.0;374.0;4.0;54.0;316.0;179.0;0.0;0.0;0.0;0.0;0.0;0.0;0.0;4.0;106.0;5.0;7.0;94.0;317.0;13.0;121.0;6.0;0.0;95.0;20.0;0.0;8.0;113.0;10.0;15.0;88.0;177.0;12.0;145.0;5.0;0.0;84.0;54.0;2.0;14.0;181.0;15.0;44.0;122.0;179.0;8.0;125.0;2.0;0.0;89.0;32.0;2.0;18.0;224.0;31.0;60.0;133.0;158.0;8.0;146.0;0.0;4.0;107.0;34.0;1.0;24.0;357.0;79.0;109.0;169.0;219.0;13.0;154.0;1.0;8.0;122.0;19.0;4.0;27.0;466.0;145.0;184.0;137.0;190.0;4.0;131.0;0.0;9.0;102.0;19.0;1.0;75.0;648.0;252.0;220.0;176.0;145.0;3.0;69.0;0.0;4.0;50.0;12.0;3.0;83.0;885.0;558.0;197.0;130.0;141.0;2.0;57.0;0.0;6.0;40.0;11.0;0.0;89.0;999.0;714.0;175.0;110.0;94.0;0.0;39.0;0.0;3.0;31.0;4.0;1.0;128.0;1211.0;1025.0;100.0;86.0;59.0;0.0;53.0;0.0;13.0;36.0;4.0;0.0;161.0;1135.0;1026.0;60.0;49.0;25.0;0.0;33.0;0.0;9.0;22.0;1.0;1.0;1087.0;2008.0;1881.0;76.0;51.0;20.0;0.0;29.0;0.0;13.0;16.0;0.0;0.0;4688.0;7234.0;2003.0;776.0;1.32;1.24;1.24;0.0;626.0;563.0;3115.0;2584.0;574.0;559.0;3315.0;3365.0;0.0;0.0;0.0;0.0;0.0;0.0;0.0;0.0;0.0;1.0;0.0;0.0;0.0;0.0;0.0;0.0;1.25;2.16;8.25;0.08;0.9;0.74;0.0;0.28;0.28;0.03;0.27;1.49;0.55;0.61;0.0;55.53;0.0;0.0;0.0;27.24;0.0;0.28;0.07;0.0;0.0;2.12;0.0;0.0;0.0;0.0;0.0;0.0;0.0;0.0;0.0;0.0;0.0;14.54;0.0;0.0;0.0;1.24;0.0;0.0;0.0;0.0;0.0;0.0;0.0;0.0;0.0;0.0;0.0;0.0;0.0;0.0;0.0;0.0;0.0;0.0;0.0;0.0;0.0;0.0;0.0;0.0;0.0;0.0;0.0;0.0;0.0;0.0;0.0;0.0;0.0;0.0;0.0;0.0;0.0;0.0;0.0;0.0;0.0;0.0;0.0;0.0;0.0;0.0;0.0;0.0;0.0;0.0;0.0;0.0;99.99;82.08999999999999;0;0;0;0;0;0;0;0;0;0;0;0;0;0;0;0;0;1;0;0
VELAS;4.0;151.0;1.0;20.0;130.0;74.0;0.0;2.0;2.0;0.0;0.0;0.0;0.0;0.0;63.0;1.0;14.0;48.0;137.0;5.0;46.0;2.0;0.0;36.0;8.0;0.0;8.0;87.0;0.0;14.0;73.0;101.0;15.0;53.0;2.0;0.0;34.0;17.0;0.0;8.0;121.0;12.0;29.0;80.0;85.0;8.0;74.0;3.0;0.0;51.0;20.0;0.0;11.0;142.0;10.0;44.0;88.0;103.0;9.0;56.0;2.0;1.0;39.0;13.0;1.0;21.0;201.0;23.0;70.0;108.0;109.0;6.0;83.0;0.0;7.0;64.0;12.0;0.0;14.0;241.0;54.0;97.0;90.0;69.0;6.0;58.0;0.0;5.0;47.0;6.0;0.0;24.0;255.0;106.0;94.0;55.0;54.0;2.0;37.0;0.0;4.0;28.0;5.0;0.0;30.0;278.0;171.0;63.0;44.0;46.0;1.0;34.0;0.0;5.0;25.0;2.0;2.0;25.0;269.0;185.0;35.0;49.0;37.0;0.0;24.0;0.0;7.0;15.0;2.0;0.0;26.0;221.0;178.0;17.0;26.0;23.0;0.0;18.0;0.0;6.0;11.0;1.0;0.0;23.0;194.0;163.0;12.0;19.0;6.0;0.0;15.0;0.0;6.0;9.0;0.0;0.0;89.0;392.0;372.0;10.0;10.0;12.0;0.0;12.0;0.0;6.0;4.0;1.0;1.0;2136.0;1943.0;421.0;436.0;1.83;2.01;2.01;87.75;345.0;243.0;1403.0;452.0;273.0;239.0;1402.0;579.0;23.8;0.0;0.0;0.0;0.0;0.0;0.0;0.0;0.0;1.0;0.0;0.0;0.0;1.0;0.0;1.26;2.2;0.0;4.52;0.09;2.15;3.11;0.0;0.49;0.0;0.25;0.0;1.39;1.08;2.15;0.29;0.0;0.0;41.17;0.0;39.65;0.0;0.12;0.07;0.0;0.0;0.0;0.0;0.0;0.0;0.0;0.0;0.0;0.0;0.0;0.0;0.0;0.0;29.15;0.0;0.0;0.0;0.0;0.0;0.0;0.0;0.0;0.0;0.0;0.0;0.0;0.0;0.0;0.0;0.0;0.0;0.0;0.0;0.0;0.0;0.0;0.0;0.0;0.0;0.0;0.0;0.0;0.0;0.0;0.0;0.0;0.0;0.0;0.0;0.0;0.0;0.0;0.0;0.0;0.0;0.0;0.0;0.0;0.0;0.0;0.0;0.0;0.0;0.0;0.0;0.0;0.0;0.0;0.0;0.0;100.0;70.85;0;1;0;0;0;0;0;0;0;0;0;0;0;0;0;0;0;0;0;0
VENDAS NOVAS;2.0;378.0;3.0;42.0;333.0;200.0;0.0;1.0;1.0;0.0;0.0;0.0;0.0;9.0;86.0;2.0;14.0;70.0;339.0;17.0;120.0;8.0;0.0;95.0;17.0;0.0;13.0;95.0;6.0;18.0;71.0;219.0;22.0;139.0;4.0;0.0;85.0;50.0;0.0;11.0;147.0;9.0;25.0;113.0;188.0;19.0;109.0;1.0;0.0;69.0;38.0;1.0;15.0;198.0;11.0;44.0;143.0;224.0;20.0;149.0;2.0;6.0;98.0;39.0;4.0;22.0;309.0;28.0;74.0;207.0;278.0;29.0;169.0;1.0;12.0;139.0;14.0;3.0;19.0;377.0;39.0;124.0;214.0;301.0;12.0;190.0;0.0;17.0;141.0;27.0;5.0;28.0;406.0;82.0;144.0;180.0;208.0;10.0;125.0;0.0;13.0;86.0;23.0;3.0;22.0;423.0;150.0;132.0;141.0;149.0;2.0;95.0;0.0;11.0;64.0;16.0;4.0;25.0;470.0;246.0;101.0;123.0;104.0;0.0;66.0;0.0;7.0;54.0;3.0;2.0;42.0;536.0;388.0;65.0;83.0;56.0;0.0;44.0;0.0;5.0;36.0;2.0;1.0;74.0;675.0;554.0;52.0;69.0;36.0;0.0;31.0;0.0;9.0;21.0;1.0;0.0;490.0;1257.0;1092.0;78.0;87.0;28.0;0.0;51.0;0.0;25.0;26.0;0.0;0.0;4472.0;4832.0;1116.0;825.0;1.97;3.01;3.01;93.11;715.0;605.0;2659.0;1427.0;651.0;547.0;2748.0;1893.0;0.0;0.0;0.0;0.0;0.0;0.0;0.0;0.0;1.0;0.0;0.0;0.0;0.0;0.0;0.0;0.0;3.57;0.7;7.64;0.04;0.58;2.04;0.0;0.6;0.01;0.04;0.0;0.51;0.76;16.88;0.0;20.75;0.0;0.0;0.0;45.16;0.06;0.62;0.06;0.0;0.0;3.19;0.0;0.0;0.0;0.0;0.0;0.0;0.0;0.0;0.0;0.0;0.0;42.47;0.0;0.0;0.0;18.89;0.0;0.0;0.0;0.0;0.0;0.0;0.0;0.0;0.0;0.0;0.0;0.0;0.0;0.0;0.0;0.0;0.0;0.0;0.0;0.0;0.0;0.0;0.0;0.0;0.0;0.0;0.0;0.0;0.0;0.0;0.0;0.0;0.0;0.0;0.0;0.0;0.0;0.0;0.0;0.0;0.0;0.0;0.0;0.0;0.0;0.0;0.0;0.0;0.0;0.0;0.0;0.0;99.99;35.44;0;0;0;0;0;0;0;0;0;0;0;0;0;0;0;0;0;0;0;1
VIANA DO ALENTEJO;0.0;183.0;0.0;22.0;161.0;94.0;0.0;0.0;0.0;0.0;0.0;0.0;0.0;0.0;50.0;2.0;7.0;41.0;147.0;6.0;56.0;2.0;0.0;50.0;4.0;0.0;2.0;46.0;1.0;12.0;33.0;103.0;5.0;66.0;0.0;0.0;44.0;22.0;0.0;7.0;84.0;5.0;21.0;58.0;114.0;8.0;67.0;2.0;0.0;46.0;18.0;1.0;6.0;109.0;8.0;24.0;77.0;117.0;8.0;72.0;0.0;1.0;51.0;17.0;3.0;12.0;146.0;13.0;43.0;90.0;116.0;7.0;64.0;0.0;4.0;48.0;11.0;1.0;10.0;200.0;36.0;48.0;116.0;114.0;4.0;71.0;0.0;7.0;48.0;11.0;5.0;11.0;224.0;61.0;77.0;86.0;85.0;4.0;37.0;0.0;3.0;31.0;2.0;1.0;25.0;279.0;109.0;89.0;81.0;60.0;0.0;33.0;0.0;3.0;23.0;6.0;1.0;14.0;300.0;160.0;84.0;56.0;57.0;0.0;21.0;0.0;6.0;11.0;2.0;2.0;30.0;211.0;147.0;34.0;30.0;25.0;0.0;28.0;0.0;6.0;20.0;2.0;0.0;36.0;226.0;188.0;19.0;19.0;9.0;0.0;12.0;0.0;1.0;9.0;0.0;2.0;337.0;448.0;387.0;33.0;28.0;9.0;0.0;19.0;0.0;3.0;14.0;1.0;1.0;2216.0;2119.0;566.0;417.0;2.12;2.31;2.31;78.83;340.0;278.0;1337.0;581.0;344.0;258.0;1371.0;809.0;0.0;0.0;0.0;0.0;0.0;0.0;0.0;1.0;0.0;0.0;0.0;0.0;0.0;0.0;0.0;0.0;3.11;1.4;11.05;0.1;1.37;1.79;0.0;0.48;0.0;0.09;0.0;0.61;0.86;23.51;0.0;15.58;0.0;0.0;0.0;39.48;0.0;0.38;0.19;0.0;0.0;0.0;0.0;0.0;0.0;0.0;0.0;0.0;0.0;0.0;0.0;0.0;0.0;34.02;0.0;0.0;0.0;39.16;0.0;0.0;0.0;0.0;0.0;0.0;0.0;0.0;0.0;0.0;0.0;0.0;0.0;0.0;0.0;0.0;0.0;0.0;0.0;0.0;0.0;0.0;0.0;0.0;0.0;0.0;0.0;0.0;0.0;0.0;0.0;0.0;0.0;0.0;0.0;0.0;0.0;0.0;0.0;0.0;0.0;0.0;0.0;0.0;0.0;0.0;0.0;0.0;0.0;0.0;0.0;0.0;100.0;26.82;0;0;0;0;0;0;0;0;0;0;0;0;0;0;0;0;0;0;0;1
VIANA DO CASTELO;25.0;2608.0;8.0;253.0;2347.0;1513.0;6.0;6.0;6.0;0.0;0.0;0.0;0.0;38.0;481.0;20.0;55.0;406.0;2735.0;84.0;1173.0;80.0;0.0;881.0;211.0;1.0;51.0;623.0;29.0;68.0;526.0;1706.0;114.0;1746.0;42.0;0.0;967.0;728.0;9.0;55.0;954.0;43.0;143.0;768.0;1473.0;123.0;1625.0;12.0;11.0;951.0;631.0;20.0;82.0;1543.0;53.0;251.0;1239.0;1580.0;127.0;1797.0;12.0;51.0;1312.0;403.0;19.0;110.0;2219.0;105.0;783.0;1331.0;1785.0;82.0;1992.0;3.0;128.0;1497.0;318.0;46.0;136.0;2862.0;271.0;1321.0;1270.0;1712.0;70.0;1660.0;0.0;160.0;1256.0;212.0;32.0;154.0;3581.0;599.0;1715.0;1267.0;1390.0;50.0;1182.0;0.0;101.0;853.0;186.0;42.0;186.0;4034.0;1239.0;1551.0;1244.0;1198.0;8.0;923.0;0.0;58.0;721.0;110.0;34.0;244.0;4318.0;2041.0;1189.0;1088.0;1089.0;0.0;816.0;0.0;70.0;625.0;79.0;42.0;305.0;4287.0;3151.0;433.0;703.0;604.0;0.0;741.0;0.0;168.0;485.0;67.0;21.0;359.0;4005.0;3230.0;271.0;504.0;279.0;0.0;457.0;0.0;137.0;273.0;28.0;19.0;2311.0;7399.0;6415.0;360.0;624.0;321.0;0.0;424.0;0.0;160.0;224.0;22.0;18.0;34140.0;38895.0;6514.0;6229.0;1.28;2.9;2.9;92.08;5247.0;4401.0;21611.0;9240.0;4970.0;4268.0;23789.0;12252.0;29.0;0.0;0.0;0.0;0.0;0.0;0.0;0.0;1.0;0.0;0.0;0.0;0.0;0.0;0.2;0.0;4.18;2.15;6.83;0.13;1.44;3.08;0.0;0.72;0.15;0.14;0.0;0.9;1.02;3.32;0.0;32.21;0.0;0.0;0.0;42.83;0.0;0.58;0.12;4.07;4.81;3.66;0.0;1.9;0.0;0.0;0.0;0.0;1.07;0.0;0.0;0.0;0.0;47.76;0.0;0.0;0.0;10.64;0.0;0.0;0.0;0.0;0.0;0.0;0.0;0.0;0.0;0.0;0.0;0.0;0.0;0.0;0.0;0.0;0.0;0.0;0.0;0.0;0.0;0.0;0.0;0.0;0.0;0.0;0.0;0.0;0.0;0.0;0.0;0.0;0.0;0.0;0.0;0.0;0.0;0.0;0.0;0.0;0.0;0.0;0.0;0.0;0.0;0.0;0.0;0.0;0.0;0.0;0.0;0.0;99.98;26.07;0;0;0;0;0;0;0;0;0;0;0;0;0;0;0;0;1;0;0;0
VIDIGUEIRA;1.0;173.0;9.0;31.0;133.0;69.0;2.0;0.0;0.0;0.0;0.0;0.0;0.0;3.0;68.0;7.0;15.0;46.0;151.0;6.0;38.0;6.0;0.0;29.0;3.0;0.0;2.0;60.0;10.0;14.0;36.0;98.0;7.0;60.0;1.0;0.0;42.0;17.0;0.0;2.0;84.0;7.0;25.0;52.0;87.0;9.0;66.0;2.0;0.0;48.0;16.0;0.0;7.0;110.0;13.0;22.0;75.0;92.0;11.0;88.0;1.0;3.0;70.0;14.0;0.0;12.0;123.0;17.0;36.0;70.0;94.0;6.0;73.0;0.0;3.0;59.0;11.0;0.0;8.0;194.0;35.0;58.0;101.0;98.0;3.0;51.0;0.0;6.0;39.0;4.0;2.0;16.0;240.0;62.0;93.0;85.0;59.0;2.0;37.0;0.0;3.0;29.0;4.0;1.0;18.0;244.0;82.0;77.0;85.0;86.0;1.0;38.0;0.0;3.0;28.0;7.0;0.0;9.0;277.0;127.0;73.0;77.0;60.0;0.0;25.0;0.0;2.0;21.0;2.0;0.0;23.0;249.0;192.0;29.0;28.0;29.0;0.0;36.0;0.0;7.0;25.0;2.0;2.0;28.0;270.0;217.0;19.0;34.0;17.0;0.0;22.0;0.0;8.0;12.0;2.0;0.0;245.0;496.0;450.0;17.0;29.0;9.0;0.0;20.0;0.0;6.0;13.0;1.0;0.0;2259.0;2005.0;562.0;349.0;3.62;2.88;2.88;79.42;346.0;267.0;1289.0;606.0;317.0;244.0;1268.0;838.0;0.0;0.0;0.0;0.0;0.0;0.0;0.0;1.0;0.0;0.0;0.0;0.0;0.0;0.0;0.0;0.0;2.5;0.51;9.41;0.02;0.98;1.78;0.0;0.51;0.14;0.33;0.0;0.98;0.82;22.18;0.74;9.65;0.0;0.0;0.0;49.16;0.0;0.16;0.09;0.0;0.0;0.0;0.0;0.0;0.0;0.0;0.0;0.0;0.0;0.0;0.0;0.0;0.0;24.21;0.0;0.0;0.0;50.54;0.0;0.0;0.0;0.0;0.0;0.0;0.0;0.0;0.0;0.0;0.0;0.0;0.0;0.0;0.0;0.0;0.0;0.0;0.0;0.0;0.0;0.0;0.0;0.0;0.0;0.0;0.0;0.0;0.0;0.0;0.0;0.0;0.0;0.0;0.0;0.0;0.0;0.0;0.0;0.0;0.0;0.0;0.0;0.0;0.0;0.0;0.0;0.0;0.0;0.0;0.0;0.0;100.0;25.25;0;0;1;0;0;0;0;0;0;0;0;0;0;0;0;0;0;0;0;0
VIEIRA DO MINHO;2.0;335.0;0.0;46.0;289.0;204.0;0.0;0.0;0.0;0.0;0.0;0.0;0.0;4.0;104.0;2.0;9.0;93.0;370.0;13.0;153.0;11.0;0.0;120.0;22.0;0.0;10.0;87.0;2.0;7.0;78.0;229.0;15.0;197.0;4.0;0.0;104.0;86.0;3.0;14.0;153.0;15.0;41.0;97.0;180.0;7.0;159.0;1.0;0.0;110.0;47.0;1.0;10.0;242.0;17.0;72.0;153.0;209.0;18.0;140.0;0.0;5.0;97.0;32.0;6.0;20.0;375.0;45.0;163.0;167.0;186.0;16.0;123.0;0.0;2.0;105.0;14.0;2.0;24.0;544.0;95.0;262.0;187.0;179.0;4.0;82.0;0.0;6.0;52.0;21.0;3.0;35.0;625.0;171.0;306.0;148.0;141.0;3.0;61.0;0.0;6.0;48.0;6.0;1.0;51.0;738.0;347.0;227.0;164.0;117.0;0.0;37.0;0.0;4.0;29.0;3.0;1.0;70.0;838.0;518.0;188.0;132.0;93.0;0.0;57.0;0.0;9.0;44.0;2.0;2.0;71.0;776.0;624.0;83.0;69.0;33.0;0.0;42.0;0.0;13.0;22.0;7.0;0.0;85.0;688.0;598.0;48.0;42.0;18.0;0.0;19.0;0.0;8.0;9.0;2.0;0.0;610.0;1128.0;1042.0;50.0;36.0;18.0;0.0;42.0;0.0;22.0;18.0;1.0;1.0;4397.0;5776.0;1170.0;612.0;1.12;1.57;1.57;67.5;599.0;618.0;2925.0;1571.0;552.0;567.0;3164.0;1959.0;22.0;0.0;0.0;0.0;0.0;0.0;0.0;0.0;0.0;1.0;0.0;0.0;0.0;0.0;0.09;0.0;2.17;1.42;7.13;0.13;0.95;1.8;0.1;0.43;0.06;0.06;0.0;0.82;0.84;1.7;0.0;41.76;0.0;0.0;0.0;39.93;0.14;0.42;0.06;0.0;0.0;1.02;0.0;0.0;0.0;0.0;0.0;0.0;0.0;0.0;0.0;0.0;0.0;36.03;0.0;0.0;0.0;0.92;0.0;0.0;0.0;0.0;0.0;0.0;0.0;0.0;0.0;0.0;0.0;0.0;0.0;0.0;0.0;0.0;0.0;0.0;0.0;0.0;0.0;0.0;0.0;0.0;0.0;0.0;0.0;0.0;0.0;0.0;0.0;0.0;0.0;0.0;0.0;0.0;0.0;0.0;0.0;0.0;0.0;0.0;0.0;0.0;0.0;0.0;0.0;0.0;0.0;0.0;0.0;0.0;100.0;62.03;0;0;0;1;0;0;0;0;0;0;0;0;0;0;0;0;0;0;0;0
VILA DA PRAIA DA VITORIA;15.0;643.0;18.0;102.0;523.0;363.0;3.0;3.0;3.0;0.0;0.0;0.0;0.0;13.0;269.0;13.0;71.0;185.0;587.0;32.0;205.0;10.0;0.0;163.0;32.0;0.0;17.0;304.0;20.0;65.0;219.0;441.0;58.0;259.0;10.0;0.0;158.0;89.0;2.0;27.0;479.0;41.0;138.0;300.0;384.0;47.0;293.0;8.0;0.0;187.0;97.0;1.0;34.0;697.0;50.0;207.0;440.0;424.0;34.0;287.0;5.0;3.0;214.0;62.0;3.0;32.0;796.0;109.0;284.0;403.0;359.0;24.0;332.0;2.0;11.0;270.0;43.0;6.0;46.0;857.0;188.0;400.0;269.0;254.0;13.0;221.0;0.0;12.0;188.0;19.0;2.0;68.0;984.0;329.0;438.0;217.0;185.0;9.0;146.0;0.0;10.0;116.0;19.0;1.0;88.0;1196.0;692.0;288.0;216.0;169.0;0.0;91.0;0.0;12.0;70.0;6.0;3.0;93.0;1153.0;867.0;122.0;164.0;141.0;0.0;84.0;0.0;15.0;62.0;5.0;2.0;115.0;945.0;792.0;68.0;85.0;67.0;0.0;73.0;0.0;17.0;51.0;3.0;2.0;89.0;724.0;642.0;35.0;47.0;33.0;0.0;43.0;0.0;7.0;31.0;2.0;3.0;349.0;1080.0;976.0;37.0;67.0;22.0;0.0;32.0;0.0;13.0;14.0;2.0;3.0;7961.0;8525.0;1439.0;1538.0;1.04;1.06;1.06;82.57;1338.0;1116.0;5499.0;1543.0;1294.0;1017.0;5627.0;2029.0;29.8;0.0;0.0;0.0;0.0;0.0;0.0;0.0;0.0;1.0;0.0;0.0;0.0;0.0;0.0;0.46;2.56;0.0;5.69;0.03;2.37;3.55;0.0;0.55;0.08;0.12;0.0;0.98;0.94;0.98;0.43;0.0;0.0;38.42;0.0;42.65;0.0;0.13;0.05;0.0;0.86;1.37;0.0;0.0;0.0;0.0;0.0;0.0;0.0;0.0;0.0;0.0;0.0;41.85;0.0;0.0;0.0;0.7;0.0;0.0;0.0;0.0;0.0;0.0;0.0;0.0;0.0;0.0;0.0;0.0;0.0;0.0;0.0;0.0;0.0;0.0;0.0;0.0;0.0;0.0;0.0;0.0;0.0;0.0;0.0;0.0;0.0;0.0;0.0;0.0;0.0;0.0;0.0;0.0;0.0;0.0;0.0;0.0;0.0;0.0;0.0;9.83;0.0;0.0;0.0;0.0;0.0;0.0;0.0;0.0;100.0;45.39;0;1;0;0;0;0;0;0;0;0;0;0;0;0;0;0;0;0;0;0
VILA DE REI;0.0;83.0;0.0;5.0;78.0;44.0;0.0;0.0;0.0;0.0;0.0;0.0;0.0;2.0;20.0;2.0;2.0;16.0;82.0;4.0;43.0;3.0;0.0;37.0;3.0;0.0;1.0;16.0;0.0;1.0;15.0;40.0;6.0;52.0;0.0;0.0;37.0;14.0;1.0;3.0;33.0;1.0;4.0;28.0;48.0;7.0;46.0;1.0;0.0;29.0;16.0;0.0;2.0;49.0;4.0;2.0;43.0;58.0;9.0;44.0;0.0;1.0;41.0;2.0;0.0;2.0;67.0;5.0;16.0;46.0;56.0;2.0;25.0;0.0;3.0;21.0;1.0;0.0;9.0;73.0;11.0;28.0;34.0;60.0;2.0;19.0;0.0;2.0;16.0;1.0;0.0;12.0;116.0;27.0;43.0;46.0;45.0;4.0;19.0;0.0;1.0;13.0;4.0;1.0;7.0;143.0;57.0;37.0;49.0;44.0;0.0;17.0;0.0;1.0;15.0;1.0;0.0;14.0;173.0;105.0;31.0;37.0;32.0;0.0;10.0;0.0;1.0;8.0;1.0;0.0;19.0;222.0;180.0;12.0;30.0;27.0;0.0;7.0;0.0;2.0;3.0;2.0;0.0;19.0;192.0;167.0;7.0;18.0;13.0;0.0;5.0;0.0;3.0;2.0;0.0;0.0;240.0;576.0;509.0;33.0;34.0;8.0;0.0;12.0;0.0;4.0;6.0;0.0;2.0;1178.0;1425.0;491.0;185.0;1.16;2.84;2.84;0.0;151.0;152.0;685.0;550.0;145.0;126.0;680.0;790.0;17.9;0.0;0.0;0.0;0.0;0.0;0.0;0.0;0.0;1.0;0.0;0.0;0.0;0.0;0.0;0.18;3.33;3.68;8.12;0.0;1.22;1.35;0.0;0.39;0.14;0.14;0.02;1.8;0.72;4.03;0.21;45.55;0.0;0.0;0.0;28.79;0.09;0.23;0.0;0.0;0.0;0.0;0.0;0.0;0.0;0.0;0.0;0.0;0.0;0.0;0.0;0.0;0.0;28.77;0.0;0.0;0.0;5.87;0.0;0.0;0.0;0.0;0.0;0.0;0.0;0.0;0.0;0.0;0.0;0.0;0.0;0.0;0.0;0.0;0.0;0.0;0.0;0.0;0.0;0.0;0.0;0.0;0.0;0.0;0.0;0.0;0.0;0.0;0.0;0.0;0.0;0.0;0.0;0.0;0.0;0.0;0.0;0.0;0.0;0.0;0.0;0.0;0.0;0.0;0.0;0.0;0.0;0.0;0.0;0.0;100.0;65.36;0;0;0;0;0;1;0;0;0;0;0;0;0;0;0;0;0;0;0;0
VILA DO BISPO;3.0;162.0;0.0;14.0;148.0;79.0;0.0;0.0;0.0;0.0;0.0;0.0;0.0;4.0;45.0;0.0;3.0;42.0;125.0;3.0;31.0;2.0;0.0;27.0;2.0;0.0;7.0;48.0;0.0;6.0;42.0;111.0;11.0;58.0;3.0;0.0;40.0;15.0;0.0;9.0;83.0;1.0;16.0;66.0;131.0;5.0;95.0;1.0;3.0;63.0;26.0;2.0;13.0;97.0;1.0;18.0;78.0;120.0;6.0;96.0;1.0;14.0;56.0;25.0;0.0;16.0;148.0;10.0;29.0;109.0;166.0;9.0;86.0;0.0;15.0;54.0;17.0;0.0;16.0;151.0;20.0;67.0;64.0;146.0;8.0;89.0;0.0;10.0;69.0;10.0;0.0;25.0;218.0;38.0;86.0;94.0;122.0;3.0;56.0;0.0;15.0;34.0;5.0;2.0;29.0;241.0;79.0;82.0;80.0;93.0;2.0;44.0;0.0;5.0;29.0;9.0;1.0;39.0;230.0;107.0;56.0;67.0;86.0;0.0;45.0;0.0;6.0;24.0;13.0;2.0;59.0;259.0;189.0;27.0;43.0;69.0;0.0;54.0;0.0;14.0;27.0;10.0;3.0;75.0;242.0;179.0;20.0;43.0;31.0;0.0;22.0;0.0;6.0;12.0;3.0;1.0;243.0;477.0;404.0;20.0;53.0;22.0;0.0;25.0;0.0;9.0;9.0;3.0;4.0;0.0;0.0;0.0;0.0;15.16;25.85;25.85;67.19;362.0;221.0;1471.0;738.0;367.0;231.0;1487.0;840.0;58.9;0.0;0.0;0.0;0.0;0.0;0.0;0.0;1.0;0.0;0.0;0.0;0.0;0.0;0.0;0.82;6.98;0.58;7.79;0.08;1.66;3.17;0.0;1.36;0.24;0.4;0.0;0.74;2.44;6.41;0.0;23.44;0.0;0.0;0.0;43.32;0.03;0.53;0.0;0.0;0.0;2.88;0.0;0.0;0.0;0.0;0.0;0.0;0.0;0.0;0.0;0.0;0.0;34.33;0.0;0.0;0.0;4.89;0.0;0.0;0.0;0.0;0.0;0.0;0.0;0.0;0.0;33.03;0.0;0.0;0.0;0.0;0.0;0.0;0.0;0.0;0.0;0.0;0.0;0.0;0.0;0.0;0.0;0.0;0.0;0.0;0.0;0.0;0.0;0.0;0.0;0.0;0.0;0.0;0.0;0.0;0.0;0.0;0.0;0.0;0.0;0.0;0.0;0.0;0.0;0.0;0.0;0.0;0.0;0.0;99.99;24.86;0;0;0;0;0;0;0;1;0;0;0;0;0;0;0;0;0;0;0;0
VILA DO CONDE;26.0;2690.0;8.0;321.0;2361.0;1564.0;9.0;6.0;6.0;0.0;0.0;0.0;0.0;27.0;652.0;11.0;80.0;561.0;2535.0;84.0;1030.0;53.0;0.0;814.0;161.0;2.0;52.0;929.0;19.0;170.0;740.0;1604.0;129.0;1486.0;35.0;0.0;842.0;596.0;13.0;55.0;1381.0;50.0;346.0;985.0;1328.0;135.0;1523.0;18.0;12.0;893.0;571.0;29.0;86.0;1930.0;73.0;530.0;1327.0;1593.0;122.0;1724.0;15.0;64.0;1165.0;431.0;49.0;97.0;2574.0;167.0;1143.0;1264.0;1725.0;113.0;1862.0;3.0;107.0;1415.0;274.0;63.0;136.0;3417.0;486.0;1671.0;1260.0;1494.0;88.0;1508.0;0.0;136.0;1105.0;214.0;53.0;202.0;3847.0;992.0;1714.0;1141.0;1083.0;52.0;938.0;0.0;86.0;703.0;120.0;29.0;222.0;4229.0;1980.0;1302.0;947.0;1051.0;14.0;664.0;0.0;62.0;476.0;95.0;31.0;209.0;3876.0;2303.0;808.0;765.0;703.0;0.0;475.0;0.0;77.0;343.0;38.0;17.0;274.0;3820.0;3078.0;265.0;477.0;358.0;0.0;446.0;0.0;102.0;307.0;25.0;12.0;280.0;3467.0;2895.0;182.0;390.0;193.0;0.0;285.0;0.0;83.0;176.0;12.0;14.0;1443.0;5343.0;4740.0;202.0;401.0;193.0;0.0;328.0;0.0;135.0;171.0;11.0;11.0;32971.0;36141.0;5665.0;6048.0;1.59;2.9;2.9;0.0;5718.0;4359.0;21570.0;7070.0;5398.0;4264.0;23086.0;9360.0;0.0;0.0;0.0;0.0;0.0;0.0;0.0;0.0;0.0;1.0;0.0;0.0;0.0;0.0;0.05;0.16;3.62;1.43;5.29;0.12;1.02;4.26;0.05;0.74;0.07;0.09;0.08;0.71;1.36;2.09;0.0;34.25;0.0;0.0;0.0;44.0;0.05;0.5;0.07;0.0;1.63;2.61;0.0;1.73;0.0;0.0;0.0;0.0;0.0;1.73;0.0;0.0;0.0;43.8;0.0;0.0;0.0;2.04;0.0;0.0;0.0;0.0;0.0;0.0;0.0;0.0;0.0;0.0;0.0;0.0;0.0;0.0;0.0;0.0;0.0;0.0;0.0;0.0;0.0;0.0;0.0;0.0;0.0;0.0;0.0;0.0;0.0;0.0;0.0;0.0;0.0;0.0;0.0;0.0;0.0;0.0;0.0;0.0;0.0;0.0;0.0;0.0;0.0;0.0;0.0;0.0;0.0;0.0;0.0;0.0;100.01;46.47;0;0;0;0;0;0;0;0;0;0;0;0;0;1;0;0;0;0;0;0
VILA DO PORTO;2.0;185.0;1.0;31.0;153.0;110.0;1.0;0.0;0.0;0.0;0.0;0.0;0.0;4.0;80.0;5.0;20.0;55.0;196.0;5.0;36.0;0.0;0.0;32.0;4.0;0.0;4.0;112.0;6.0;17.0;89.0;116.0;8.0;93.0;2.0;0.0;53.0;38.0;0.0;4.0;104.0;13.0;16.0;75.0;117.0;5.0;87.0;2.0;0.0;55.0;30.0;0.0;3.0;196.0;28.0;47.0;121.0;105.0;14.0;65.0;1.0;2.0;44.0;16.0;2.0;12.0;232.0;26.0;86.0;120.0;127.0;5.0;78.0;0.0;2.0;68.0;8.0;0.0;6.0;246.0;67.0;103.0;76.0;83.0;2.0;59.0;0.0;5.0;47.0;6.0;1.0;13.0;259.0;106.0;98.0;55.0;67.0;3.0;54.0;0.0;5.0;45.0;4.0;0.0;18.0;263.0;133.0;73.0;57.0;73.0;0.0;37.0;0.0;6.0;29.0;2.0;0.0;22.0;301.0;197.0;62.0;42.0;56.0;0.0;21.0;0.0;3.0;16.0;2.0;0.0;17.0;247.0;184.0;29.0;34.0;26.0;0.0;25.0;0.0;6.0;15.0;3.0;1.0;19.0;187.0;148.0;17.0;22.0;9.0;0.0;12.0;0.0;3.0;7.0;2.0;0.0;79.0;292.0;253.0;11.0;28.0;17.0;0.0;15.0;0.0;6.0;7.0;2.0;0.0;2501.0;2031.0;431.0;443.0;1.64;2.39;2.39;90.44;385.0;309.0;1530.0;366.0;387.0;310.0;1540.0;579.0;24.3;0.0;0.0;0.0;0.0;0.0;0.0;0.0;1.0;0.0;0.0;0.0;0.0;0.0;0.0;0.74;4.65;0.0;4.45;0.08;3.52;2.76;0.0;0.72;0.11;0.15;0.0;1.11;1.08;1.89;0.64;0.0;0.0;22.93;0.0;54.74;0.0;0.44;0.0;0.0;4.26;0.0;0.0;0.0;0.0;0.0;0.0;0.0;0.0;0.0;0.0;0.0;0.0;59.03;0.0;0.0;0.0;1.09;0.0;0.0;0.0;0.0;0.0;0.0;0.0;0.0;0.0;0.0;0.0;0.0;0.0;0.0;0.0;0.0;0.0;0.0;0.0;0.0;0.0;0.0;0.0;0.0;0.0;0.0;0.0;0.0;0.0;0.0;0.0;0.0;0.0;0.0;0.0;0.0;0.0;0.0;0.0;0.0;0.0;0.0;0.0;0.0;0.0;0.0;0.0;0.0;0.0;0.0;0.0;0.0;100.0;35.62;0;1;0;0;0;0;0;0;0;0;0;0;0;0;0;0;0;0;0;0
VILA FLOR;3.0;164.0;2.0;31.0;131.0;78.0;0.0;0.0;0.0;0.0;0.0;0.0;0.0;5.0;59.0;1.0;16.0;42.0;139.0;5.0;71.0;6.0;0.0;53.0;12.0;0.0;8.0;60.0;3.0;14.0;43.0;69.0;11.0;74.0;5.0;0.0;45.0;21.0;3.0;7.0;67.0;5.0;25.0;37.0;66.0;8.0;52.0;0.0;0.0;32.0;19.0;1.0;2.0;97.0;3.0;28.0;66.0;94.0;5.0;82.0;0.0;3.0;67.0;11.0;1.0;4.0;151.0;20.0;49.0;82.0;142.0;4.0;85.0;0.0;5.0;71.0;8.0;1.0;10.0;208.0;41.0;87.0;80.0;110.0;4.0;62.0;0.0;12.0;42.0;7.0;1.0;18.0;256.0;81.0;86.0;89.0;103.0;2.0;31.0;0.0;5.0;24.0;1.0;1.0;20.0;328.0;185.0;78.0;65.0;58.0;1.0;31.0;0.0;1.0;25.0;4.0;1.0;33.0;401.0;254.0;77.0;70.0;56.0;0.0;26.0;0.0;1.0;21.0;3.0;1.0;40.0;437.0;369.0;36.0;32.0;29.0;0.0;25.0;0.0;3.0;21.0;1.0;0.0;52.0;382.0;315.0;35.0;32.0;13.0;0.0;17.0;0.0;7.0;9.0;0.0;1.0;390.0;720.0;657.0;31.0;32.0;11.0;0.0;28.0;0.0;19.0;7.0;2.0;0.0;2025.0;3025.0;674.0;326.0;2.34;3.21;3.21;0.0;293.0;277.0;1393.0;957.0;243.0;247.0;1453.0;1187.0;0.0;0.0;0.0;0.0;0.0;0.0;0.0;0.0;0.0;1.0;0.0;0.0;0.0;0.0;0.0;0.0;2.29;3.33;8.52;0.21;0.64;1.65;0.0;0.2;0.04;0.11;0.0;1.18;0.34;1.53;0.0;36.69;0.0;0.0;0.0;42.72;0.0;0.54;0.0;0.0;1.78;0.0;0.0;0.0;0.0;0.0;0.0;0.0;0.0;0.0;0.0;0.0;0.0;41.82;0.0;0.0;0.0;0.85;0.0;0.0;0.0;0.0;0.0;0.0;0.0;0.0;0.0;0.0;0.0;0.0;0.0;0.0;0.0;0.0;0.0;0.0;0.0;0.0;0.0;0.0;0.0;0.0;0.0;0.0;0.0;0.0;0.0;0.0;0.0;0.0;0.0;0.0;0.0;0.0;0.0;0.0;0.0;0.0;0.0;0.0;0.0;0.0;0.0;0.0;0.0;0.0;0.0;0.0;0.0;0.0;100.0;55.55;0;0;0;0;1;0;0;0;0;0;0;0;0;0;0;0;0;0;0;0
VILA FRANCA DE XIRA;52.0;5071.0;27.0;604.0;4440.0;2609.0;11.0;9.0;9.0;0.0;0.0;0.0;0.0;72.0;1256.0;29.0;177.0;1050.0;4218.0;173.0;1756.0;78.0;0.0;1414.0;261.0;3.0;110.0;1361.0;54.0;209.0;1098.0;2959.0;259.0;2787.0;40.0;0.0;1755.0;975.0;17.0;136.0;1775.0;101.0;350.0;1324.0;3029.0;317.0;2927.0;38.0;25.0;1843.0;985.0;36.0;172.0;2392.0;133.0;429.0;1830.0;3552.0;360.0;3242.0;34.0;150.0;2321.0;680.0;57.0;199.0;3169.0;238.0;683.0;2248.0;4354.0;320.0;3740.0;7.0;222.0;2948.0;490.0;73.0;171.0;3974.0;498.0;1146.0;2330.0;4370.0;250.0;3009.0;0.0;288.0;2308.0;350.0;63.0;172.0;4412.0;808.0;1429.0;2175.0;3101.0;138.0;1847.0;0.0;224.0;1338.0;235.0;50.0;237.0;4789.0;1380.0;1400.0;2009.0;2570.0;31.0;1274.0;0.0;155.0;894.0;181.0;44.0;323.0;5251.0;2305.0;1151.0;1795.0;1946.0;0.0;933.0;0.0;140.0;685.0;83.0;25.0;380.0;5634.0;3519.0;751.0;1364.0;1102.0;0.0;641.0;0.0;148.0;444.0;38.0;11.0;395.0;5266.0;3643.0;519.0;1104.0;526.0;0.0;415.0;0.0;124.0;256.0;25.0;10.0;1937.0;8249.0;6605.0;519.0;1125.0;454.0;0.0;425.0;0.0;158.0;231.0;24.0;12.0;65407.0;52254.0;8028.0;11840.0;5.66;6.36;6.36;98.94;10839.0;7646.0;36049.0;11144.0;10081.0;7581.0;39909.0;14280.0;0.0;0.0;0.0;0.0;0.0;0.0;0.0;0.0;1.0;0.0;0.0;0.0;0.0;0.0;0.05;0.2;5.09;1.1;9.11;0.08;1.14;5.22;0.07;1.6;0.11;0.11;0.06;0.83;1.87;9.27;0.68;16.32;0.0;0.0;0.0;46.59;0.04;0.35;0.1;0.0;6.33;9.01;0.0;0.0;0.0;0.0;0.0;0.0;0.0;4.09;0.0;0.0;0.0;41.94;0.0;0.0;0.0;23.05;0.0;0.0;0.0;0.0;0.0;0.0;0.0;0.0;0.0;0.0;0.0;0.0;0.0;0.0;0.0;0.0;0.0;0.0;0.0;0.0;0.0;0.0;0.0;0.0;0.0;0.0;0.0;0.0;0.0;0.0;0.0;0.0;0.0;0.0;0.0;0.0;0.0;0.0;0.0;0.0;0.0;0.0;0.0;0.0;0.0;0.0;0.0;0.0;0.0;0.0;0.0;0.0;100.01;15.59;0;0;0;0;0;0;0;0;0;0;1;0;0;0;0;0;0;0;0;0
VILA FRANCA DO CAMPO;5.0;442.0;10.0;103.0;329.0;155.0;5.0;0.0;0.0;0.0;0.0;0.0;0.0;7.0;234.0;21.0;66.0;147.0;347.0;19.0;106.0;6.0;0.0;85.0;15.0;0.0;20.0;253.0;31.0;76.0;146.0;264.0;33.0;145.0;6.0;0.0;95.0;43.0;1.0;23.0;341.0;58.0;118.0;165.0;194.0;28.0;93.0;1.0;0.0;61.0;30.0;1.0;39.0;380.0;65.0;126.0;189.0;157.0;12.0;118.0;1.0;0.0;96.0;18.0;3.0;45.0;496.0;129.0;184.0;183.0;139.0;9.0;134.0;0.0;2.0;114.0;17.0;1.0;65.0;580.0;204.0;224.0;152.0;87.0;5.0;83.0;0.0;1.0;74.0;8.0;0.0;59.0;587.0;262.0;189.0;136.0;66.0;1.0;52.0;0.0;3.0;48.0;1.0;0.0;91.0;563.0;292.0;214.0;57.0;64.0;0.0;39.0;0.0;1.0;32.0;5.0;1.0;76.0;523.0;299.0;179.0;45.0;42.0;0.0;27.0;0.0;1.0;21.0;5.0;0.0;62.0;411.0;376.0;20.0;15.0;22.0;0.0;30.0;0.0;9.0;18.0;2.0;1.0;63.0;303.0;279.0;11.0;13.0;8.0;0.0;18.0;0.0;6.0;9.0;2.0;1.0;195.0;385.0;350.0;10.0;25.0;11.0;0.0;31.0;0.0;17.0;11.0;1.0;2.0;4677.0;4421.0;628.0;597.0;0.92;0.71;0.71;70.64;809.0;692.0;2966.0;710.0;722.0;628.0;2967.0;829.0;25.4;0.0;0.0;0.0;0.0;0.0;0.0;0.0;1.0;0.0;0.0;0.0;0.0;0.0;0.0;0.34;2.82;0.0;7.65;0.08;2.53;2.89;0.0;0.89;0.09;0.11;0.0;1.18;1.8;0.88;0.29;0.0;0.0;31.88;0.0;46.31;0.0;0.25;0.02;0.0;0.0;1.2;0.0;0.0;0.0;0.0;0.0;0.0;0.0;0.0;0.0;0.0;0.0;51.84;0.0;0.0;0.0;0.75;0.0;0.0;0.0;0.0;0.0;0.0;0.0;0.0;0.0;0.0;0.0;0.0;0.0;0.0;0.0;0.0;0.0;0.0;0.0;0.0;0.0;0.0;0.0;0.0;0.0;0.0;0.0;0.0;0.0;0.0;0.0;0.0;0.0;0.0;0.0;0.0;0.0;0.0;0.0;0.0;0.0;0.0;0.0;0.0;0.0;0.0;0.0;0.0;0.0;0.0;0.0;0.0;100.0;46.21;0;1;0;0;0;0;0;0;0;0;0;0;0;0;0;0;0;0;0;0
VILA NOVA DA BARQUINHA;1.0;210.0;2.0;19.0;189.0;117.0;1.0;1.0;1.0;0.0;0.0;0.0;0.0;0.0;55.0;0.0;14.0;41.0;207.0;4.0;70.0;5.0;0.0;53.0;12.0;0.0;3.0;57.0;4.0;10.0;43.0;113.0;8.0;121.0;4.0;0.0;72.0;44.0;1.0;5.0;80.0;7.0;9.0;64.0;116.0;11.0;136.0;2.0;2.0;77.0;55.0;0.0;3.0;116.0;7.0;16.0;93.0;139.0;17.0;138.0;1.0;4.0;108.0;22.0;3.0;5.0;129.0;9.0;26.0;94.0;162.0;25.0;126.0;0.0;8.0;102.0;16.0;0.0;5.0;182.0;23.0;63.0;96.0;174.0;16.0;129.0;0.0;10.0;98.0;19.0;2.0;3.0;232.0;44.0;93.0;95.0;139.0;10.0;110.0;0.0;15.0;78.0;17.0;0.0;14.0;298.0;77.0;98.0;123.0;128.0;3.0;72.0;0.0;6.0;52.0;12.0;2.0;19.0;328.0;118.0;100.0;110.0;85.0;0.0;51.0;0.0;7.0;36.0;7.0;1.0;25.0;321.0;219.0;43.0;59.0;47.0;0.0;32.0;0.0;9.0;21.0;2.0;0.0;27.0;376.0;265.0;39.0;72.0;28.0;0.0;24.0;0.0;9.0;14.0;0.0;1.0;195.0;801.0;652.0;77.0;72.0;25.0;0.0;36.0;0.0;19.0;17.0;0.0;0.0;2767.0;3014.0;676.0;559.0;1.02;1.58;1.58;0.0;435.0;338.0;1704.0;832.0;470.0;328.0;1804.0;1105.0;0.0;0.0;0.0;0.0;0.0;0.0;0.0;0.0;1.0;0.0;0.0;0.0;0.0;1.0;0.0;0.0;5.03;1.5;12.58;0.04;1.29;3.04;0.0;0.49;0.14;0.16;0.0;0.78;1.7;5.36;0.0;15.55;0.0;0.0;0.0;51.68;0.15;0.46;0.06;0.0;0.0;13.16;0.0;0.0;0.0;0.0;0.0;0.0;0.0;0.0;0.0;0.0;0.0;58.25;0.0;0.0;0.0;10.5;0.0;0.0;0.0;0.0;0.0;0.0;0.0;0.0;0.0;0.0;0.0;0.0;0.0;0.0;0.0;0.0;0.0;0.0;0.0;0.0;0.0;0.0;0.0;0.0;0.0;0.0;0.0;0.0;0.0;0.0;0.0;0.0;0.0;0.0;0.0;0.0;0.0;0.0;0.0;0.0;0.0;0.0;0.0;0.0;0.0;0.0;0.0;0.0;0.0;0.0;0.0;0.0;99.99;18.08;0;0;0;0;0;0;0;0;0;0;0;0;0;0;1;0;0;0;0;0
VILA NOVA DE CERVEIRA;3.0;238.0;0.0;21.0;217.0;177.0;0.0;2.0;2.0;0.0;0.0;0.0;0.0;2.0;72.0;1.0;6.0;65.0;260.0;8.0;94.0;5.0;0.0;75.0;14.0;0.0;4.0;92.0;6.0;5.0;81.0;219.0;12.0;140.0;6.0;0.0;95.0;39.0;0.0;5.0;151.0;1.0;21.0;129.0;167.0;15.0;128.0;1.0;2.0;80.0;44.0;1.0;5.0;195.0;15.0;40.0;140.0;198.0;21.0;125.0;1.0;11.0;91.0;20.0;2.0;4.0;269.0;19.0;97.0;153.0;200.0;15.0;135.0;1.0;25.0;86.0;18.0;5.0;12.0;335.0;54.0;129.0;152.0;205.0;10.0;139.0;0.0;19.0;102.0;17.0;1.0;18.0;393.0;115.0;148.0;130.0;135.0;6.0;80.0;0.0;13.0;59.0;7.0;1.0;19.0;397.0;128.0;150.0;119.0;112.0;0.0;42.0;0.0;6.0;32.0;4.0;0.0;28.0;432.0;203.0;134.0;95.0;95.0;0.0;44.0;0.0;12.0;29.0;3.0;0.0;41.0;476.0;375.0;44.0;57.0;51.0;0.0;32.0;0.0;11.0;19.0;1.0;1.0;57.0;479.0;408.0;40.0;31.0;35.0;0.0;30.0;0.0;10.0;18.0;2.0;0.0;309.0;852.0;774.0;43.0;35.0;17.0;0.0;33.0;0.0;10.0;20.0;0.0;3.0;3548.0;3946.0;834.0;593.0;3.0;6.4;6.4;84.89;546.0;473.0;2296.0;1005.0;505.0;383.0;2306.0;1407.0;35.0;0.0;0.0;0.0;0.0;0.0;0.0;0.0;1.0;0.0;0.0;0.0;0.0;0.0;0.08;0.0;2.97;1.76;7.78;0.08;1.05;2.39;0.0;0.5;0.08;0.1;0.0;1.02;1.01;1.57;0.0;30.83;0.0;0.0;0.0;48.26;0.0;0.44;0.08;0.0;1.81;2.71;0.0;0.0;0.0;0.0;0.0;0.0;0.0;0.0;0.0;0.0;0.0;52.59;0.0;0.0;0.0;0.58;0.0;0.0;0.0;0.0;0.0;0.0;0.0;0.0;0.0;0.0;0.0;0.0;0.0;0.0;0.0;0.0;0.0;0.0;0.0;0.0;0.0;0.0;0.0;0.0;0.0;0.0;0.0;0.0;0.0;0.0;0.0;0.0;0.0;0.0;0.0;0.0;0.0;0.0;0.0;0.0;0.0;0.0;0.0;0.0;0.0;0.0;0.0;0.0;0.0;0.0;0.0;0.0;100.0;42.31;0;0;0;0;0;0;0;0;0;0;0;0;0;0;0;0;1;0;0;0
VILA NOVA DE FAMALICAO;47.0;4327.0;18.0;418.0;3891.0;2690.0;13.0;20.0;20.0;0.0;0.0;0.0;0.0;73.0;863.0;18.0;80.0;765.0;4824.0;166.0;2018.0;142.0;0.0;1585.0;289.0;2.0;80.0;1298.0;41.0;156.0;1101.0;3303.0;242.0;2780.0;77.0;0.0;1601.0;1081.0;21.0;93.0;2002.0;68.0;379.0;1555.0;2670.0;240.0;2486.0;40.0;9.0;1454.0;938.0;45.0;104.0;2961.0;125.0;723.0;2113.0;2797.0;214.0;2601.0;20.0;71.0;1858.0;591.0;61.0;147.0;4511.0;349.0;1811.0;2351.0;2879.0;208.0;2542.0;4.0;127.0;2052.0;317.0;42.0;186.0;6341.0;916.0;3018.0;2407.0;2432.0;151.0;1837.0;0.0;134.0;1456.0;196.0;51.0;249.0;7244.0;1900.0;3269.0;2075.0;1830.0;85.0;1211.0;0.0;106.0;933.0;143.0;29.0;302.0;7826.0;3082.0;2881.0;1863.0;1443.0;14.0;754.0;0.0;61.0;575.0;96.0;22.0;345.0;7128.0;3770.0;2043.0;1315.0;1035.0;0.0;528.0;0.0;70.0;396.0;50.0;12.0;412.0;6967.0;5612.0;636.0;719.0;492.0;0.0;453.0;0.0;104.0;318.0;19.0;12.0;420.0;5897.0;4994.0;376.0;527.0;228.0;0.0;244.0;0.0;84.0;138.0;19.0;3.0;2747.0;7887.0;7155.0;298.0;434.0;203.0;0.0;335.0;0.0;156.0;167.0;7.0;5.0;53745.0;62825.0;8455.0;8509.0;1.14;1.82;1.82;92.12;8752.0;7686.0;36577.0;11434.0;8357.0;7355.0;38522.0;14851.0;20.2;0.0;0.0;0.0;0.0;0.0;0.0;0.0;0.0;1.0;0.0;0.0;0.0;0.0;0.03;0.0;3.45;1.58;5.2;0.1;1.21;3.89;0.09;0.65;0.08;0.08;0.0;0.88;1.2;2.14;0.0;33.96;0.0;0.0;0.0;44.96;0.08;0.36;0.06;0.0;1.96;2.96;0.0;2.42;0.0;0.0;0.0;0.0;0.0;1.67;0.0;0.0;0.0;33.45;0.0;0.0;0.0;2.53;0.0;0.0;0.0;0.0;0.0;0.0;0.0;0.0;0.0;0.0;0.0;0.0;0.0;0.0;0.0;0.0;0.0;0.0;0.0;0.0;0.0;0.0;0.0;0.0;0.0;0.0;0.0;0.0;0.0;0.0;0.0;0.0;0.0;0.0;0.0;0.0;0.0;0.0;0.0;0.0;0.0;0.0;0.0;0.0;0.0;0.0;0.0;0.0;0.0;0.0;0.0;0.0;100.01;55.02;0;0;0;1;0;0;0;0;0;0;0;0;0;0;0;0;0;0;0;0
VILA NOVA DE FOZ COA;2.0;149.0;4.0;28.0;117.0;85.0;0.0;1.0;1.0;0.0;0.0;0.0;0.0;2.0;52.0;1.0;12.0;39.0;143.0;2.0;66.0;3.0;0.0;52.0;11.0;0.0;2.0;63.0;5.0;13.0;45.0;93.0;5.0;77.0;2.0;0.0;37.0;37.0;1.0;9.0;87.0;15.0;23.0;49.0;67.0;7.0;74.0;0.0;2.0;51.0;21.0;0.0;7.0;100.0;14.0;31.0;55.0;95.0;8.0;74.0;0.0;2.0;50.0;21.0;1.0;10.0;144.0;33.0;47.0;64.0;112.0;5.0;69.0;0.0;4.0;57.0;7.0;1.0;15.0;211.0;62.0;77.0;72.0;101.0;3.0;67.0;0.0;7.0;50.0;8.0;2.0;33.0;271.0;98.0;96.0;77.0;78.0;2.0;47.0;0.0;5.0;37.0;5.0;0.0;33.0;322.0;183.0;55.0;84.0;77.0;1.0;44.0;0.0;2.0;37.0;3.0;2.0;45.0;416.0;277.0;65.0;74.0;78.0;0.0;34.0;0.0;1.0;29.0;3.0;1.0;54.0;430.0;361.0;30.0;39.0;42.0;0.0;43.0;0.0;8.0;30.0;4.0;1.0;53.0;410.0;364.0;23.0;23.0;15.0;0.0;17.0;0.0;5.0;11.0;0.0;1.0;333.0;839.0;785.0;19.0;35.0;9.0;0.0;16.0;0.0;8.0;7.0;0.0;1.0;2076.0;3029.0;830.0;369.0;2.28;2.54;2.54;0.0;262.0;255.0;1518.0;957.0;293.0;247.0;1468.0;1304.0;0.0;0.0;0.0;0.0;0.0;0.0;0.0;0.0;0.0;1.0;0.0;0.0;0.0;0.0;0.0;0.0;1.69;1.85;5.36;0.21;1.02;0.69;0.0;0.38;0.05;0.05;0.0;1.08;0.72;1.1;0.0;41.45;0.0;0.0;0.0;43.76;0.09;0.25;0.26;0.0;0.0;0.0;0.0;0.0;0.0;0.0;0.0;0.0;4.51;0.0;0.0;0.0;0.0;40.23;0.0;0.0;0.0;1.78;0.0;0.0;0.0;0.0;0.0;0.0;0.0;0.0;0.0;0.0;0.0;0.0;0.0;0.0;0.0;0.0;0.0;0.0;0.0;0.0;0.0;0.0;0.0;0.0;0.0;0.0;0.0;0.0;0.0;0.0;0.0;0.0;0.0;0.0;0.0;0.0;0.0;0.0;0.0;0.0;0.0;0.0;0.0;0.0;0.0;0.0;0.0;0.0;0.0;0.0;0.0;0.0;100.0;53.48;0;0;0;0;0;0;0;0;1;0;0;0;0;0;0;0;0;0;0;0
VILA NOVA DE GAIA;109.0;9481.0;68.0;1137.0;8276.0;5831.0;14.0;23.0;23.0;0.0;0.0;0.0;0.0;139.0;2313.0;76.0;382.0;1855.0;9720.0;348.0;4083.0;199.0;0.0;3230.0;642.0;12.0;184.0;2759.0;116.0;509.0;2134.0;6015.0;544.0;6657.0;102.0;0.0;3690.0;2814.0;51.0;233.0;4140.0;228.0;1028.0;2884.0;5311.0;513.0;6918.0;64.0;50.0;3853.0;2796.0;155.0;249.0;5422.0;284.0;1368.0;3770.0;5678.0;558.0;7577.0;63.0;347.0;5021.0;1905.0;241.0;354.0;7061.0;728.0;2204.0;4129.0;6545.0;492.0;8141.0;18.0;505.0;6070.0;1289.0;259.0;492.0;10403.0;1948.0;3793.0;4662.0;6393.0;463.0;7199.0;0.0;735.0;5286.0;956.0;222.0;652.0;12681.0;3884.0;4330.0;4467.0;5193.0;226.0;4501.0;0.0;533.0;3185.0;600.0;183.0;797.0;14352.0;5978.0;3875.0;4499.0;4470.0;48.0;3473.0;0.0;427.0;2432.0;453.0;161.0;942.0;13967.0;7531.0;3048.0;3388.0;3587.0;0.0;2651.0;0.0;361.0;1865.0;286.0;139.0;977.0;13857.0;10265.0;1407.0;2185.0;2209.0;0.0;2247.0;0.0;430.0;1524.0;209.0;84.0;1045.0;13390.0;10172.0;1127.0;2091.0;1164.0;0.0;1534.0;0.0;418.0;985.0;81.0;50.0;5028.0;20650.0;16963.0;1337.0;2350.0;1229.0;0.0;1680.0;0.0;618.0;952.0;53.0;57.0;130907.0;126376.0;19589.0;26952.0;1.68;3.39;3.39;0.0;20004.0;16356.0;79308.0;28431.0;18908.0;15705.0;88533.0;36579.0;0.0;0.0;0.0;0.0;0.0;0.0;0.0;0.0;1.0;0.0;0.0;0.0;0.0;1.0;0.04;0.19;5.38;1.45;4.49;0.1;1.11;5.61;0.04;1.11;0.07;0.1;0.09;0.82;1.97;3.56;0.0;29.41;0.0;0.0;0.0;43.81;0.05;0.5;0.09;0.0;4.83;4.4;0.0;3.08;0.0;0.48;0.0;0.0;0.0;2.86;0.0;0.0;0.0;60.43;0.0;0.0;0.0;5.05;0.0;0.0;0.0;0.0;0.0;0.0;0.0;0.0;0.0;0.0;0.0;0.0;0.0;0.0;0.0;0.0;0.0;0.0;0.0;0.0;0.0;0.0;0.0;0.0;0.0;0.0;0.0;0.0;0.0;0.0;0.0;0.0;0.0;0.0;0.0;0.0;0.0;0.0;0.0;0.0;0.0;0.0;0.0;0.0;0.0;0.0;0.0;0.0;0.0;0.0;0.0;0.0;99.5;18.37;0;0;0;0;0;0;0;0;0;0;0;0;0;1;0;0;0;0;0;0
VILA NOVA DE PAIVA;4.0;120.0;1.0;20.0;99.0;92.0;1.0;0.0;0.0;0.0;0.0;0.0;0.0;3.0;16.0;0.0;1.0;15.0;129.0;7.0;69.0;6.0;0.0;53.0;10.0;0.0;1.0;66.0;0.0;11.0;55.0;83.0;7.0;70.0;2.0;0.0;49.0;18.0;1.0;4.0;63.0;1.0;17.0;45.0;48.0;6.0;67.0;2.0;0.0;47.0;18.0;0.0;4.0;97.0;4.0;29.0;64.0;57.0;6.0;53.0;0.0;4.0;40.0;9.0;0.0;3.0;133.0;14.0;62.0;57.0;75.0;2.0;58.0;0.0;4.0;46.0;8.0;0.0;4.0;169.0;38.0;68.0;63.0;63.0;2.0;47.0;0.0;7.0;37.0;2.0;1.0;17.0;191.0;66.0;68.0;57.0;70.0;1.0;25.0;0.0;1.0;18.0;4.0;2.0;25.0;272.0;138.0;71.0;63.0;48.0;0.0;12.0;0.0;0.0;12.0;0.0;0.0;23.0;299.0;144.0;86.0;69.0;30.0;0.0;23.0;0.0;2.0;19.0;2.0;0.0;42.0;291.0;225.0;42.0;24.0;21.0;0.0;27.0;0.0;4.0;22.0;1.0;0.0;39.0;261.0;232.0;14.0;15.0;10.0;0.0;16.0;0.0;8.0;6.0;2.0;0.0;343.0;458.0;429.0;11.0;18.0;13.0;0.0;9.0;0.0;4.0;4.0;1.0;0.0;1591.0;2326.0;531.0;214.0;1.24;1.8;1.8;0.0;267.0;215.0;1094.0;659.0;200.0;226.0;1130.0;871.0;16.3;0.0;0.0;0.0;0.0;0.0;0.0;0.0;1.0;0.0;0.0;0.0;0.0;0.0;0.0;0.02;1.12;3.14;7.94;0.18;1.01;2.13;0.0;0.13;0.17;0.06;0.45;1.47;0.66;1.42;0.0;45.72;0.0;0.0;0.0;33.73;0.04;0.38;0.22;0.0;0.0;0.0;0.0;0.0;0.0;0.0;0.0;0.0;17.46;0.0;0.0;0.0;0.0;45.31;0.0;0.0;0.0;1.72;0.0;0.0;0.0;0.0;0.0;0.0;0.0;0.0;0.0;0.0;0.0;0.0;0.0;0.0;0.0;0.0;0.0;0.0;0.0;0.0;0.0;0.0;0.0;0.0;0.0;0.0;0.0;0.0;0.0;0.0;0.0;0.0;0.0;0.0;0.0;0.0;0.0;0.0;0.0;0.0;0.0;0.0;0.0;0.0;0.0;0.0;0.0;0.0;0.0;0.0;0.0;0.0;99.99;35.5;0;0;0;0;0;0;0;0;0;0;0;0;0;0;0;0;0;0;1;0
VILA NOVA DE POIARES;1.0;217.0;0.0;24.0;193.0;104.0;0.0;0.0;0.0;0.0;0.0;0.0;0.0;0.0;63.0;2.0;3.0;58.0;229.0;7.0;76.0;6.0;0.0;60.0;10.0;0.0;1.0;69.0;1.0;8.0;60.0;145.0;9.0;87.0;2.0;0.0;50.0;34.0;1.0;5.0;95.0;1.0;17.0;77.0;131.0;8.0;67.0;3.0;0.0;35.0;29.0;0.0;9.0;151.0;8.0;25.0;118.0;144.0;3.0;85.0;0.0;4.0;64.0;16.0;1.0;11.0;221.0;20.0;55.0;146.0;174.0;9.0;95.0;2.0;5.0;74.0;9.0;5.0;15.0;277.0;57.0;88.0;132.0;147.0;5.0;81.0;0.0;11.0;56.0;9.0;5.0;27.0;339.0;90.0;111.0;138.0;102.0;8.0;53.0;0.0;4.0;44.0;4.0;1.0;23.0;373.0;179.0;78.0;116.0;83.0;0.0;48.0;0.0;1.0;29.0;15.0;3.0;31.0;370.0;200.0;75.0;95.0;53.0;0.0;42.0;0.0;2.0;29.0;11.0;0.0;24.0;374.0;275.0;39.0;60.0;36.0;0.0;32.0;0.0;4.0;20.0;5.0;3.0;33.0;314.0;257.0;18.0;39.0;11.0;0.0;26.0;0.0;7.0;17.0;1.0;1.0;237.0;636.0;577.0;22.0;37.0;17.0;0.0;15.0;0.0;7.0;3.0;2.0;3.0;2682.0;2890.0;622.0;609.0;3.06;3.65;3.65;0.0;363.0;358.0;1716.0;758.0;392.0;339.0;1880.0;997.0;19.4;0.0;0.0;0.0;0.0;0.0;0.0;0.0;1.0;0.0;0.0;0.0;0.0;1.0;0.28;0.0;4.5;0.9;7.38;0.04;1.86;2.41;0.0;0.66;0.2;0.08;0.0;1.39;0.92;2.64;0.18;31.75;0.0;0.0;0.0;44.41;0.0;0.37;0.02;0.0;0.0;0.0;0.0;0.0;0.0;0.0;0.0;0.0;0.0;0.0;0.0;0.0;0.0;62.58;0.0;0.0;0.0;5.94;0.0;0.0;0.0;0.0;0.0;0.0;0.0;0.0;0.0;0.0;0.0;0.0;0.0;0.0;0.0;0.0;0.0;0.0;0.0;0.0;0.0;0.0;0.0;0.0;0.0;0.0;0.0;0.0;0.0;0.0;0.0;0.0;0.0;0.0;0.0;0.0;0.0;0.0;0.0;0.0;0.0;0.0;0.0;0.0;0.0;0.0;0.0;0.0;0.0;0.0;0.0;0.0;100.0;31.48;0;0;0;0;0;0;1;0;0;0;0;0;0;0;0;0;0;0;0;0
VILA POUCA DE AGUIAR;6.0;285.0;0.0;25.0;260.0;170.0;0.0;1.0;1.0;0.0;0.0;0.0;0.0;2.0;85.0;2.0;4.0;79.0;331.0;7.0;126.0;6.0;0.0;105.0;15.0;0.0;3.0;113.0;1.0;18.0;94.0;159.0;7.0;156.0;2.0;0.0;92.0;61.0;1.0;11.0;157.0;9.0;42.0;106.0;165.0;11.0;126.0;1.0;0.0;75.0;47.0;3.0;9.0;179.0;10.0;48.0;121.0;165.0;8.0;130.0;0.0;1.0;102.0;24.0;3.0;18.0;309.0;37.0;134.0;138.0;188.0;12.0;166.0;0.0;4.0;133.0;26.0;3.0;37.0;397.0;74.0;192.0;131.0;135.0;3.0;116.0;0.0;9.0;96.0;8.0;3.0;33.0;585.0;199.0;233.0;153.0;119.0;0.0;75.0;0.0;3.0;59.0;8.0;5.0;50.0;765.0;445.0;179.0;141.0;140.0;1.0;56.0;0.0;3.0;46.0;6.0;1.0;71.0;876.0;601.0;147.0;128.0;107.0;0.0;44.0;0.0;2.0;37.0;4.0;1.0;94.0;883.0;736.0;78.0;69.0;51.0;0.0;63.0;0.0;14.0;44.0;5.0;0.0;94.0;823.0;736.0;40.0;47.0;23.0;0.0;26.0;0.0;11.0;14.0;0.0;1.0;682.0;1299.0;1220.0;42.0;37.0;14.0;0.0;26.0;0.0;14.0;11.0;0.0;1.0;3979.0;5824.0;1333.0;676.0;1.06;1.27;1.27;0.0;498.0;493.0;2788.0;1835.0;521.0;520.0;2914.0;2243.0;0.0;0.0;0.0;0.0;0.0;0.0;0.0;0.0;0.0;1.0;0.0;0.0;0.0;0.0;0.0;0.0;1.51;1.31;5.69;0.1;0.71;1.11;0.0;0.33;0.22;0.18;0.09;1.45;0.65;1.5;0.0;43.55;0.0;0.0;0.0;41.11;0.0;0.42;0.06;0.0;0.0;1.89;0.0;0.0;0.0;0.0;0.0;0.0;0.0;0.0;0.0;0.0;0.0;27.48;0.0;0.0;0.0;1.77;0.0;0.0;0.0;0.0;0.0;0.0;0.0;0.0;0.0;0.0;0.0;0.0;0.0;0.0;0.0;0.0;0.0;0.0;0.0;0.0;0.0;0.0;0.0;0.0;0.0;0.0;0.0;0.0;0.0;0.0;0.0;0.0;0.0;0.0;0.0;0.0;0.0;0.0;0.0;0.0;0.0;0.0;0.0;0.0;0.0;0.0;0.0;0.0;0.0;0.0;0.0;0.0;100.0;68.86;0;0;0;0;0;0;0;0;0;0;0;0;0;0;0;0;0;1;0;0
VILA REAL;13.0;1557.0;3.0;147.0;1407.0;1004.0;2.0;1.0;1.0;0.0;0.0;0.0;0.0;16.0;261.0;2.0;22.0;237.0;1534.0;30.0;762.0;18.0;0.0;606.0;135.0;3.0;16.0;278.0;5.0;36.0;237.0;810.0;62.0;1149.0;15.0;0.0;607.0;516.0;11.0;20.0;472.0;29.0;92.0;351.0;792.0;64.0;1055.0;6.0;4.0;583.0;431.0;31.0;34.0;655.0;42.0;147.0;466.0;888.0;69.0;1324.0;9.0;23.0;897.0;345.0;50.0;56.0;1036.0;117.0;303.0;616.0;1113.0;49.0;1447.0;2.0;38.0;1125.0;223.0;59.0;84.0;1466.0;287.0;514.0;665.0;1033.0;45.0;1273.0;0.0;57.0;917.0;207.0;92.0;108.0;1812.0;560.0;604.0;648.0;878.0;33.0;1113.0;0.0;63.0;749.0;175.0;126.0;121.0;2165.0;999.0;531.0;635.0;778.0;5.0;882.0;0.0;38.0;595.0;154.0;95.0;178.0;2180.0;1256.0;408.0;516.0;622.0;0.0;589.0;0.0;43.0;430.0;73.0;43.0;215.0;2153.0;1608.0;208.0;337.0;364.0;0.0;540.0;0.0;96.0;379.0;32.0;33.0;240.0;2018.0;1611.0;138.0;269.0;186.0;0.0;261.0;0.0;75.0;152.0;11.0;23.0;1469.0;3694.0;3106.0;196.0;392.0;197.0;0.0;328.0;0.0;160.0;145.0;10.0;13.0;20191.0;22207.0;3737.0;3436.0;1.22;1.49;1.49;0.0;3097.0;2636.0;12610.0;5033.0;2875.0;2544.0;14144.0;6632.0;0.0;0.0;0.0;0.0;0.0;0.0;0.0;0.0;1.0;0.0;0.0;0.0;0.0;0.0;0.0;0.0;2.7;1.6;7.98;0.12;0.99;2.05;0.0;0.53;0.17;0.04;0.18;0.87;0.89;1.56;0.0;39.38;0.0;0.0;0.0;40.35;0.0;0.46;0.13;0.0;2.79;4.34;0.0;0.0;0.0;0.0;0.0;0.0;0.0;0.0;0.0;0.0;0.0;60.81;0.0;0.0;0.0;2.2;0.0;0.0;0.0;0.0;0.0;0.0;0.0;0.0;0.0;0.0;0.0;0.0;0.0;0.0;0.0;0.0;0.0;0.0;0.0;0.0;0.0;0.0;0.0;0.0;0.0;0.0;0.0;0.0;0.0;0.0;0.0;0.0;0.0;0.0;0.0;0.0;0.0;0.0;0.0;0.0;0.0;0.0;0.0;0.0;0.0;0.0;0.0;0.0;0.0;0.0;0.0;0.0;100.0;29.86;0;0;0;0;0;0;0;0;0;0;0;0;0;0;0;0;0;1;0;0
VILA REAL DE SANTO ANTONIO;4.0;688.0;5.0;115.0;568.0;319.0;0.0;0.0;0.0;0.0;0.0;0.0;0.0;4.0;240.0;6.0;26.0;208.0;452.0;17.0;151.0;5.0;0.0;128.0;18.0;0.0;16.0;252.0;11.0;30.0;211.0;368.0;35.0;190.0;4.0;0.0;135.0;49.0;2.0;16.0;321.0;21.0;63.0;237.0;345.0;48.0;188.0;3.0;1.0;135.0;46.0;3.0;48.0;441.0;39.0;89.0;313.0;366.0;32.0;224.0;2.0;12.0;160.0;46.0;4.0;47.0;542.0;56.0;120.0;366.0;413.0;31.0;270.0;2.0;14.0;219.0;33.0;2.0;46.0;611.0;129.0;209.0;273.0;437.0;26.0;264.0;0.0;29.0;208.0;23.0;4.0;41.0;703.0;187.0;226.0;290.0;341.0;15.0;182.0;0.0;18.0;133.0;23.0;8.0;64.0;793.0;290.0;222.0;281.0;286.0;2.0;119.0;0.0;16.0;89.0;13.0;1.0;95.0;852.0;390.0;204.0;258.0;293.0;0.0;143.0;0.0;19.0;100.0;19.0;5.0;161.0;918.0;595.0;123.0;200.0;204.0;0.0;148.0;0.0;42.0;90.0;10.0;6.0;148.0;969.0;691.0;87.0;191.0;106.0;0.0;111.0;0.0;40.0;59.0;6.0;6.0;432.0;1524.0;1255.0;97.0;172.0;101.0;0.0;99.0;0.0;36.0;49.0;6.0;8.0;0.0;0.0;0.0;0.0;6.76;9.11;9.11;93.83;1257.0;966.0;4549.0;2292.0;1265.0;909.0;4957.0;2629.0;48.0;0.0;0.0;0.0;0.0;0.0;0.0;0.0;1.0;0.0;0.0;0.0;0.0;0.0;0.0;0.24;5.54;1.02;12.47;0.07;0.92;2.39;0.0;0.8;0.08;0.07;0.0;0.84;1.68;7.09;0.0;19.38;0.0;0.0;0.0;46.72;0.06;0.56;0.08;0.0;1.44;3.99;0.0;0.0;0.0;0.0;0.0;0.0;0.0;1.99;0.0;0.0;0.0;38.22;0.0;0.0;0.0;12.05;0.0;0.0;0.0;0.0;0.0;0.0;0.0;0.0;0.0;0.0;0.0;0.0;0.0;0.0;0.0;0.0;0.0;0.0;0.0;0.0;0.0;0.0;0.0;0.0;0.0;0.0;0.0;0.0;0.0;0.0;0.0;0.0;0.0;0.0;0.0;0.0;0.0;0.0;0.0;0.0;0.0;0.0;0.0;0.0;0.0;0.0;7.85;0.0;0.0;0.0;0.0;0.0;100.01;34.47;0;0;0;0;0;0;0;1;0;0;0;0;0;0;0;0;0;0;0;0
VILA VELHA DE RODAO;2.0;61.0;0.0;9.0;52.0;26.0;0.0;1.0;1.0;0.0;0.0;0.0;0.0;0.0;16.0;2.0;3.0;11.0;62.0;2.0;25.0;2.0;0.0;20.0;3.0;0.0;5.0;22.0;1.0;3.0;18.0;34.0;2.0;30.0;1.0;0.0;22.0;7.0;0.0;3.0;43.0;6.0;7.0;30.0;54.0;2.0;20.0;0.0;0.0;16.0;3.0;1.0;5.0;48.0;6.0;6.0;36.0;55.0;2.0;26.0;1.0;0.0;19.0;6.0;0.0;10.0;64.0;14.0;11.0;39.0;54.0;4.0;29.0;0.0;0.0;25.0;3.0;1.0;7.0;72.0;10.0;17.0;45.0;55.0;1.0;24.0;0.0;7.0;16.0;1.0;0.0;7.0;95.0;25.0;20.0;50.0;45.0;2.0;24.0;0.0;6.0;17.0;1.0;0.0;8.0;139.0;54.0;39.0;46.0;45.0;0.0;23.0;0.0;0.0;19.0;4.0;0.0;15.0;175.0;99.0;33.0;43.0;31.0;0.0;19.0;0.0;2.0;15.0;2.0;0.0;18.0;189.0;123.0;25.0;41.0;31.0;0.0;26.0;0.0;9.0;12.0;4.0;1.0;18.0;285.0;223.0;29.0;33.0;20.0;0.0;15.0;0.0;5.0;9.0;1.0;0.0;240.0;622.0;547.0;32.0;43.0;19.0;0.0;18.0;0.0;4.0;14.0;0.0;0.0;1008.0;1577.0;498.0;202.0;1.39;4.6;4.6;0.0;153.0;102.0;663.0;647.0;137.0;93.0;636.0;854.0;33.3;0.0;0.0;0.0;0.0;0.0;0.0;0.0;1.0;0.0;0.0;0.0;0.0;1.0;0.0;0.0;3.81;1.39;6.19;0.0;1.18;2.22;0.0;0.32;0.12;0.1;0.1;1.11;0.36;3.46;0.6;22.72;0.0;0.0;0.0;56.22;0.03;0.09;0.0;0.0;0.0;0.0;0.0;0.0;0.0;0.0;0.0;0.0;0.0;0.0;0.0;0.0;0.0;76.74;0.0;0.0;0.0;4.68;0.0;0.0;0.0;0.0;0.0;0.0;0.0;0.0;0.0;0.0;0.0;0.0;0.0;0.0;0.0;0.0;0.0;0.0;0.0;0.0;0.0;0.0;0.0;0.0;0.0;0.0;0.0;0.0;0.0;0.0;0.0;0.0;0.0;0.0;0.0;0.0;0.0;0.0;0.0;0.0;0.0;0.0;0.0;0.0;0.0;0.0;0.0;0.0;0.0;0.0;0.0;0.0;99.99;18.57;0;0;0;0;0;1;0;0;0;0;0;0;0;0;0;0;0;0;0;0
VILA VERDE;16.0;1637.0;2.0;150.0;1485.0;985.0;0.0;10.0;10.0;0.0;0.0;0.0;0.0;11.0;294.0;8.0;26.0;260.0;1722.0;54.0;640.0;50.0;0.0;501.0;89.0;0.0;17.0;432.0;8.0;43.0;381.0;1122.0;87.0;803.0;26.0;0.0;483.0;286.0;8.0;31.0;710.0;25.0;154.0;531.0;971.0;72.0;701.0;6.0;1.0;437.0;243.0;14.0;50.0;1277.0;76.0;312.0;889.0;966.0;76.0;701.0;5.0;20.0;523.0;134.0;19.0;98.0;1774.0;152.0;812.0;810.0;969.0;50.0;699.0;2.0;47.0;542.0;90.0;18.0;111.0;2174.0;388.0;1023.0;763.0;811.0;49.0;495.0;0.0;38.0;383.0;62.0;12.0;121.0;2279.0;662.0;980.0;637.0;535.0;25.0;344.0;0.0;28.0;245.0;60.0;11.0;163.0;2495.0;1368.0;670.0;457.0;401.0;1.0;201.0;0.0;9.0;152.0;30.0;10.0;197.0;2400.0;1654.0;410.0;336.0;271.0;0.0;130.0;0.0;17.0;100.0;7.0;6.0;206.0;2157.0;1839.0;142.0;176.0;134.0;0.0;142.0;0.0;39.0;97.0;2.0;4.0;281.0;1928.0;1722.0;84.0;122.0;60.0;0.0;91.0;0.0;33.0;48.0;3.0;7.0;1784.0;3196.0;2968.0;98.0;130.0;55.0;0.0;104.0;0.0;45.0;48.0;3.0;8.0;18905.0;21969.0;3297.0;2273.0;1.05;1.94;1.94;74.23;3183.0;2715.0;11981.0;4344.0;2945.0;2654.0;12828.0;5794.0;26.9;0.0;0.0;0.0;0.0;0.0;0.0;0.0;0.0;1.0;0.0;0.0;0.0;0.0;0.09;0.0;2.29;2.36;7.39;0.11;1.44;2.79;0.12;0.57;0.06;0.18;0.0;0.95;0.89;1.05;0.0;42.95;0.0;0.0;0.0;36.13;0.11;0.41;0.12;0.0;2.81;12.59;0.0;0.0;0.0;0.0;0.0;0.0;0.0;0.0;0.0;0.0;0.0;21.47;0.0;0.0;0.0;2.22;0.0;0.0;0.0;0.0;0.0;0.0;0.0;0.0;0.0;0.0;0.0;0.0;0.0;0.0;0.0;0.0;0.0;0.0;0.0;0.0;0.0;0.0;0.0;0.0;0.0;0.0;0.0;0.0;0.0;0.0;0.0;0.0;0.0;0.0;0.0;0.0;0.0;0.0;0.0;0.0;0.0;0.0;0.0;0.0;0.0;0.0;0.0;0.0;0.0;0.0;0.0;0.0;100.01;60.92;0;0;0;1;0;0;0;0;0;0;0;0;0;0;0;0;0;0;0;0
VILA VICOSA;1.0;222.0;0.0;35.0;187.0;131.0;0.0;0.0;0.0;0.0;0.0;0.0;0.0;2.0;53.0;0.0;6.0;47.0;207.0;11.0;79.0;6.0;0.0;72.0;1.0;0.0;3.0;60.0;2.0;9.0;49.0;133.0;10.0;113.0;1.0;0.0;81.0;31.0;0.0;8.0;99.0;3.0;25.0;71.0;128.0;14.0;74.0;1.0;1.0;50.0;21.0;1.0;4.0;157.0;10.0;43.0;104.0;166.0;16.0;87.0;0.0;2.0;65.0;18.0;2.0;7.0;177.0;20.0;48.0;109.0;184.0;8.0;97.0;0.0;7.0;70.0;17.0;3.0;14.0;288.0;53.0;92.0;143.0;156.0;11.0;82.0;0.0;9.0;62.0;10.0;1.0;23.0;344.0;110.0;118.0;116.0;148.0;5.0;60.0;0.0;2.0;51.0;6.0;1.0;15.0;428.0;160.0;156.0;112.0;129.0;0.0;60.0;0.0;5.0;48.0;6.0;1.0;24.0;427.0;195.0;130.0;102.0;112.0;0.0;56.0;0.0;7.0;38.0;10.0;1.0;32.0;366.0;279.0;50.0;37.0;43.0;0.0;63.0;0.0;21.0;34.0;5.0;3.0;37.0;333.0;267.0;25.0;41.0;20.0;0.0;24.0;0.0;4.0;17.0;1.0;2.0;372.0;604.0;532.0;29.0;43.0;18.0;0.0;34.0;0.0;14.0;16.0;2.0;2.0;2951.0;3204.0;705.0;527.0;1.21;1.81;1.81;82.79;428.0;345.0;1956.0;835.0;380.0;361.0;1971.0;1111.0;0.0;0.0;0.0;0.0;0.0;0.0;0.0;0.0;0.0;1.0;0.0;0.0;0.0;0.0;0.0;0.0;2.22;1.02;12.6;0.06;0.82;1.52;0.0;0.36;0.12;0.26;0.0;0.6;0.31;11.78;0.0;17.77;0.0;0.0;0.0;50.04;0.0;0.32;0.18;0.0;0.0;0.0;0.0;0.0;0.0;0.0;0.0;0.0;0.0;0.0;0.0;0.0;0.0;27.6;0.0;0.0;0.0;19.28;0.0;0.0;0.0;0.0;0.0;0.0;0.0;0.0;0.0;0.0;0.0;0.0;0.0;0.0;0.0;0.0;0.0;0.0;0.0;0.0;0.0;0.0;0.0;0.0;0.0;0.0;0.0;0.0;0.0;0.0;0.0;0.0;0.0;0.0;0.0;0.0;0.0;0.0;0.0;0.0;0.0;0.0;0.0;0.0;0.0;0.0;0.0;0.0;0.0;0.0;0.0;0.0;100.01;53.13;0;0;0;0;0;0;0;0;0;0;0;0;0;0;0;0;0;0;0;1
VIMIOSO;0.0;82.0;1.0;15.0;66.0;42.0;0.0;0.0;0.0;0.0;0.0;0.0;0.0;1.0;21.0;1.0;2.0;18.0;93.0;3.0;45.0;3.0;0.0;28.0;14.0;0.0;1.0;31.0;2.0;5.0;24.0;49.0;3.0;51.0;1.0;0.0;32.0;17.0;1.0;4.0;45.0;0.0;12.0;33.0;46.0;5.0;57.0;0.0;0.0;38.0;17.0;2.0;3.0;48.0;3.0;15.0;30.0;59.0;1.0;48.0;0.0;0.0;41.0;6.0;1.0;4.0;91.0;15.0;31.0;45.0;59.0;1.0;35.0;0.0;0.0;34.0;1.0;0.0;3.0;118.0;22.0;52.0;44.0;41.0;6.0;34.0;0.0;4.0;25.0;2.0;3.0;15.0;151.0;45.0;60.0;46.0;47.0;0.0;20.0;0.0;5.0;13.0;2.0;0.0;22.0;217.0;101.0;63.0;53.0;46.0;0.0;16.0;0.0;1.0;15.0;0.0;0.0;22.0;283.0;167.0;55.0;61.0;40.0;0.0;25.0;0.0;2.0;21.0;2.0;0.0;35.0;368.0;286.0;39.0;43.0;27.0;0.0;17.0;0.0;5.0;12.0;0.0;0.0;40.0;315.0;260.0;26.0;29.0;14.0;0.0;11.0;0.0;1.0;8.0;0.0;2.0;391.0;582.0;536.0;28.0;18.0;11.0;0.0;8.0;0.0;4.0;4.0;0.0;0.0;1298.0;2082.0;588.0;181.0;1.11;2.19;2.19;0.0;151.0;142.0;887.0;831.0;145.0;145.0;860.0;988.0;0.0;0.0;0.0;0.0;0.0;0.0;0.0;0.0;0.0;1.0;0.0;0.0;0.0;0.0;0.0;0.0;1.59;0.96;4.43;0.05;0.81;1.07;0.0;0.16;0.12;0.19;0.0;1.21;0.33;0.85;0.0;55.87;0.0;0.0;0.0;32.11;0.0;0.25;0.0;0.0;0.0;0.0;0.0;0.0;0.0;0.0;0.0;0.0;0.0;0.0;0.0;0.0;0.0;30.41;0.0;0.0;0.0;1.48;0.0;0.0;0.0;0.0;0.0;0.0;0.0;0.0;0.0;0.0;0.0;0.0;0.0;0.0;0.0;0.0;0.0;0.0;0.0;0.0;0.0;0.0;0.0;0.0;0.0;0.0;0.0;0.0;0.0;0.0;0.0;0.0;0.0;0.0;0.0;0.0;0.0;0.0;0.0;0.0;0.0;0.0;0.0;0.0;0.0;0.0;0.0;0.0;0.0;0.0;0.0;0.0;100.0;68.11;0;0;0;0;1;0;0;0;0;0;0;0;0;0;0;0;0;0;0;0
VINHAIS;3.0;141.0;0.0;27.0;114.0;64.0;0.0;1.0;1.0;0.0;0.0;0.0;0.0;1.0;39.0;1.0;4.0;34.0;150.0;7.0;49.0;4.0;0.0;39.0;6.0;0.0;0.0;48.0;6.0;6.0;36.0;70.0;10.0;71.0;1.0;0.0;49.0;21.0;0.0;5.0;64.0;9.0;15.0;40.0;100.0;4.0;79.0;3.0;0.0;50.0;26.0;0.0;9.0;105.0;6.0;26.0;73.0;116.0;3.0;83.0;1.0;0.0;58.0;24.0;0.0;13.0;180.0;12.0;82.0;86.0;114.0;2.0;84.0;0.0;3.0;71.0;10.0;0.0;22.0;224.0;38.0;119.0;67.0;95.0;9.0;66.0;0.0;6.0;49.0;10.0;1.0;25.0;323.0;89.0;150.0;84.0;103.0;0.0;31.0;0.0;4.0;25.0;2.0;0.0;28.0;451.0;211.0;143.0;97.0;93.0;0.0;22.0;0.0;3.0;15.0;4.0;0.0;39.0;590.0;328.0;170.0;92.0;61.0;0.0;23.0;0.0;2.0;18.0;3.0;0.0;49.0;645.0;505.0;94.0;46.0;40.0;0.0;32.0;0.0;7.0;21.0;3.0;1.0;62.0;617.0;502.0;79.0;36.0;20.0;0.0;20.0;0.0;5.0;11.0;1.0;3.0;665.0;1256.0;1140.0;72.0;44.0;18.0;0.0;26.0;0.0;11.0;13.0;1.0;1.0;2470.0;3892.0;1014.0;392.0;0.76;0.99;0.99;0.0;264.0;246.0;1705.0;1587.0;234.0;209.0;1660.0;1863.0;0.0;0.0;0.0;0.0;0.0;0.0;0.0;0.0;1.0;0.0;0.0;0.0;0.0;0.0;0.0;0.0;1.28;1.67;6.83;0.02;0.7;0.85;0.0;0.1;0.07;0.14;0.0;1.75;0.44;0.76;0.0;41.61;0.0;0.0;0.0;43.47;0.0;0.3;0.0;0.0;0.0;1.55;0.0;0.0;0.0;0.0;0.0;0.0;0.0;0.0;0.0;0.0;0.0;52.08;0.0;0.0;0.0;0.56;0.0;0.0;0.0;0.0;0.0;0.0;0.0;0.0;0.0;0.0;0.0;0.0;0.0;0.0;0.0;0.0;0.0;0.0;0.0;0.0;0.0;0.0;0.0;0.0;0.0;0.0;0.0;0.0;0.0;0.0;0.0;0.0;0.0;0.0;0.0;0.0;0.0;0.0;0.0;0.0;0.0;0.0;0.0;0.0;0.0;0.0;0.0;0.0;0.0;0.0;0.0;0.0;100.0;45.81;0;0;0;0;1;0;0;0;0;0;0;0;0;0;0;0;0;0;0;0
VISEU;29.0;3364.0;20.0;362.0;2982.0;1822.0;4.0;11.0;11.0;0.0;0.0;0.0;0.0;37.0;501.0;18.0;57.0;426.0;3184.0;79.0;1595.0;66.0;0.0;1253.0;274.0;2.0;76.0;674.0;39.0;92.0;543.0;1763.0;150.0;2237.0;52.0;0.0;1344.0;831.0;10.0;78.0;982.0;46.0;156.0;780.0;1734.0;164.0;2125.0;34.0;7.0;1290.0;769.0;25.0;106.0;1455.0;72.0;268.0;1115.0;2027.0;181.0;2643.0;20.0;82.0;1906.0;588.0;47.0;128.0;2265.0;238.0;687.0;1340.0;2266.0;171.0;3021.0;13.0;152.0;2280.0;489.0;87.0;193.0;2869.0;465.0;1144.0;1260.0;2070.0;84.0;2553.0;0.0;211.0;1859.0;417.0;66.0;183.0;3323.0;771.0;1313.0;1239.0;1575.0;61.0;1904.0;0.0;141.0;1352.0;330.0;81.0;204.0;3852.0;1513.0;1231.0;1108.0;1257.0;6.0;1404.0;0.0;78.0;1018.0;235.0;73.0;301.0;4235.0;2271.0;1000.0;964.0;1001.0;0.0;1099.0;0.0;81.0;834.0;136.0;48.0;373.0;4478.0;3419.0;433.0;626.0;569.0;0.0;906.0;0.0;153.0;666.0;64.0;23.0;407.0;4364.0;3426.0;326.0;612.0;326.0;0.0;520.0;0.0;143.0;335.0;33.0;9.0;2663.0;7757.0;6503.0;470.0;784.0;384.0;0.0;733.0;0.0;331.0;355.0;30.0;17.0;40346.0;45090.0;7109.0;7006.0;2.02;3.08;3.08;0.0;6627.0;5387.0;24585.0;10203.0;6398.0;5239.0;27835.0;13277.0;25.8;0.0;0.0;0.0;0.0;0.0;0.0;0.0;0.0;1.0;0.0;0.0;0.0;0.0;0.0;0.11;2.83;2.01;8.79;0.1;1.16;3.02;0.0;0.68;0.08;0.06;0.17;0.97;0.99;1.3;0.0;36.72;0.0;0.0;0.0;40.51;0.05;0.27;0.18;0.0;2.08;3.06;0.0;2.27;0.0;0.0;0.0;0.0;0.0;1.3;0.0;0.0;0.0;39.61;0.0;0.0;0.0;1.21;0.0;0.0;0.0;0.0;0.0;0.0;0.0;0.0;0.0;0.0;0.0;0.0;0.0;0.0;0.0;0.0;0.0;0.0;0.0;0.0;0.0;0.0;0.0;0.0;0.0;0.0;0.0;0.0;0.0;0.0;0.0;0.0;0.0;0.0;0.0;0.0;0.0;0.0;0.0;0.0;0.0;0.0;0.0;0.0;0.0;0.0;0.0;0.0;0.0;0.0;0.0;0.0;99.99;50.46;0;0;0;0;0;0;0;0;0;0;0;0;0;0;0;0;0;0;1;0
VIZELA;16.0;777.0;2.0;81.0;694.0;475.0;3.0;3.0;3.0;0.0;0.0;0.0;0.0;10.0;256.0;4.0;20.0;232.0;941.0;23.0;324.0;17.0;0.0;264.0;43.0;0.0;12.0;391.0;3.0;41.0;347.0;612.0;37.0;423.0;10.0;0.0;238.0;174.0;1.0;10.0;585.0;8.0;113.0;464.0;475.0;37.0;378.0;3.0;2.0;212.0;153.0;8.0;14.0;749.0;27.0;204.0;518.0;461.0;29.0;343.0;1.0;6.0;262.0;67.0;7.0;31.0;973.0;126.0;466.0;381.0;428.0;25.0;318.0;1.0;10.0;260.0;41.0;6.0;44.0;1377.0;445.0;533.0;399.0;370.0;11.0;173.0;0.0;17.0;131.0;20.0;5.0;66.0;1559.0;762.0;487.0;310.0;245.0;6.0;91.0;0.0;4.0;72.0;12.0;3.0;64.0;1595.0;941.0;388.0;266.0;179.0;1.0;62.0;0.0;4.0;56.0;2.0;0.0;83.0;1395.0;951.0;242.0;202.0;113.0;0.0;54.0;0.0;5.0;42.0;6.0;1.0;99.0;1231.0;1040.0;93.0;98.0;59.0;0.0;48.0;0.0;14.0;33.0;1.0;0.0;87.0;935.0;847.0;32.0;56.0;25.0;0.0;25.0;0.0;12.0;11.0;2.0;0.0;571.0;1058.0;976.0;37.0;45.0;26.0;0.0;19.0;0.0;13.0;6.0;0.0;0.0;9893.0;11383.0;1249.0;1371.0;0.68;0.99;0.99;81.44;1569.0;1450.0;6754.0;1872.0;1497.0;1378.0;7065.0;2311.0;16.6;0.0;0.0;0.0;0.0;0.0;0.0;0.0;1.0;0.0;0.0;0.0;0.0;0.0;0.0;0.0;3.92;1.36;4.34;0.11;1.14;4.45;0.14;0.73;0.09;0.06;0.0;1.0;0.88;1.91;0.0;23.91;0.0;0.0;0.0;55.26;0.08;0.55;0.06;0.0;1.7;1.86;0.0;0.0;0.0;0.0;0.0;0.0;0.0;0.0;0.0;0.0;0.0;76.37;0.0;0.0;0.0;1.75;0.0;0.0;0.0;0.0;0.0;0.0;0.0;0.0;0.0;0.0;0.0;0.0;0.0;0.0;0.0;0.0;0.0;0.0;0.0;0.0;0.0;0.0;0.0;0.0;0.0;0.0;0.0;0.0;0.0;0.0;0.0;0.0;0.0;0.0;0.0;0.0;0.0;0.0;0.0;0.0;0.0;0.0;0.0;0.0;0.0;0.0;0.0;0.0;0.0;0.0;0.0;0.0;100.0;18.32;0;0;0;1;0;0;0;0;0;0;0;0;0;0;0;0;0;0;0;0
VOUZELA;4.0;268.0;0.0;35.0;233.0;159.0;1.0;1.0;1.0;0.0;0.0;0.0;0.0;2.0;54.0;0.0;3.0;51.0;324.0;13.0;118.0;6.0;0.0;94.0;17.0;1.0;2.0;81.0;1.0;7.0;73.0;165.0;17.0;142.0;6.0;0.0;87.0;46.0;3.0;6.0;123.0;4.0;22.0;97.0;183.0;12.0;146.0;3.0;0.0;94.0;47.0;2.0;5.0;190.0;10.0;52.0;128.0;145.0;12.0;135.0;3.0;4.0;100.0;27.0;1.0;9.0;298.0;25.0;151.0;122.0;163.0;7.0;121.0;0.0;4.0;91.0;23.0;3.0;16.0;393.0;73.0;170.0;150.0;132.0;6.0;100.0;0.0;9.0;79.0;12.0;0.0;27.0;469.0;136.0;185.0;148.0;127.0;1.0;52.0;0.0;5.0;39.0;6.0;2.0;25.0;531.0;237.0;182.0;112.0;106.0;1.0;48.0;0.0;2.0;44.0;2.0;0.0;26.0;513.0;311.0;106.0;96.0;91.0;0.0;32.0;0.0;2.0;25.0;3.0;2.0;42.0;580.0;478.0;53.0;49.0;23.0;0.0;48.0;0.0;15.0;31.0;0.0;2.0;52.0;561.0;482.0;38.0;41.0;19.0;0.0;26.0;0.0;8.0;16.0;2.0;0.0;414.0;1193.0;1098.0;52.0;43.0;19.0;0.0;43.0;0.0;18.0;20.0;3.0;2.0;3445.0;4657.0;980.0;498.0;0.86;1.66;1.66;0.0;466.0;484.0;2265.0;1300.0;492.0;460.0;2393.0;1720.0;23.9;0.0;0.0;0.0;0.0;0.0;0.0;0.0;0.0;1.0;0.0;0.0;0.0;0.0;0.0;0.18;2.51;1.17;7.8;0.08;1.09;2.05;0.0;0.59;0.05;0.04;0.16;0.89;0.67;1.11;0.0;37.51;0.0;0.0;0.0;43.66;0.11;0.29;0.04;0.0;0.0;3.34;0.0;0.0;0.0;0.0;0.0;0.0;0.0;0.0;0.0;0.0;0.0;33.56;0.0;0.0;0.0;1.65;0.0;0.0;0.0;0.0;0.0;0.0;0.0;0.0;0.0;0.0;0.0;0.0;0.0;0.0;0.0;0.0;0.0;0.0;0.0;0.0;0.0;0.0;0.0;0.0;0.0;0.0;0.0;0.0;0.0;0.0;0.0;0.0;0.0;0.0;0.0;0.0;0.0;0.0;0.0;0.0;0.0;0.0;0.0;0.0;0.0;0.0;0.0;0.0;0.0;0.0;0.0;0.0;100.0;61.45;0;0;0;0;0;0;0;0;0;0;0;0;0;0;0;0;0;0;1;0
