Concelho;15 - 19 anos-1:Nenhum;15 - 19 anos-2:Ensino básico;15 - 19 anos-21:1.º ciclo;15 - 19 anos-22:2.º ciclo;15 - 19 anos-23:3.º ciclo;15 - 19 anos-3:Ensino secundário;15 - 19 anos-4:Ensino pós-secundário;15 - 19 anos-5:Ensino superior;15 - 19 anos-51:Curso técnico superior profissional;15 - 19 anos-52:Bacharelato;15 - 19 anos-53:Licenciatura;15 - 19 anos-54:Mestrado;15 - 19 anos-55:Doutoramento;20 - 24 anos-1:Nenhum;20 - 24 anos-2:Ensino básico;20 - 24 anos-21:1.º ciclo;20 - 24 anos-22:2.º ciclo;20 - 24 anos-23:3.º ciclo;20 - 24 anos-3:Ensino secundário;20 - 24 anos-4:Ensino pós-secundário;20 - 24 anos-5:Ensino superior;20 - 24 anos-51:Curso técnico superior profissional;20 - 24 anos-52:Bacharelato;20 - 24 anos-53:Licenciatura;20 - 24 anos-54:Mestrado;20 - 24 anos-55:Doutoramento;25 - 29 anos-1:Nenhum;25 - 29 anos-2:Ensino básico;25 - 29 anos-21:1.º ciclo;25 - 29 anos-22:2.º ciclo;25 - 29 anos-23:3.º ciclo;25 - 29 anos-3:Ensino secundário;25 - 29 anos-4:Ensino pós-secundário;25 - 29 anos-5:Ensino superior;25 - 29 anos-51:Curso técnico superior profissional;25 - 29 anos-52:Bacharelato;25 - 29 anos-53:Licenciatura;25 - 29 anos-54:Mestrado;25 - 29 anos-55:Doutoramento;30 - 34 anos-1:Nenhum;30 - 34 anos-2:Ensino básico;30 - 34 anos-21:1.º ciclo;30 - 34 anos-22:2.º ciclo;30 - 34 anos-23:3.º ciclo;30 - 34 anos-3:Ensino secundário;30 - 34 anos-4:Ensino pós-secundário;30 - 34 anos-5:Ensino superior;30 - 34 anos-51:Curso técnico superior profissional;30 - 34 anos-52:Bacharelato;30 - 34 anos-53:Licenciatura;30 - 34 anos-54:Mestrado;30 - 34 anos-55:Doutoramento;35 - 39 anos-1:Nenhum;35 - 39 anos-2:Ensino básico;35 - 39 anos-21:1.º ciclo;35 - 39 anos-22:2.º ciclo;35 - 39 anos-23:3.º ciclo;35 - 39 anos-3:Ensino secundário;35 - 39 anos-4:Ensino pós-secundário;35 - 39 anos-5:Ensino superior;35 - 39 anos-51:Curso técnico superior profissional;35 - 39 anos-52:Bacharelato;35 - 39 anos-53:Licenciatura;35 - 39 anos-54:Mestrado;35 - 39 anos-55:Doutoramento;40 - 44 anos-1:Nenhum;40 - 44 anos-2:Ensino básico;40 - 44 anos-21:1.º ciclo;40 - 44 anos-22:2.º ciclo;40 - 44 anos-23:3.º ciclo;40 - 44 anos-3:Ensino secundário;40 - 44 anos-4:Ensino pós-secundário;40 - 44 anos-5:Ensino superior;40 - 44 anos-51:Curso técnico superior profissional;40 - 44 anos-52:Bacharelato;40 - 44 anos-53:Licenciatura;40 - 44 anos-54:Mestrado;40 - 44 anos-55:Doutoramento;45 - 49 anos-1:Nenhum;45 - 49 anos-2:Ensino básico;45 - 49 anos-21:1.º ciclo;45 - 49 anos-22:2.º ciclo;45 - 49 anos-23:3.º ciclo;45 - 49 anos-3:Ensino secundário;45 - 49 anos-4:Ensino pós-secundário;45 - 49 anos-5:Ensino superior;45 - 49 anos-51:Curso técnico superior profissional;45 - 49 anos-52:Bacharelato;45 - 49 anos-53:Licenciatura;45 - 49 anos-54:Mestrado;45 - 49 anos-55:Doutoramento;50 - 54 anos-1:Nenhum;50 - 54 anos-2:Ensino básico;50 - 54 anos-21:1.º ciclo;50 - 54 anos-22:2.º ciclo;50 - 54 anos-23:3.º ciclo;50 - 54 anos-3:Ensino secundário;50 - 54 anos-4:Ensino pós-secundário;50 - 54 anos-5:Ensino superior;50 - 54 anos-51:Curso técnico superior profissional;50 - 54 anos-52:Bacharelato;50 - 54 anos-53:Licenciatura;50 - 54 anos-54:Mestrado;50 - 54 anos-55:Doutoramento;55 - 59 anos-1:Nenhum;55 - 59 anos-2:Ensino básico;55 - 59 anos-21:1.º ciclo;55 - 59 anos-22:2.º ciclo;55 - 59 anos-23:3.º ciclo;55 - 59 anos-3:Ensino secundário;55 - 59 anos-4:Ensino pós-secundário;55 - 59 anos-5:Ensino superior;55 - 59 anos-51:Curso técnico superior profissional;55 - 59 anos-52:Bacharelato;55 - 59 anos-53:Licenciatura;55 - 59 anos-54:Mestrado;55 - 59 anos-55:Doutoramento;60 - 64 anos-1:Nenhum;60 - 64 anos-2:Ensino básico;60 - 64 anos-21:1.º ciclo;60 - 64 anos-22:2.º ciclo;60 - 64 anos-23:3.º ciclo;60 - 64 anos-3:Ensino secundário;60 - 64 anos-4:Ensino pós-secundário;60 - 64 anos-5:Ensino superior;60 - 64 anos-51:Curso técnico superior profissional;60 - 64 anos-52:Bacharelato;60 - 64 anos-53:Licenciatura;60 - 64 anos-54:Mestrado;60 - 64 anos-55:Doutoramento;65 - 69 anos-1:Nenhum;65 - 69 anos-2:Ensino básico;65 - 69 anos-21:1.º ciclo;65 - 69 anos-22:2.º ciclo;65 - 69 anos-23:3.º ciclo;65 - 69 anos-3:Ensino secundário;65 - 69 anos-4:Ensino pós-secundário;65 - 69 anos-5:Ensino superior;65 - 69 anos-51:Curso técnico superior profissional;65 - 69 anos-52:Bacharelato;65 - 69 anos-53:Licenciatura;65 - 69 anos-54:Mestrado;65 - 69 anos-55:Doutoramento;70 - 74 anos-1:Nenhum;70 - 74 anos-2:Ensino básico;70 - 74 anos-21:1.º ciclo;70 - 74 anos-22:2.º ciclo;70 - 74 anos-23:3.º ciclo;70 - 74 anos-3:Ensino secundário;70 - 74 anos-4:Ensino pós-secundário;70 - 74 anos-5:Ensino superior;70 - 74 anos-51:Curso técnico superior profissional;70 - 74 anos-52:Bacharelato;70 - 74 anos-53:Licenciatura;70 - 74 anos-54:Mestrado;70 - 74 anos-55:Doutoramento;75 ou mais anos-1:Nenhum;75 ou mais anos-2:Ensino básico;75 ou mais anos-21:1.º ciclo;75 ou mais anos-22:2.º ciclo;75 ou mais anos-23:3.º ciclo;75 ou mais anos-3:Ensino secundário;75 ou mais anos-4:Ensino pós-secundário;75 ou mais anos-5:Ensino superior;75 ou mais anos-51:Curso técnico superior profissional;75 ou mais anos-52:Bacharelato;75 ou mais anos-53:Licenciatura;75 ou mais anos-54:Mestrado;75 ou mais anos-55:Doutoramento
ARCOS DE VALDEVEZ;12;538;2;49;487;325;0;2;2;0;0;0;0;14;105;3;2;100;571;15;208;16;0;166;23;3;4;138;2;11;125;395;24;250;6;0;145;96;3;15;241;5;31;205;353;22;222;2;2;141;74;3;17;393;29;89;275;398;29;251;2;9;199;37;4;23;510;63;213;234;402;22;260;2;15;194;46;3;52;748;182;297;269;301;13;206;0;29;153;23;1;76;794;328;245;221;196;6;145;0;16;103;21;5;89;1041;599;242;200;202;1;92;0;9;66;13;4;129;1249;834;225;190;150;0;88;0;15;64;7;2;151;1419;1245;65;109;92;0;94;0;30;59;3;2;246;1343;1217;53;73;39;0;48;0;23;20;3;2;1696;2227;2095;57;75;38;0;65;0;31;29;2;3
CAMINHA;7;371;0;26;345;264;0;1;1;0;0;0;0;4;63;1;7;55;456;6;199;10;0;155;33;1;1;129;4;15;110;279;12;290;7;0;166;116;1;5;186;6;21;159;265;17;260;2;0;165;91;2;11;287;8;55;224;330;23;281;7;19;195;58;2;8;359;16;122;221;367;23;302;1;21;228;43;9;17;499;51;218;230;289;12;266;0;29;200;30;7;22;602;139;244;219;276;6;196;0;16;146;27;7;47;763;252;232;279;227;3;154;0;14;105;31;4;51;833;397;223;213;187;0;152;0;19;107;22;4;62;843;659;71;113;135;0;139;0;29;92;14;4;83;856;690;59;107;84;0;73;0;20;45;4;4;507;1698;1468;83;147;76;0;105;0;37;61;5;2
MELGACO;3;146;0;9;137;98;1;2;2;0;0;0;0;3;31;0;2;29;166;5;64;4;0;52;8;0;2;41;1;1;39;99;3;108;1;0;63;42;2;4;39;0;8;31;122;13;61;2;0;37;21;1;8;113;11;30;72;121;14;74;2;4;48;20;0;10;139;12;45;82;129;15;84;1;5;65;11;2;19;210;37;91;82;134;9;90;0;2;78;9;1;22;282;66;120;96;104;6;46;0;6;37;3;0;28;373;150;134;89;84;1;48;0;3;41;4;0;47;556;309;163;84;76;0;35;0;3;29;3;0;64;586;509;43;34;36;0;42;0;20;20;2;0;82;614;542;37;35;13;0;22;0;11;8;1;2;607;1212;1145;36;31;13;0;16;0;7;8;0;1
MONCAO;3;405;0;32;373;288;0;5;5;0;0;0;0;8;42;1;3;38;464;15;182;13;0;140;29;0;15;70;1;5;64;332;34;245;11;0;145;88;1;8;136;7;21;108;302;46;238;6;1;154;76;1;13;255;8;47;200;353;57;290;4;16;219;49;2;18;408;44;139;225;431;24;301;1;25;220;48;7;21;549;91;228;230;319;13;224;0;23;170;27;4;41;706;176;317;213;255;11;151;0;16;127;5;3;61;893;361;342;190;216;0;103;0;3;88;7;5;64;1115;591;335;189;184;0;107;0;12;89;3;3;93;1265;1034;118;113;71;0;97;0;37;57;3;0;147;1196;1047;71;78;35;0;45;0;23;22;0;0;982;2060;1928;65;67;43;0;43;0;20;21;1;1
PAREDES DE COURA;5;233;0;21;212;149;1;2;2;0;0;0;0;3;34;1;2;31;234;10;89;17;0;61;11;0;6;69;0;4;65;151;12;97;3;0;70;24;0;3;141;4;18;119;170;13;95;0;1;71;20;3;7;201;1;45;155;169;17;111;1;4;83;19;4;11;261;14;114;133;191;13;85;0;6;68;9;2;14;375;67;181;127;147;4;86;0;16;59;8;3;19;424;131;167;126;91;5;42;0;3;29;9;1;34;479;260;111;108;73;0;25;0;3;16;4;2;37;492;285;107;100;55;0;40;0;7;28;3;2;57;514;420;34;60;36;0;28;0;11;14;1;2;60;551;511;21;19;14;0;24;0;7;15;1;1;551;793;736;24;33;11;0;19;0;12;6;1;0
PONTE DA BARCA;2;298;0;20;278;200;0;0;0;0;0;0;0;3;51;0;2;49;365;10;144;6;0;116;22;0;11;87;2;7;78;258;13;136;3;0;77;53;3;6;172;5;35;132;196;19;97;2;0;66;29;0;9;227;10;49;168;230;17;112;0;2;82;27;1;17;310;28;111;171;243;18;140;0;5;118;16;1;27;406;88;162;156;205;11;136;0;20;100;14;2;32;508;190;189;129;134;4;92;0;11;70;10;1;40;630;341;148;141;109;1;43;0;3;36;3;1;65;611;404;111;96;90;0;33;0;3;27;2;1;76;635;545;48;42;40;0;39;0;12;26;0;1;87;643;575;28;40;17;0;38;0;16;22;0;0;686;1021;949;29;43;19;0;30;0;13;14;1;2
PONTE DE LIMA;13;1249;3;101;1145;940;2;8;8;0;0;0;0;13;209;2;5;202;1492;33;592;51;0;444;94;3;12;287;4;21;262;1000;57;779;31;0;446;292;10;27;633;11;92;530;764;69;538;5;2;333;186;12;35;1091;31;258;802;747;59;559;16;21;406;106;10;44;1488;118;616;754;753;37;534;1;33;414;78;8;75;2026;294;999;733;684;26;490;0;64;355;61;10;103;2212;562;941;709;487;18;304;0;50;218;32;4;112;2360;954;833;573;345;3;213;0;26;164;15;8;156;2121;1111;606;404;238;0;166;0;26;122;14;4;177;2025;1698;159;168;119;0;168;0;38;108;18;4;276;1943;1728;92;123;52;0;74;0;23;45;2;4;1885;3218;2999;102;117;56;0;76;0;34;37;2;3
VALENCA;4;401;1;48;352;236;0;2;2;0;0;0;0;10;112;2;9;101;441;11;120;10;0;90;19;1;9;135;2;14;119;322;20;185;5;0;114;65;1;14;199;8;30;161;296;23;195;5;2;139;48;1;30;324;15;85;224;329;29;170;0;11;126;30;3;20;422;27;162;233;327;18;160;1;13;129;16;1;26;531;64;239;228;323;6;150;0;19;113;14;4;38;580;140;254;186;218;12;92;0;9;67;12;4;35;639;261;201;177;169;0;69;0;11;47;9;2;50;685;383;156;146;131;0;61;0;7;45;7;2;75;743;588;63;92;60;0;53;0;17;31;4;1;73;771;632;54;85;30;0;35;0;15;20;0;0;439;1268;1143;54;71;30;0;37;0;22;11;3;1
VIANA DO CASTELO;25;2608;8;253;2347;1513;6;6;6;0;0;0;0;38;481;20;55;406;2735;84;1173;80;0;881;211;1;51;623;29;68;526;1706;114;1746;42;0;967;728;9;55;954;43;143;768;1473;123;1625;12;11;951;631;20;82;1543;53;251;1239;1580;127;1797;12;51;1312;403;19;110;2219;105;783;1331;1785;82;1992;3;128;1497;318;46;136;2862;271;1321;1270;1712;70;1660;0;160;1256;212;32;154;3581;599;1715;1267;1390;50;1182;0;101;853;186;42;186;4034;1239;1551;1244;1198;8;923;0;58;721;110;34;244;4318;2041;1189;1088;1089;0;816;0;70;625;79;42;305;4287;3151;433;703;604;0;741;0;168;485;67;21;359;4005;3230;271;504;279;0;457;0;137;273;28;19;2311;7399;6415;360;624;321;0;424;0;160;224;22;18
VILA NOVA DE CERVEIRA;3;238;0;21;217;177;0;2;2;0;0;0;0;2;72;1;6;65;260;8;94;5;0;75;14;0;4;92;6;5;81;219;12;140;6;0;95;39;0;5;151;1;21;129;167;15;128;1;2;80;44;1;5;195;15;40;140;198;21;125;1;11;91;20;2;4;269;19;97;153;200;15;135;1;25;86;18;5;12;335;54;129;152;205;10;139;0;19;102;17;1;18;393;115;148;130;135;6;80;0;13;59;7;1;19;397;128;150;119;112;0;42;0;6;32;4;0;28;432;203;134;95;95;0;44;0;12;29;3;0;41;476;375;44;57;51;0;32;0;11;19;1;1;57;479;408;40;31;35;0;30;0;10;18;2;0;309;852;774;43;35;17;0;33;0;10;20;0;3
AMARES;5;629;0;79;550;402;1;2;2;0;0;0;0;6;117;3;15;99;726;32;263;15;0;197;50;1;7;145;2;15;128;442;47;354;14;0;202;135;3;14;277;16;69;192;374;37;313;6;2;194;105;6;22;413;15;107;291;407;44;279;1;9;206;59;4;23;641;63;267;311;425;26;284;2;12;231;33;6;35;815;145;340;330;350;15;216;0;22;168;22;4;60;957;297;384;276;245;13;136;0;13;105;15;3;57;988;507;238;243;172;0;107;0;10;77;14;6;71;973;577;220;176;149;0;75;0;10;51;11;3;97;894;729;73;92;64;0;58;0;15;36;4;3;85;838;743;46;49;32;0;37;0;9;25;3;0;597;1221;1119;54;48;27;0;48;0;19;24;3;2
BARCELOS;51;3849;3;364;3482;2627;10;14;14;0;0;0;0;37;666;9;53;604;4630;154;2019;122;0;1571;324;2;76;1137;11;126;1000;2825;199;2504;48;0;1444;990;22;75;2061;38;361;1662;2087;172;1945;20;11;1217;655;42;97;3163;86;783;2294;2005;195;1668;14;45;1218;364;27;159;4801;302;2506;1993;2161;123;1659;7;68;1314;228;42;204;6474;835;3649;1990;1881;84;1167;0;92;907;146;22;234;7079;1860;3489;1730;1272;49;656;0;33;526;79;18;283;7105;3347;2376;1382;1027;10;481;0;40;373;57;11;371;6395;3967;1448;980;684;0;397;0;41;314;29;13;405;5945;5085;383;477;367;0;339;0;87;228;14;10;483;4863;4287;271;305;182;0;223;0;62;143;15;3;3056;6768;6232;227;309;157;0;227;0;107;107;8;5
BRAGA;62;6472;27;683;5762;4044;15;10;10;0;0;0;0;69;1062;32;112;918;6673;196;3373;153;0;2561;654;5;101;1298;51;124;1123;4012;335;5789;112;0;2890;2730;57;158;2018;78;351;1589;3585;358;5755;68;25;3036;2404;222;197;3211;154;593;2464;3811;357;6062;50;220;3912;1577;303;230;4632;343;1483;2806;4064;293;6085;17;296;4491;1024;257;279;6279;906;2560;2813;3789;232;5117;0;308;3744;831;234;322;7335;1827;2849;2659;3130;175;3630;0;184;2681;538;227;373;8339;3237;2559;2543;2641;16;2912;0;185;2053;460;214;418;7884;4130;1824;1930;1955;0;2245;0;205;1588;286;166;522;7524;5650;721;1153;1118;0;1717;0;364;1141;133;79;567;6578;4971;474;1133;624;0;1061;0;311;642;57;51;3168;10310;8275;620;1415;693;0;1291;0;521;656;56;58
ESPOSENDE;13;1099;2;100;997;789;3;3;3;0;0;0;0;10;149;5;12;132;1236;38;556;35;0;429;91;1;20;239;3;25;211;753;66;842;15;0;501;322;4;19;515;5;118;392;640;72;719;8;5;412;277;17;27;815;21;211;583;640;70;793;7;19;565;181;21;48;1158;57;542;559;754;47;802;0;35;632;111;24;44;1525;152;827;546;611;38;612;0;46;450;103;13;65;1719;430;770;519;440;18;377;0;33;266;60;18;86;1892;783;694;415;318;1;286;0;37;213;29;7;94;1744;861;528;355;263;0;247;0;30;173;31;13;108;1580;1262;147;171;135;0;215;0;44;153;12;6;152;1464;1251;94;119;79;0;135;0;42;80;5;8;899;2107;1925;67;115;50;0;117;0;44;67;4;2
TERRAS DE BOURO;2;213;0;23;190;113;0;1;1;0;0;0;0;2;38;0;4;34;202;8;62;5;0;45;12;0;2;42;0;3;39;143;11;80;0;0;50;29;1;4;93;1;22;70;104;8;53;1;0;26;26;0;4;144;12;37;95;105;9;71;1;1;48;20;1;14;172;13;69;90;107;6;65;0;6;51;6;2;15;269;40;102;127;105;6;47;0;3;33;9;2;24;350;91;134;125;91;1;27;0;0;22;3;2;19;409;187;100;122;86;2;27;0;3;23;0;1;26;406;247;77;82;61;0;15;0;2;6;3;4;19;375;311;28;36;22;0;19;0;2;16;1;0;40;395;349;19;27;20;0;8;0;0;6;1;1;317;603;569;11;23;15;0;16;0;5;10;1;0
VILA VERDE;16;1637;2;150;1485;985;0;10;10;0;0;0;0;11;294;8;26;260;1722;54;640;50;0;501;89;0;17;432;8;43;381;1122;87;803;26;0;483;286;8;31;710;25;154;531;971;72;701;6;1;437;243;14;50;1277;76;312;889;966;76;701;5;20;523;134;19;98;1774;152;812;810;969;50;699;2;47;542;90;18;111;2174;388;1023;763;811;49;495;0;38;383;62;12;121;2279;662;980;637;535;25;344;0;28;245;60;11;163;2495;1368;670;457;401;1;201;0;9;152;30;10;197;2400;1654;410;336;271;0;130;0;17;100;7;6;206;2157;1839;142;176;134;0;142;0;39;97;2;4;281;1928;1722;84;122;60;0;91;0;33;48;3;7;1784;3196;2968;98;130;55;0;104;0;45;48;3;8
CABECEIRAS DE BASTO;8;576;1;61;514;309;2;1;1;0;0;0;0;7;160;2;23;135;549;11;203;7;0;156;39;1;21;199;5;30;164;338;20;273;5;0;159;108;1;16;271;13;60;198;258;22;227;4;0;142;77;4;19;385;34;96;255;289;17;226;3;2;183;35;3;21;553;62;233;258;312;16;177;1;10;142;21;3;43;741;164;332;245;226;13;139;0;8;116;13;2;56;806;244;350;212;154;5;84;0;3;69;9;3;68;917;482;236;199;136;0;59;0;3;47;9;0;79;943;574;221;148;85;0;77;0;8;61;6;2;82;786;629;84;73;49;0;50;0;15;33;1;1;76;591;507;48;36;17;0;30;0;11;13;4;2;778;1012;918;56;38;17;0;36;0;19;16;1;0
FAFE;19;1470;1;169;1300;1015;6;4;4;0;0;0;0;9;453;8;43;402;1605;39;672;19;0;547;105;1;32;649;17;95;537;987;49;822;8;0;484;326;4;39;950;34;254;662;757;60;790;6;2;478;293;11;50;1310;63;425;822;750;54;750;5;12;547;175;11;58;1945;204;975;766;774;53;728;3;15;592;106;12;113;2462;447;1316;699;710;22;500;0;36;384;68;12;127;2681;761;1285;635;485;16;383;0;29;306;43;5;131;2873;1442;947;484;343;1;267;0;12;224;24;7;189;2919;1851;657;411;304;0;203;0;26;158;15;4;234;2864;2517;150;197;131;0;227;0;65;149;9;4;268;2287;2050;94;143;59;0;116;0;51;63;1;1;1660;3161;2981;77;103;48;0;131;0;70;58;1;2
GUIMARAES;53;4744;10;470;4264;3166;7;21;21;0;0;0;0;42;1259;18;107;1134;5572;137;2365;127;0;1836;401;1;58;1816;24;178;1614;3499;255;3299;58;0;1812;1397;32;103;2844;88;616;2140;2817;239;2948;21;5;1663;1175;84;109;4045;163;1077;2805;2891;233;2907;20;77;2037;696;77;149;5621;523;2437;2661;2878;186;2800;6;103;2195;418;78;235;7847;1685;3495;2667;2472;117;2057;0;149;1579;264;65;292;9016;3239;3388;2389;1874;92;1269;0;95;953;176;45;374;9621;5082;2553;1986;1487;7;919;0;76;680;137;26;530;8910;5954;1576;1380;1102;0;634;0;74;476;63;21;618;8376;6914;623;839;646;0;619;0;160;402;38;19;613;6562;5575;363;624;323;0;379;0;120;234;14;11;3556;8845;7789;377;679;337;0;453;0;202;229;12;10
MONDIM DE BASTO;0;222;0;14;208;135;1;1;1;0;0;0;0;2;40;0;2;38;205;8;89;5;0;66;18;0;5;64;0;3;61;121;7;86;1;0;65;20;0;3;100;11;21;68;101;9;55;0;0;34;20;1;7;138;18;44;76;95;8;64;0;4;51;9;0;14;212;43;79;90;107;9;50;0;1;44;5;0;12;301;83;139;79;78;2;50;0;7;37;6;0;35;365;149;134;82;68;2;30;0;1;27;2;0;36;432;277;88;67;54;0;28;0;3;23;1;1;47;402;279;69;54;40;0;25;0;1;22;2;0;44;404;346;25;33;22;0;20;0;5;14;1;0;45;304;265;20;19;10;0;11;0;3;6;1;1;433;468;417;26;25;12;0;20;0;13;7;0;0
POVOA DE LANHOSO;5;774;3;90;681;470;2;2;2;0;0;0;0;8;204;3;15;186;753;16;277;18;0;209;50;0;14;250;6;28;216;442;33;351;5;0;199;144;3;18;407;15;88;304;366;26;302;6;1;181;108;6;31;574;33;159;382;392;22;294;3;8;213;64;6;41;797;110;384;303;392;21;238;1;16;185;31;5;62;1056;229;527;300;339;16;208;0;15;162;27;4;71;1185;460;464;261;242;4;129;0;5;104;13;7;92;1368;750;374;244;158;2;104;0;6;80;12;6;107;1365;877;328;160;147;0;63;0;7;46;6;4;120;1229;1033;115;81;49;0;54;0;9;37;5;3;134;937;847;38;52;26;0;29;0;13;12;3;1;850;1388;1279;41;68;20;0;40;0;18;18;0;4
VIEIRA DO MINHO;2;335;0;46;289;204;0;0;0;0;0;0;0;4;104;2;9;93;370;13;153;11;0;120;22;0;10;87;2;7;78;229;15;197;4;0;104;86;3;14;153;15;41;97;180;7;159;1;0;110;47;1;10;242;17;72;153;209;18;140;0;5;97;32;6;20;375;45;163;167;186;16;123;0;2;105;14;2;24;544;95;262;187;179;4;82;0;6;52;21;3;35;625;171;306;148;141;3;61;0;6;48;6;1;51;738;347;227;164;117;0;37;0;4;29;3;1;70;838;518;188;132;93;0;57;0;9;44;2;2;71;776;624;83;69;33;0;42;0;13;22;7;0;85;688;598;48;42;18;0;19;0;8;9;2;0;610;1128;1042;50;36;18;0;42;0;22;18;1;1
VILA NOVA DE FAMALICAO;47;4327;18;418;3891;2690;13;20;20;0;0;0;0;73;863;18;80;765;4824;166;2018;142;0;1585;289;2;80;1298;41;156;1101;3303;242;2780;77;0;1601;1081;21;93;2002;68;379;1555;2670;240;2486;40;9;1454;938;45;104;2961;125;723;2113;2797;214;2601;20;71;1858;591;61;147;4511;349;1811;2351;2879;208;2542;4;127;2052;317;42;186;6341;916;3018;2407;2432;151;1837;0;134;1456;196;51;249;7244;1900;3269;2075;1830;85;1211;0;106;933;143;29;302;7826;3082;2881;1863;1443;14;754;0;61;575;96;22;345;7128;3770;2043;1315;1035;0;528;0;70;396;50;12;412;6967;5612;636;719;492;0;453;0;104;318;19;12;420;5897;4994;376;527;228;0;244;0;84;138;19;3;2747;7887;7155;298;434;203;0;335;0;156;167;7;5
VIZELA;16;777;2;81;694;475;3;3;3;0;0;0;0;10;256;4;20;232;941;23;324;17;0;264;43;0;12;391;3;41;347;612;37;423;10;0;238;174;1;10;585;8;113;464;475;37;378;3;2;212;153;8;14;749;27;204;518;461;29;343;1;6;262;67;7;31;973;126;466;381;428;25;318;1;10;260;41;6;44;1377;445;533;399;370;11;173;0;17;131;20;5;66;1559;762;487;310;245;6;91;0;4;72;12;3;64;1595;941;388;266;179;1;62;0;4;56;2;0;83;1395;951;242;202;113;0;54;0;5;42;6;1;99;1231;1040;93;98;59;0;48;0;14;33;1;0;87;935;847;32;56;25;0;25;0;12;11;2;0;571;1058;976;37;45;26;0;19;0;13;6;0;0
AROUCA;4;711;4;89;618;379;3;0;0;0;0;0;0;9;194;1;12;181;708;32;246;12;0;198;34;2;13;249;0;19;230;432;48;318;8;0;192;115;3;14;382;9;70;303;345;38;260;4;0;175;76;5;15;572;33;173;366;349;49;300;2;19;225;51;3;29;839;113;411;315;315;22;266;0;13;208;40;5;45;1073;201;584;288;266;9;211;0;23;170;18;0;60;1172;370;533;269;181;8;129;0;12;102;13;2;78;1306;645;415;246;156;1;89;0;8;66;11;4;68;1242;811;258;173;129;0;77;0;4;58;14;1;92;1199;1023;95;81;57;0;81;0;27;47;7;0;112;1008;908;47;53;26;0;63;0;25;28;7;3;832;1454;1325;55;74;32;0;75;0;41;31;0;3
ESPINHO;22;948;2;116;830;550;0;3;3;0;0;0;0;12;247;12;31;204;925;22;397;13;0;312;72;0;13;271;12;54;205;561;25;584;15;0;301;265;3;14;356;24;103;229;409;25;546;2;2;274;257;11;42;558;43;165;350;438;24;665;4;25;456;160;20;52;651;89;223;339;490;28;711;1;44;536;104;26;93;953;232;349;372;506;27;624;0;62;461;85;16;98;1249;402;436;411;474;18;451;0;62;299;70;20;106;1433;587;439;407;525;4;390;0;50;278;49;13;129;1541;769;405;367;423;0;336;0;49;244;33;10;159;1664;1239;165;260;268;0;282;0;40;208;26;8;179;1608;1202;114;292;179;0;204;0;64;124;10;6;788;2976;2466;173;337;157;0;310;0;101;189;14;6
GONDOMAR;58;5201;23;585;4593;3257;9;11;11;0;0;0;0;72;1277;22;203;1052;5513;204;2157;103;0;1688;363;3;80;1476;60;256;1160;3605;352;3288;72;0;1848;1348;20;118;2310;125;516;1669;3228;362;3071;29;12;1806;1166;58;132;3284;154;764;2366;3436;310;3230;21;106;2217;805;81;159;4112;372;1235;2505;3895;283;3258;7;216;2430;512;93;240;6341;1050;2424;2867;3534;238;2785;0;275;2128;313;69;368;7789;2133;2809;2847;2956;134;1786;0;191;1320;226;49;368;8488;3392;2381;2715;2569;18;1360;0;155;977;172;56;481;8399;4437;1788;2174;2018;0;1078;0;132;795;104;47;556;8067;5907;876;1284;1027;0;832;0;194;575;38;25;567;7658;6006;621;1031;553;0;544;0;194;312;27;11;2797;11492;9745;732;1015;464;0;538;0;227;270;21;20
MAIA;39;4601;12;447;4142;2755;9;11;11;0;0;0;0;55;851;20;120;711;4237;156;2078;83;0;1633;358;4;62;904;33;144;727;2445;219;3208;43;0;1747;1388;30;75;1448;70;345;1033;2244;248;3498;37;25;1876;1478;82;128;2143;106;487;1550;2750;302;3884;23;155;2596;959;151;115;2797;232;872;1693;3102;263;4559;12;291;3388;709;159;170;4108;676;1486;1946;3115;224;4229;0;425;3149;540;115;220;5070;1304;1819;1947;2595;149;2737;0;282;1942;410;103;265;5572;2235;1440;1897;2168;21;1879;0;190;1332;245;112;299;5448;2768;1140;1540;1671;0;1234;0;148;895;137;54;333;5326;3862;537;927;961;0;1033;0;239;689;68;37;365;5433;4018;481;934;535;0;673;0;211;400;35;27;1886;8382;6836;538;1008;500;0;709;0;270;385;29;25
MATOSINHOS;49;5052;32;584;4436;3049;5;8;8;0;0;0;0;73;1168;32;191;945;5078;159;2313;96;0;1827;387;3;88;1366;71;258;1037;3117;264;4174;39;0;2159;1944;32;151;2118;152;569;1397;2798;290;4233;46;25;2071;1971;120;158;2882;220;719;1943;2972;309;4831;27;209;2981;1416;198;191;3414;377;1036;2001;3523;254;5224;5;311;3791;892;225;254;4950;884;1849;2217;3303;212;4860;0;416;3576;680;188;354;6118;1747;2226;2145;2925;136;3228;0;362;2218;462;186;385;7286;3052;1927;2307;2841;24;2514;0;261;1713;361;179;521;7763;4121;1592;2050;2492;0;1944;0;240;1344;227;133;533;8098;5911;856;1331;1499;0;1614;0;333;1093;113;75;533;7899;5953;619;1327;822;0;1112;0;284;713;60;55;2914;12494;10202;763;1529;791;0;1193;0;420;680;49;44
OLIVEIRA DE AZEMEIS;20;1893;6;179;1708;1252;10;6;6;0;0;0;0;22;511;0;51;460;2208;87;901;64;0;685;148;4;26;728;9;107;612;1443;128;1081;38;0;631;399;13;43;1138;23;248;867;1210;156;1029;17;10;622;359;21;59;1545;57;374;1114;1233;113;989;18;41;726;183;21;59;2231;178;958;1095;1180;73;988;0;69;790;107;22;89;3166;544;1492;1130;1085;61;826;0;101;614;86;25;135;3779;1014;1689;1076;785;35;512;0;67;380;47;18;173;4118;1484;1678;956;744;2;353;0;48;265;29;11;206;3874;1981;1110;783;629;0;293;0;38;219;30;6;208;3538;2824;303;411;296;0;216;0;58;145;8;5;240;3223;2724;180;319;132;0;189;0;74;103;11;1;1529;5350;4895;179;276;149;0;199;0;77;114;4;4
PAREDES;37;3168;5;352;2811;1987;12;8;8;0;0;0;0;28;849;16;133;700;3313;124;1164;62;0;917;185;0;53;1125;33;230;862;2089;159;1427;40;0;830;545;12;52;1854;123;533;1198;1575;148;1156;11;8;715;403;19;77;2531;212;815;1504;1669;103;1190;10;33;869;256;22;137;3623;481;1621;1521;1619;80;1226;4;51;951;193;27;193;4688;1143;2091;1454;1383;69;970;0;90;730;131;19;298;5095;1873;1945;1277;925;45;567;0;64;412;75;16;308;5239;2898;1366;975;676;2;386;0;38;298;43;7;308;4421;2960;853;608;454;0;259;0;22;198;26;13;315;3803;3235;266;302;202;0;188;0;49;124;9;6;370;2933;2601;146;186;97;0;132;0;43;78;6;5;1562;3937;3622;136;179;107;0;146;0;63;75;5;3
PORTO;51;6581;36;892;5653;3751;5;6;6;0;0;0;0;142;1701;65;330;1306;7023;152;3824;83;0;3019;720;2;203;1884;102;403;1379;4104;303;8161;98;0;3839;4155;69;264;2431;201;597;1633;3138;297;8603;60;79;3745;4453;266;262;3072;280;845;1947;2864;288;8155;53;331;4516;2805;450;331;3192;433;985;1774;2990;238;8315;11;394;5553;1787;570;366;4392;983;1514;1895;3002;200;7716;0;551;5166;1443;556;439;5543;1756;1768;2019;2977;154;5926;0;549;3892;982;503;559;6993;2836;1811;2346;3483;36;5261;0;524;3396;872;469;602;7664;3888;1580;2196;3121;0;4391;0;449;2998;570;374;693;8336;5587;982;1767;2261;0;4030;0;517;2861;377;275;645;9160;5852;1025;2283;1585;0;3150;0;555;2200;219;176;3283;19629;13678;1757;4194;2555;0;4883;0;1333;3090;226;234
POVOA DE VARZIM;32;2270;7;257;2006;1338;5;6;6;0;0;0;0;29;504;8;61;435;2233;63;906;42;0;694;167;3;41;781;25;129;627;1392;92;1349;28;0;758;558;5;48;1073;55;264;754;1100;91;1205;15;13;680;478;19;66;1498;63;396;1039;1167;79;1219;16;50;846;287;20;92;2056;138;998;920;1267;87;1276;3;77;950;203;43;115;2827;404;1484;939;1127;54;1095;0;93;834;135;33;147;2990;795;1378;817;916;43;793;0;96;575;101;21;158;3156;1360;1074;722;768;2;581;0;63;437;67;14;189;3153;1811;760;582;558;0;469;0;63;346;48;12;207;2970;2383;209;378;381;0;396;0;91;272;23;10;241;2807;2298;166;343;175;0;234;0;69;147;16;2;1225;4063;3446;206;411;194;0;329;0;138;182;5;4
SANTA MARIA DA FEIRA;40;4332;12;433;3887;2706;8;11;11;0;0;0;0;40;1063;9;127;927;4560;184;1926;84;0;1489;348;5;69;1318;22;195;1101;2995;231;2704;59;0;1527;1101;17;70;1993;68;462;1463;2526;278;2496;34;18;1495;904;45;105;2989;128;730;2131;2511;225;2590;22;89;1843;577;59;161;4301;419;1681;2201;2816;190;2776;3;198;2172;344;59;222;6002;1066;2702;2234;2327;122;2240;0;248;1729;219;44;273;7385;2072;3098;2215;1659;86;1292;0;151;966;136;39;348;8269;3355;2823;2091;1517;11;893;0;82;666;111;34;492;7632;4161;1979;1492;1258;0;639;0;94;459;65;21;542;6971;5710;602;659;543;0;507;0;121;342;34;10;582;5944;5172;307;465;262;0;334;0;104;198;19;13;3149;9179;8367;338;474;250;0;364;0;149;193;11;11
SANTO TIRSO;25;1908;20;194;1694;1309;8;8;8;0;0;0;0;18;437;17;51;369;2253;78;951;43;0;703;204;1;28;670;14;76;580;1449;115;1278;20;0;737;513;8;46;1103;44;259;800;1160;121;1062;12;9;641;374;26;46;1488;76;417;995;1112;95;1145;6;29;799;285;26;84;2176;229;983;964;1271;89;1176;2;63;926;163;22;114;2939;532;1400;1007;1082;53;906;0;74;695;112;25;110;3696;1158;1543;995;801;36;640;0;54;486;73;27;155;4246;2166;1177;903;706;2;426;0;36;327;50;13;229;4021;2411;884;726;494;0;331;0;36;261;28;6;237;4155;3458;295;402;258;0;321;0;79;224;14;4;286;3667;3138;191;338;159;0;172;0;61;100;11;0;1534;5475;4922;196;357;164;0;240;0;96;133;6;5
SAO JOAO DA MADEIRA;7;698;1;61;636;391;2;2;2;0;0;0;0;14;191;5;23;163;687;26;318;15;0;253;50;0;11;195;2;21;172;471;41;470;9;0;272;185;4;19;307;10;67;230;421;43;427;11;1;247;165;3;39;404;11;91;302;434;42;456;4;26;309;104;13;36;640;68;237;335;436;31;484;4;25;386;62;7;34;752;151;323;278;448;32;477;0;65;350;51;11;40;1007;300;394;313;351;23;292;0;33;215;41;3;46;1113;409;385;319;333;2;214;0;33;151;26;4;64;1106;531;303;272;286;0;194;0;25;150;15;4;75;1069;762;121;186;161;0;162;0;38;109;11;4;70;940;691;98;151;63;0;88;0;30;55;2;1;376;1691;1435;98;158;84;0;127;0;57;66;3;1
TROFA;12;1243;3;162;1078;776;0;2;2;0;0;0;0;23;323;10;43;270;1341;66;529;33;0;409;87;0;35;426;8;46;372;907;82;774;17;0;439;312;6;29;648;20;157;471;789;104;734;14;6;436;262;16;30;901;44;219;638;807;85;710;6;36;504;151;13;55;1274;108;488;678;805;67;651;3;34;500;107;7;63;1829;335;805;689;647;37;511;0;59;381;58;13;67;2168;626;867;675;511;24;259;0;26;194;31;8;110;2326;1093;661;572;444;2;192;0;27;146;11;8;119;2051;1208;442;401;316;0;143;0;15;109;17;2;118;1975;1608;154;213;154;0;138;0;33;95;5;5;153;1706;1447;102;157;86;0;79;0;24;49;4;2;758;2374;2137;99;138;57;0;83;0;40;39;4;0
VALE DE CAMBRA;8;618;2;66;550;340;1;2;2;0;0;0;0;4;105;4;6;95;610;40;264;15;0;204;44;1;10;164;4;12;148;424;49;388;13;0;217;155;3;14;252;4;47;201;360;33;368;5;0;199;160;4;16;416;12;93;311;339;39;393;4;15;296;74;4;26;607;40;273;294;386;33;363;1;25;283;51;3;18;879;99;465;315;339;27;315;0;26;249;36;4;33;1118;236;576;306;241;23;175;0;24;134;16;1;49;1171;471;429;271;227;1;119;0;20;84;13;2;70;1190;705;279;206;225;0;117;0;15;90;10;2;85;1337;1133;101;103;97;0;109;0;23;81;4;1;112;1213;1052;66;95;45;0;74;0;32;35;5;2;789;2018;1853;76;89;31;0;84;0;48;34;2;0
VALONGO;37;3097;14;369;2714;1932;7;4;4;0;0;0;0;35;719;19;100;600;3089;117;1276;55;0;1040;180;1;47;921;29;149;743;2145;191;1933;42;0;1047;828;16;56;1461;67;367;1027;1906;214;1944;26;12;1094;778;34;60;2124;105;564;1455;2075;229;2023;15;79;1422;458;49;124;2699;240;912;1547;2318;181;2232;5;138;1712;323;54;144;3801;640;1480;1681;2161;137;1747;0;155;1349;201;42;193;4269;1137;1596;1536;1568;54;1000;0;96;740;131;33;205;4790;2144;1292;1354;1240;7;670;0;65;488;97;20;267;4491;2555;876;1060;993;0;588;0;74;436;67;11;268;4462;3367;438;657;540;0;450;0;118;294;29;9;313;3986;3118;348;520;269;0;272;0;88;162;15;7;1455;5902;5043;303;556;226;0;262;0;123;129;6;4
VILA DO CONDE;26;2690;8;321;2361;1564;9;6;6;0;0;0;0;27;652;11;80;561;2535;84;1030;53;0;814;161;2;52;929;19;170;740;1604;129;1486;35;0;842;596;13;55;1381;50;346;985;1328;135;1523;18;12;893;571;29;86;1930;73;530;1327;1593;122;1724;15;64;1165;431;49;97;2574;167;1143;1264;1725;113;1862;3;107;1415;274;63;136;3417;486;1671;1260;1494;88;1508;0;136;1105;214;53;202;3847;992;1714;1141;1083;52;938;0;86;703;120;29;222;4229;1980;1302;947;1051;14;664;0;62;476;95;31;209;3876;2303;808;765;703;0;475;0;77;343;38;17;274;3820;3078;265;477;358;0;446;0;102;307;25;12;280;3467;2895;182;390;193;0;285;0;83;176;12;14;1443;5343;4740;202;401;193;0;328;0;135;171;11;11
VILA NOVA DE GAIA;109;9481;68;1137;8276;5831;14;23;23;0;0;0;0;139;2313;76;382;1855;9720;348;4083;199;0;3230;642;12;184;2759;116;509;2134;6015;544;6657;102;0;3690;2814;51;233;4140;228;1028;2884;5311;513;6918;64;50;3853;2796;155;249;5422;284;1368;3770;5678;558;7577;63;347;5021;1905;241;354;7061;728;2204;4129;6545;492;8141;18;505;6070;1289;259;492;10403;1948;3793;4662;6393;463;7199;0;735;5286;956;222;652;12681;3884;4330;4467;5193;226;4501;0;533;3185;600;183;797;14352;5978;3875;4499;4470;48;3473;0;427;2432;453;161;942;13967;7531;3048;3388;3587;0;2651;0;361;1865;286;139;977;13857;10265;1407;2185;2209;0;2247;0;430;1524;209;84;1045;13390;10172;1127;2091;1164;0;1534;0;418;985;81;50;5028;20650;16963;1337;2350;1229;0;1680;0;618;952;53;57
BOTICAS;4;137;0;17;120;61;1;0;0;0;0;0;0;0;37;1;9;27;82;4;43;3;0;32;8;0;3;33;3;7;23;62;5;61;1;0;36;24;0;4;79;3;19;57;59;4;56;1;0;38;16;1;8;94;12;27;55;90;6;50;1;1;36;12;0;9;143;20;62;61;90;6;47;2;0;38;7;0;16;154;37;77;40;62;1;40;0;1;37;2;0;23;226;98;94;34;47;2;27;0;2;21;4;0;19;309;208;72;29;31;0;11;0;0;8;3;0;31;386;286;68;32;31;0;25;0;4;14;6;1;43;380;333;32;15;24;0;14;0;6;8;0;0;63;310;282;14;14;10;0;11;0;8;3;0;0;430;551;524;19;8;9;0;10;0;5;5;0;0
CHAVES;18;1090;4;113;973;562;2;3;3;0;0;0;0;10;264;8;24;232;965;25;391;25;0;298;68;0;27;293;14;42;237;543;61;511;11;0;297;197;6;30;477;31;116;330;554;49;471;7;2;296;155;11;32;588;50;107;431;633;43;564;6;11;429;112;6;55;817;82;265;470;759;43;659;2;30;519;98;10;62;1116;189;405;522;697;33;600;0;49;471;74;6;94;1358;421;505;432;611;24;523;0;33;417;64;9;132;1871;909;450;512;573;3;387;0;21;303;54;9;198;2073;1240;374;459;469;0;399;0;23;318;48;10;214;2308;1767;221;320;270;0;341;0;54;256;21;10;280;2203;1775;155;273;150;0;200;0;50;136;6;8;1672;4095;3632;186;277;156;0;202;0;101;89;6;6
MONTALEGRE;3;206;3;29;174;115;0;1;1;0;0;0;0;2;58;1;12;45;216;13;75;5;0;58;11;1;3;77;1;6;70;120;9;92;2;0;53;36;1;5;106;6;25;75;117;12;85;1;0;51;33;0;2;166;14;50;102;130;1;110;0;0;85;20;5;14;230;33;87;110;140;2;88;0;4;71;12;1;17;305;63;126;116;118;1;78;0;9;58;9;2;22;367;123;137;107;98;2;51;0;4;34;11;2;53;613;350;154;109;88;2;39;0;3;28;7;1;61;675;466;115;94;82;0;35;0;3;27;5;0;74;697;579;72;46;51;0;35;0;7;26;2;0;100;671;586;49;36;20;0;12;0;4;8;0;0;872;1091;1006;44;41;20;0;28;0;11;13;2;2
RIBEIRA DE PENA;2;164;1;22;141;92;0;1;1;0;0;0;0;1;39;1;2;36;139;5;59;2;0;54;3;0;4;54;0;11;43;108;6;66;3;0;35;28;0;2;85;4;23;58;105;13;54;0;0;39;15;0;4;120;9;38;73;96;5;59;0;1;48;9;1;16;170;21;69;80;92;3;58;0;4;44;10;0;19;252;75;111;66;87;1;37;0;3;32;2;0;37;291;101;121;69;42;1;18;0;1;15;2;0;47;352;208;93;51;49;0;10;0;1;8;0;1;78;428;294;76;58;41;0;14;0;1;10;2;1;95;351;307;14;30;22;0;18;0;3;14;1;0;90;282;252;15;15;4;0;14;0;8;6;0;0;421;521;483;10;28;9;0;17;0;12;5;0;0
VALPACOS;8;374;4;54;316;179;0;0;0;0;0;0;0;4;106;5;7;94;317;13;121;6;0;95;20;0;8;113;10;15;88;177;12;145;5;0;84;54;2;14;181;15;44;122;179;8;125;2;0;89;32;2;18;224;31;60;133;158;8;146;0;4;107;34;1;24;357;79;109;169;219;13;154;1;8;122;19;4;27;466;145;184;137;190;4;131;0;9;102;19;1;75;648;252;220;176;145;3;69;0;4;50;12;3;83;885;558;197;130;141;2;57;0;6;40;11;0;89;999;714;175;110;94;0;39;0;3;31;4;1;128;1211;1025;100;86;59;0;53;0;13;36;4;0;161;1135;1026;60;49;25;0;33;0;9;22;1;1;1087;2008;1881;76;51;20;0;29;0;13;16;0;0
VILA POUCA DE AGUIAR;6;285;0;25;260;170;0;1;1;0;0;0;0;2;85;2;4;79;331;7;126;6;0;105;15;0;3;113;1;18;94;159;7;156;2;0;92;61;1;11;157;9;42;106;165;11;126;1;0;75;47;3;9;179;10;48;121;165;8;130;0;1;102;24;3;18;309;37;134;138;188;12;166;0;4;133;26;3;37;397;74;192;131;135;3;116;0;9;96;8;3;33;585;199;233;153;119;0;75;0;3;59;8;5;50;765;445;179;141;140;1;56;0;3;46;6;1;71;876;601;147;128;107;0;44;0;2;37;4;1;94;883;736;78;69;51;0;63;0;14;44;5;0;94;823;736;40;47;23;0;26;0;11;14;0;1;682;1299;1220;42;37;14;0;26;0;14;11;0;1
AMARANTE;16;1775;3;197;1575;1070;6;3;3;0;0;0;0;19;397;5;45;347;1923;66;778;40;0;613;125;0;33;530;11;60;459;1081;97;958;14;0;549;385;10;24;867;55;192;620;834;84;752;7;1;447;286;11;49;1194;129;321;744;859;72;772;8;16;565;177;6;86;1914;343;712;859;892;56;751;0;27;609;101;14;138;2477;697;932;848;802;29;572;0;50;458;55;9;160;2988;1238;943;807;616;23;358;0;26;275;49;8;189;3234;2007;558;669;498;3;322;0;19;260;38;5;280;3081;2199;391;491;385;0;251;0;32;190;23;6;284;2801;2386;190;225;202;0;239;0;55;172;5;7;352;2220;1986;113;121;78;0;132;0;46;81;4;1;1955;3109;2896;95;118;71;0;137;0;69;64;4;0
BAIAO;9;645;0;66;579;297;1;0;0;0;0;0;0;9;149;1;26;122;674;21;194;13;0;159;22;0;10;206;4;36;166;382;29;218;2;0;128;86;2;21;342;36;108;198;334;15;151;1;1;93;55;1;27;551;107;147;297;291;15;134;2;3;103;26;0;52;664;158;229;277;305;8;119;0;5;95;17;2;83;980;321;356;303;217;4;104;0;12;83;7;2;119;1110;506;366;238;145;2;73;0;4;54;12;3;123;1235;785;256;194;108;0;33;0;1;30;2;0;132;1084;781;183;120;89;0;43;0;4;35;4;0;125;918;788;76;54;36;0;38;0;8;29;1;0;140;719;649;43;27;16;0;33;0;6;26;1;0;929;1038;972;31;35;14;0;22;0;13;9;0;0
CASTELO DE PAIVA;9;593;2;68;523;327;1;2;2;0;0;0;0;4;157;0;25;132;596;9;208;12;0;178;18;0;12;190;1;26;163;422;33;216;10;0;120;84;2;8;303;9;84;210;281;33;163;6;2;91;63;1;11;453;33;134;286;229;17;143;1;1;109;30;2;19;649;71;327;251;235;18;123;0;9;94;20;0;29;932;178;459;295;214;13;108;0;8;87;13;0;50;1087;262;527;298;164;5;53;0;2;44;6;1;38;1035;396;420;219;111;1;42;0;2;33;7;0;54;985;535;313;137;80;0;41;0;7;32;1;1;45;842;656;115;71;38;0;31;0;7;23;1;0;42;724;624;63;37;15;0;24;0;13;10;1;0;464;985;907;46;32;13;0;28;0;11;17;0;0
CELORICO DE BASTO;2;579;0;62;517;330;2;2;2;0;0;0;0;7;162;2;11;149;656;9;221;19;0;162;40;0;10;222;6;26;190;365;30;249;5;0;157;85;2;19;368;24;83;261;286;23;184;0;0;117;63;4;14;488;53;126;309;314;25;189;1;4;134;45;5;22;652;84;303;265;267;19;172;1;11;135;24;1;25;897;222;404;271;258;7;153;0;19;114;15;5;59;964;373;370;221;183;4;84;0;8;63;11;2;57;1181;706;299;176;139;1;69;0;5;55;7;2;79;1120;807;179;134;107;0;48;0;7;39;2;0;96;965;828;73;64;55;0;63;0;22;35;5;1;141;727;638;37;52;16;0;20;0;7;12;1;0;999;1086;1023;36;27;16;0;33;0;14;18;0;1
CINFAES;7;606;1;60;545;376;1;1;1;0;0;0;0;4;131;0;14;117;627;16;142;9;0;109;24;0;8;210;4;34;172;416;31;172;5;0;111;56;0;18;360;30;114;216;315;17;113;2;0;74;37;0;14;486;66;153;267;275;11;144;4;6;110;22;2;38;720;132;326;262;251;10;131;0;9;101;18;3;65;1004;316;433;255;219;6;87;0;9;71;5;2;78;1157;479;448;230;136;2;48;0;6;38;4;0;90;1187;643;367;177;105;0;46;0;2;33;9;2;93;1127;737;255;135;72;0;42;0;7;32;3;0;113;1018;874;59;85;33;0;49;0;12;36;1;0;109;862;771;43;48;26;0;31;0;11;20;0;0;852;1359;1264;47;48;15;0;33;0;18;13;2;0
FELGUEIRAS;43;1913;3;209;1701;1154;9;2;2;0;0;0;0;28;709;2;78;629;2151;71;734;30;0;582;120;2;36;1076;18;162;896;1430;95;897;11;0;516;360;10;46;1381;51;373;957;1064;93;762;7;3;500;240;12;46;1830;116;600;1114;1020;56;648;5;8;477;146;12;88;2405;362;1166;877;890;46;544;0;23;440;68;13;98;3072;948;1279;845;759;27;400;0;29;316;47;8;145;3604;1664;1176;764;537;20;288;0;31;218;33;6;191;3725;2370;727;628;448;1;199;0;18;159;18;4;233;3281;2363;500;418;293;0;132;0;14;107;7;4;257;2695;2336;152;207;134;0;100;0;25;70;5;0;282;2020;1843;71;106;52;0;73;0;26;43;2;2;1528;2786;2631;60;95;43;0;81;0;48;28;4;1
LOUSADA;24;1746;8;192;1546;1065;5;5;5;0;0;0;0;22;629;4;75;550;1878;71;636;28;0;510;95;3;26;862;17;172;673;1261;99;798;17;0;476;296;9;36;1341;50;371;920;847;73;615;3;3;390;211;8;48;1714;134;541;1039;862;56;537;0;11;408;107;11;67;2213;268;1124;821;770;43;548;0;25;436;78;9;106;2884;771;1291;822;646;22;378;0;38;271;63;6;167;2966;1329;1001;636;400;14;210;0;24;168;13;5;174;3026;1771;749;506;302;0;128;0;7;102;16;3;193;2693;1928;412;353;198;0;74;0;9;60;5;0;250;2023;1737;112;174;84;0;69;0;12;51;3;3;210;1556;1390;73;93;30;0;53;0;16;31;4;2;1033;1911;1765;77;69;23;0;43;0;17;24;1;1
MARCO DE CANAVESES;18;1803;5;183;1615;1134;6;7;7;0;0;0;0;22;388;1;32;355;2068;68;762;26;0;622;112;2;30;641;17;84;540;1321;98;827;13;0;513;294;7;38;1089;74;315;700;804;73;605;9;3;369;213;11;60;1544;173;464;907;807;70;514;1;12;398;100;3;80;2137;392;904;841;784;48;466;0;18;383;62;3;165;3022;822;1230;970;672;23;382;0;36;306;33;7;172;3291;1232;1229;830;423;14;196;0;24;152;17;3;193;3278;1909;796;573;319;3;163;0;13;123;22;5;229;2847;1934;498;415;237;0;151;0;17;121;12;1;216;2376;2050;168;158;115;0;111;0;36;67;6;2;234;1835;1651;87;97;39;0;70;0;34;32;2;2;1376;2538;2414;59;65;36;0;68;0;38;26;3;1
PACOS DE FERREIRA;25;1990;5;225;1760;1256;7;4;4;0;0;0;0;28;645;7;94;544;2275;91;766;28;0;618;120;0;36;1032;30;215;787;1453;111;889;13;0;531;340;5;36;1634;107;496;1031;978;77;745;4;1;436;294;10;56;2098;179;727;1192;848;70;658;4;14;494;137;9;86;2613;361;1393;859;832;41;651;1;34;514;88;14;88;3301;812;1710;779;616;35;488;0;42;386;50;10;164;3622;1455;1494;673;487;17;290;0;22;222;41;5;184;3649;2206;949;494;316;5;173;0;14;138;15;6;214;3052;2161;552;339;204;0;141;0;12;113;13;3;243;2519;2248;143;128;93;0;91;0;20;65;4;2;209;1927;1756;66;105;48;0;68;0;20;45;1;2;1033;2691;2522;73;96;41;0;84;0;40;40;3;1
PENAFIEL;34;2498;7;254;2237;1499;6;7;7;0;0;0;0;26;572;6;82;484;2801;94;1010;49;0;802;157;2;30;903;29;158;716;1820;129;1279;33;0;736;503;7;51;1489;90;407;992;1371;101;907;12;2;554;329;10;70;2021;185;550;1286;1348;88;907;3;22;674;197;11;120;2779;408;1150;1221;1340;59;884;1;42;702;128;11;160;3740;923;1530;1287;1139;53;605;0;56;477;63;9;230;4163;1476;1510;1177;724;25;376;0;51;273;44;8;250;4396;2529;951;916;603;4;313;0;28;234;45;6;280;3908;2773;526;609;404;0;262;0;29;194;34;5;339;3266;2733;233;300;174;0;221;0;60;145;15;1;314;2486;2165;136;185;81;0;114;0;46;59;5;4;1775;3419;3130;123;166;70;0;135;0;61;72;0;2
RESENDE;2;318;0;40;278;179;2;0;0;0;0;0;0;3;86;4;4;78;362;11;89;4;0;70;15;0;10;134;6;20;108;218;10;120;3;0;76;41;0;9;189;17;65;107;173;10;111;1;1;80;26;3;16;255;57;77;121;164;9;94;0;5;70;18;1;30;359;111;99;149;141;1;89;0;2;76;6;5;50;493;197;148;148;122;1;79;0;9;62;6;2;64;630;337;165;128;105;3;48;0;3;40;5;0;76;660;445;129;86;64;0;32;0;0;29;2;1;99;584;429;85;70;51;0;29;0;1;26;2;0;110;513;430;46;37;30;0;20;0;2;18;0;0;111;466;412;30;24;12;0;9;0;5;4;0;0;579;672;625;34;13;13;0;22;0;7;14;1;0
ALIJO;3;270;1;30;239;176;0;2;2;0;0;0;0;5;58;1;7;50;281;8;112;11;0;88;13;0;3;98;1;22;75;150;14;120;6;0;74;38;2;12;179;12;56;111;167;17;102;3;0;70;27;2;15;213;30;59;124;172;7;110;2;2;78;26;2;24;290;46;96;148;199;8;102;0;5;81;14;2;29;369;109;141;119;129;5;96;0;11;69;16;0;40;529;253;168;108;134;3;51;0;8;37;5;1;48;690;413;163;114;91;0;38;0;4;27;7;0;79;723;497;127;99;64;0;40;0;3;33;4;0;97;666;566;45;55;31;0;43;0;11;30;1;1;86;690;586;49;55;22;0;21;0;7;14;0;0;495;1248;1129;56;63;21;0;34;0;19;13;1;1
ARMAMAR;1;145;0;15;130;106;0;0;0;0;0;0;0;2;33;1;2;30;170;8;73;2;0;62;9;0;2;54;3;6;45;121;9;78;1;0;58;17;2;4;72;4;20;48;73;11;61;1;0;44;15;1;2;108;11;34;63;105;2;50;1;3;37;9;0;14;153;21;52;80;81;2;41;1;1;35;3;1;21;221;72;76;73;83;2;53;0;2;43;5;3;26;325;147;101;77;51;1;32;0;7;20;5;0;47;374;202;107;65;61;0;28;0;1;23;4;0;36;383;265;73;45;40;0;19;0;2;16;1;0;41;315;256;33;26;25;0;23;0;9;11;1;2;58;310;266;24;20;10;0;14;0;7;6;1;0;350;577;525;28;24;9;0;15;0;4;8;2;1
CARRAZEDA DE ANSIAES;2;126;0;16;110;79;0;0;0;0;0;0;0;2;38;1;11;26;106;1;64;3;0;50;11;0;5;37;4;12;21;87;7;53;2;0;36;15;0;2;73;11;21;41;75;11;56;0;1;34;19;2;9;86;10;19;57;78;1;61;2;4;47;8;0;20;150;38;50;62;101;3;72;0;4;55;12;1;18;171;63;62;46;76;4;46;0;5;34;3;4;23;237;93;79;65;74;1;34;0;2;27;5;0;27;301;187;59;55;45;0;33;0;4;24;5;0;29;373;250;62;61;37;0;20;0;2;11;7;0;52;365;300;33;32;28;0;33;0;6;24;3;0;47;410;362;25;23;17;0;15;0;5;10;0;0;319;732;679;26;27;11;0;17;0;7;9;1;0
FREIXO DE ESPADA A CINTA;0;93;2;12;79;30;0;0;0;0;0;0;0;1;32;0;6;26;72;1;18;2;0;16;0;0;1;36;4;9;23;52;1;22;0;0;16;5;1;2;48;5;6;37;48;5;18;0;0;14;4;0;8;70;12;17;41;51;4;41;1;0;29;10;1;3;99;12;38;49;55;0;35;0;1;29;5;0;5;130;20;55;55;49;2;16;0;3;12;1;0;11;130;39;49;42;28;2;14;0;3;10;0;1;10;152;90;33;29;34;0;2;0;0;2;0;0;9;211;134;42;35;36;0;7;0;0;6;0;1;19;181;157;10;14;21;0;16;0;4;12;0;0;26;210;187;10;13;7;0;13;0;7;6;0;0;248;435;406;11;18;6;0;18;0;3;14;1;0
LAMEGO;6;739;4;75;660;463;1;0;0;0;0;0;0;12;151;3;21;127;797;33;329;16;0;253;57;3;7;151;8;20;123;436;32;379;7;0;223;148;1;19;285;22;69;194;354;26;357;9;0;237;106;5;25;440;39;138;263;401;18;399;2;7;320;66;4;52;654;86;234;334;472;20;425;2;9;345;60;9;72;959;236;348;375;432;12;328;0;25;259;37;7;88;1216;406;455;355;365;10;294;0;21;227;42;4;109;1423;687;392;344;268;2;298;0;10;228;45;15;116;1476;921;292;263;239;0;232;0;20;190;17;5;146;1324;1063;105;156;116;0;212;0;48;150;7;7;132;1078;885;70;123;57;0;121;0;47;68;3;3;989;1966;1736;97;133;57;0;148;0;75;68;5;0
MESAO FRIO;0;115;2;14;99;58;0;1;1;0;0;0;0;0;24;0;0;24;116;2;38;1;0;32;5;0;2;33;0;6;27;81;1;50;3;0;34;12;1;3;45;3;10;32;46;2;35;0;0;19;15;1;3;90;14;24;52;60;1;28;0;1;21;6;0;12;105;22;40;43;74;2;32;0;2;28;2;0;13;169;54;55;60;50;2;14;0;2;11;1;0;24;178;84;50;44;38;0;18;0;1;12;5;0;20;244;147;55;42;39;0;16;0;0;14;0;2;44;225;143;47;35;33;0;12;0;1;9;1;1;46;217;165;27;25;13;0;12;0;3;9;0;0;45;194;165;14;15;2;0;9;0;4;4;1;0;203;267;247;5;15;3;0;12;0;6;6;0;0
MOIMENTA DA BEIRA;2;277;0;34;243;158;0;1;1;0;0;0;0;9;69;1;6;62;304;5;112;8;0;91;13;0;4;79;4;16;59;192;9;163;5;0;93;64;1;6;124;17;39;68;128;11;118;2;0;83;31;2;18;193;22;60;111;127;9;121;3;4;94;20;0;19;234;59;76;99;173;13;117;0;8;86;21;2;25;315;90;123;102;154;8;107;0;12;87;7;1;38;384;137;149;98;101;4;72;0;8;54;7;3;57;538;293;137;108;101;0;55;0;3;46;5;1;62;621;368;126;127;82;0;56;0;3;50;2;1;57;572;470;50;52;30;0;33;0;5;28;0;0;96;474;416;28;30;13;0;27;0;11;16;0;0;494;925;864;32;29;15;0;32;0;13;18;1;0
MURCA;2;128;0;11;117;97;0;1;1;0;0;0;0;0;31;0;2;29;118;2;54;1;0;45;8;0;3;50;0;6;44;80;8;70;2;0;42;24;2;3;66;4;12;50;47;7;59;1;0;44;14;0;7;113;12;29;72;61;5;57;2;2;44;7;2;4;118;16;41;61;96;3;67;1;3;54;8;1;17;166;38;64;64;62;1;48;0;8;33;5;2;30;244;81;91;72;55;1;32;0;3;24;5;0;34;316;173;76;67;47;0;25;0;1;20;4;0;36;379;261;67;51;55;0;21;0;2;17;2;0;58;377;304;48;25;22;0;18;0;5;13;0;0;60;356;302;20;34;11;0;12;0;5;5;2;0;299;627;556;40;31;16;0;16;0;8;7;0;1
PENEDONO;1;72;3;12;57;47;0;1;1;0;0;0;0;0;24;2;6;16;82;1;40;5;0;29;6;0;0;26;1;5;20;47;5;27;1;0;17;9;0;0;34;5;4;25;44;2;25;0;0;16;9;0;3;33;1;21;11;53;3;26;0;0;21;4;1;6;80;13;28;39;50;2;24;0;0;20;2;2;4;92;27;37;28;62;1;20;0;2;17;1;0;6;141;62;38;41;30;0;5;0;1;3;1;0;9;143;74;42;27;19;0;11;0;2;7;2;0;23;207;135;45;27;22;0;9;0;2;6;1;0;35;166;135;15;16;11;0;17;0;3;12;2;0;21;167;148;11;8;4;0;13;0;7;6;0;0;159;336;310;19;7;3;0;12;0;3;9;0;0
PESO DA REGUA;5;422;4;57;361;264;3;0;0;0;0;0;0;10;109;2;19;88;452;9;192;16;0;148;28;0;7;124;8;18;98;270;19;236;12;0;139;85;0;20;191;22;59;110;224;19;194;5;0;118;67;4;15;314;49;77;188;224;17;204;3;4;158;36;3;28;429;108;130;191;290;12;216;1;7;181;25;2;51;552;184;180;188;281;10;154;0;13;128;10;3;75;626;263;183;180;225;8;114;0;17;87;9;1;88;821;477;171;173;203;0;116;0;12;91;7;6;132;888;539;176;173;171;0;101;0;14;77;8;2;103;836;658;82;96;98;0;98;0;29;61;7;1;140;713;567;60;86;30;0;44;0;15;28;1;0;586;1121;969;68;84;22;0;64;0;35;27;1;1
SABROSA;2;159;0;23;136;92;0;0;0;0;0;0;0;12;37;1;2;34;147;3;47;5;0;33;9;0;7;48;1;7;40;94;11;71;2;0;42;27;0;12;68;3;23;42;87;14;59;0;0;43;15;1;9;111;11;35;65;100;3;39;0;0;31;8;0;9;157;35;42;80;96;4;53;0;3;44;6;0;13;242;61;87;94;76;4;50;0;6;40;2;2;24;211;66;88;57;68;1;32;0;3;26;1;2;29;333;192;72;69;43;1;32;0;4;23;4;1;33;393;291;50;52;35;0;21;0;3;14;4;0;49;377;309;39;29;20;0;23;0;1;21;0;1;39;371;329;25;17;10;0;10;0;7;3;0;0;289;590;533;30;27;11;0;21;0;8;10;2;1
SANTA MARTA DE PENAGUIAO;0;168;0;21;147;115;1;1;1;0;0;0;0;4;46;1;5;40;160;6;76;3;0;63;10;0;6;64;1;10;53;99;7;82;1;0;55;26;0;2;81;6;26;49;79;5;52;1;1;39;10;1;11;109;22;23;64;75;6;60;0;0;51;8;1;15;196;44;63;89;111;2;72;0;6;58;8;0;21;239;97;66;76;103;1;60;0;3;47;9;1;37;276;143;73;60;80;2;34;0;3;24;6;1;39;342;208;69;65;57;0;28;0;3;23;2;0;49;454;322;81;51;47;0;26;0;2;19;5;0;76;424;376;25;23;20;0;23;0;4;19;0;0;76;366;328;18;20;12;0;7;0;2;5;0;0;409;519;479;21;19;6;0;12;0;7;3;1;1
SAO JOAO DA PESQUEIRA;8;224;1;26;197;95;0;1;1;0;0;0;0;2;88;2;13;73;183;10;70;4;0;57;9;0;5;94;4;14;76;85;12;81;1;0;51;28;1;8;121;16;44;61;105;10;67;1;0;46;18;2;11;192;26;75;91;103;12;61;0;0;52;9;0;13;232;38;89;105;129;3;49;0;2;40;6;1;23;320;104;119;97;95;2;56;0;8;44;4;0;22;362;154;113;95;66;0;26;0;4;20;1;1;37;422;248;88;86;56;0;28;0;3;20;5;0;48;464;325;87;52;52;0;17;0;2;15;0;0;49;414;342;38;34;14;0;16;0;5;11;0;0;53;350;311;20;19;5;0;20;0;5;14;1;0;324;622;578;20;24;11;0;15;0;9;6;0;0
SERNANCELHE;1;151;2;16;133;100;0;1;1;0;0;0;0;1;34;0;5;29;173;4;71;4;0;59;8;0;3;47;2;5;40;125;9;51;2;0;34;14;1;2;67;8;13;46;111;9;51;2;0;41;7;1;8;110;8;26;76;100;3;43;1;1;33;7;1;9;132;25;56;51;127;3;50;0;1;42;6;1;10;190;52;85;53;97;4;40;0;8;29;2;1;11;282;117;97;68;58;0;33;0;2;24;5;2;16;420;245;113;62;45;0;23;0;3;19;1;0;26;428;288;91;49;40;0;25;0;4;18;2;1;29;367;300;32;35;13;0;20;0;2;14;3;1;39;336;299;22;15;15;0;12;0;6;5;1;0;320;650;595;35;20;11;0;11;0;7;3;1;0
TABUACO;2;154;0;23;131;66;1;0;0;0;0;0;0;0;58;0;10;48;135;3;47;3;0;35;9;0;2;52;3;11;38;97;4;58;2;0;41;15;0;5;79;7;25;47;62;7;43;1;0;23;19;0;8;105;16;28;61;83;2;47;1;1;35;10;0;8;153;29;49;75;83;1;39;0;2;34;2;1;8;199;41;85;73;49;3;54;0;14;33;5;2;28;238;109;67;62;51;0;29;0;0;28;1;0;27;334;185;72;77;54;1;14;0;0;14;0;0;28;388;237;73;78;49;0;23;0;2;19;1;1;44;347;273;34;40;16;0;16;0;5;10;0;1;38;302;260;21;21;11;0;5;0;4;1;0;0;274;518;476;24;18;6;0;17;0;7;10;0;0
TAROUCA;5;248;1;35;212;120;0;1;1;0;0;0;0;4;66;1;6;59;253;7;89;5;0;70;14;0;3;80;3;14;63;113;5;98;1;0;61;35;1;12;132;9;31;92;95;7;84;3;0;54;26;1;12;159;16;45;98;133;7;101;1;0;78;21;1;13;250;62;90;98;144;8;76;0;8;55;12;1;23;334;110;133;91;135;6;53;0;8;40;4;1;37;399;168;124;107;90;2;56;0;4;45;6;1;44;476;246;133;97;67;0;25;0;3;20;2;0;43;438;294;84;60;57;0;30;0;3;24;3;0;45;375;306;29;40;31;0;26;0;9;13;2;2;60;372;318;34;20;19;0;14;0;7;4;2;1;307;535;480;24;31;8;0;15;0;8;6;1;0
TORRE DE MONCORVO;1;150;1;31;118;67;0;1;1;0;0;0;0;2;43;1;8;34;154;6;50;2;0;43;5;0;4;63;4;8;51;95;4;78;1;0;54;23;0;4;76;5;11;60;89;10;85;0;1;64;20;0;4;97;13;25;59;94;3;100;0;3;73;23;1;6;136;26;39;71;123;5;71;0;3;56;12;0;9;189;43;61;85;101;4;50;0;5;35;8;2;10;255;76;79;100;98;3;56;0;7;43;6;0;26;333;163;82;88;94;0;44;0;1;37;5;1;27;429;270;66;93;107;0;52;0;8;42;1;1;56;479;372;44;63;49;0;44;0;12;29;3;0;56;515;441;32;42;27;0;29;0;10;18;1;0;457;1014;919;39;56;21;0;30;0;14;15;1;0
VILA NOVA DE FOZ COA;2;149;4;28;117;85;0;1;1;0;0;0;0;2;52;1;12;39;143;2;66;3;0;52;11;0;2;63;5;13;45;93;5;77;2;0;37;37;1;9;87;15;23;49;67;7;74;0;2;51;21;0;7;100;14;31;55;95;8;74;0;2;50;21;1;10;144;33;47;64;112;5;69;0;4;57;7;1;15;211;62;77;72;101;3;67;0;7;50;8;2;33;271;98;96;77;78;2;47;0;5;37;5;0;33;322;183;55;84;77;1;44;0;2;37;3;2;45;416;277;65;74;78;0;34;0;1;29;3;1;54;430;361;30;39;42;0;43;0;8;30;4;1;53;410;364;23;23;15;0;17;0;5;11;0;1;333;839;785;19;35;9;0;16;0;8;7;0;1
VILA REAL;13;1557;3;147;1407;1004;2;1;1;0;0;0;0;16;261;2;22;237;1534;30;762;18;0;606;135;3;16;278;5;36;237;810;62;1149;15;0;607;516;11;20;472;29;92;351;792;64;1055;6;4;583;431;31;34;655;42;147;466;888;69;1324;9;23;897;345;50;56;1036;117;303;616;1113;49;1447;2;38;1125;223;59;84;1466;287;514;665;1033;45;1273;0;57;917;207;92;108;1812;560;604;648;878;33;1113;0;63;749;175;126;121;2165;999;531;635;778;5;882;0;38;595;154;95;178;2180;1256;408;516;622;0;589;0;43;430;73;43;215;2153;1608;208;337;364;0;540;0;96;379;32;33;240;2018;1611;138;269;186;0;261;0;75;152;11;23;1469;3694;3106;196;392;197;0;328;0;160;145;10;13
ALFANDEGA DA FE;3;90;0;17;73;60;0;0;0;0;0;0;0;2;29;2;4;23;90;5;47;4;0;35;8;0;1;45;0;10;35;56;4;74;1;0;52;21;0;5;54;5;14;35;60;7;61;0;0;39;20;2;8;68;1;22;45;65;2;54;0;1;48;5;0;15;83;6;20;57;84;1;48;0;2;40;5;1;10;99;24;25;50;63;2;35;0;4;28;2;1;13;163;46;58;59;60;0;26;0;3;20;2;1;17;244;93;77;74;74;1;16;0;3;12;1;0;23;283;156;62;65;64;0;19;0;3;15;0;1;20;307;239;28;40;32;0;30;0;8;18;3;1;41;266;224;25;17;8;0;21;0;8;13;0;0;294;588;538;26;24;11;0;20;0;9;11;0;0
BRAGANCA;15;921;6;116;799;569;0;1;1;0;0;0;0;19;201;6;29;166;1331;21;599;29;0;491;79;0;22;236;18;36;182;573;49;833;19;0;525;285;4;21;310;24;64;222;492;38;763;9;1;482;248;23;46;423;26;94;303;566;42;855;6;22;607;189;31;52;648;82;172;394;701;34;944;2;37;689;165;51;61;846;145;292;409;639;28;874;0;48;621;129;76;78;1031;262;359;410;541;22;655;0;58;412;122;63;107;1320;578;326;416;520;4;567;0;24;404;85;54;105;1447;732;295;420;474;0;446;0;28;333;55;30;182;1684;1170;215;299;340;0;414;0;69;295;37;13;184;1588;1152;166;270;166;0;243;0;77;142;15;9;1345;3240;2784;181;275;136;0;226;0;96;106;17;7
MACEDO DE CAVALEIROS;0;412;8;65;339;189;0;0;0;0;0;0;0;8;116;4;24;88;374;3;154;11;0;110;32;1;9;119;10;26;83;183;20;194;3;0;118;73;0;11;194;24;52;118;199;20;201;5;0;136;59;1;20;203;17;59;127;229;10;211;1;2;165;38;5;23;317;39;105;173;228;12;229;0;5;195;25;4;25;379;80;131;168;229;10;186;0;14;152;20;0;47;578;177;201;200;182;3;185;0;14;153;16;2;59;708;350;175;183;209;0;125;0;11;95;18;1;89;853;522;161;170;173;0;96;0;4;81;10;1;89;970;747;104;119;87;0;101;0;23;74;3;1;111;926;765;69;92;40;0;62;0;25;37;0;0;839;1613;1447;78;88;35;0;68;0;29;36;0;3
MIRANDA DO DOURO;0;143;0;18;125;80;0;0;0;0;0;0;0;4;33;1;5;27;165;5;56;3;0;44;9;0;0;40;0;8;32;82;16;75;3;0;43;27;2;5;60;3;16;41;67;10;66;1;0;44;20;1;6;77;5;24;48;97;6;103;0;3;70;30;0;10;126;20;30;76;149;5;107;0;3;84;18;2;15;178;37;55;86;101;2;89;0;15;65;8;1;18;232;49;92;91;109;5;62;0;7;46;8;1;19;266;104;73;89;94;1;45;0;2;32;9;2;22;379;208;77;94;122;0;41;0;4;34;1;2;38;449;316;66;67;45;0;41;0;12;26;2;1;61;392;309;42;41;34;0;26;0;10;15;1;0;503;885;786;47;52;14;0;21;0;13;7;0;1
MIRANDELA;5;575;3;90;482;372;0;3;3;0;0;0;0;8;136;4;31;101;602;10;258;15;0;210;33;0;14;173;10;35;128;344;31;356;10;0;228;115;3;26;255;12;65;178;323;32;288;4;0;185;95;4;18;308;29;78;201;315;32;345;2;11;261;66;5;25;419;47;143;229;400;14;480;1;23;400;51;5;51;583;109;238;236;409;18;354;0;25;282;38;9;68;769;215;277;277;344;13;284;0;23;215;38;8;78;988;453;276;259;299;1;213;0;15;166;27;5;93;1165;657;255;253;296;0;163;0;12;134;17;0;114;1308;962;174;172;161;0;189;0;32;143;11;3;141;1202;989;98;115;83;0;95;0;22;66;6;1;1089;2313;2039;134;140;66;0;108;0;44;63;0;1
MOGADOURO;1;166;0;21;145;104;0;0;0;0;0;0;0;4;40;1;11;28;159;3;85;6;0;69;10;0;1;47;2;14;31;132;7;126;8;0;73;42;3;8;86;5;21;60;115;5;133;1;1;99;32;0;3;125;9;27;89;150;14;112;0;4;77;30;1;13;142;20;59;63;139;4;122;0;4;102;14;2;15;228;38;100;90;148;4;75;0;8;58;9;0;17;327;111;103;113;123;8;74;0;20;43;10;1;21;497;249;113;135;124;0;48;0;6;38;3;1;35;512;316;94;102;130;0;60;0;7;52;1;0;66;544;428;57;59;51;0;70;0;10;55;3;2;54;518;420;38;60;27;0;54;0;22;25;3;4;623;1069;981;51;37;20;0;46;0;24;21;0;1
VILA FLOR;3;164;2;31;131;78;0;0;0;0;0;0;0;5;59;1;16;42;139;5;71;6;0;53;12;0;8;60;3;14;43;69;11;74;5;0;45;21;3;7;67;5;25;37;66;8;52;0;0;32;19;1;2;97;3;28;66;94;5;82;0;3;67;11;1;4;151;20;49;82;142;4;85;0;5;71;8;1;10;208;41;87;80;110;4;62;0;12;42;7;1;18;256;81;86;89;103;2;31;0;5;24;1;1;20;328;185;78;65;58;1;31;0;1;25;4;1;33;401;254;77;70;56;0;26;0;1;21;3;1;40;437;369;36;32;29;0;25;0;3;21;1;0;52;382;315;35;32;13;0;17;0;7;9;0;1;390;720;657;31;32;11;0;28;0;19;7;2;0
VIMIOSO;0;82;1;15;66;42;0;0;0;0;0;0;0;1;21;1;2;18;93;3;45;3;0;28;14;0;1;31;2;5;24;49;3;51;1;0;32;17;1;4;45;0;12;33;46;5;57;0;0;38;17;2;3;48;3;15;30;59;1;48;0;0;41;6;1;4;91;15;31;45;59;1;35;0;0;34;1;0;3;118;22;52;44;41;6;34;0;4;25;2;3;15;151;45;60;46;47;0;20;0;5;13;2;0;22;217;101;63;53;46;0;16;0;1;15;0;0;22;283;167;55;61;40;0;25;0;2;21;2;0;35;368;286;39;43;27;0;17;0;5;12;0;0;40;315;260;26;29;14;0;11;0;1;8;0;2;391;582;536;28;18;11;0;8;0;4;4;0;0
VINHAIS;3;141;0;27;114;64;0;1;1;0;0;0;0;1;39;1;4;34;150;7;49;4;0;39;6;0;0;48;6;6;36;70;10;71;1;0;49;21;0;5;64;9;15;40;100;4;79;3;0;50;26;0;9;105;6;26;73;116;3;83;1;0;58;24;0;13;180;12;82;86;114;2;84;0;3;71;10;0;22;224;38;119;67;95;9;66;0;6;49;10;1;25;323;89;150;84;103;0;31;0;4;25;2;0;28;451;211;143;97;93;0;22;0;3;15;4;0;39;590;328;170;92;61;0;23;0;2;18;3;0;49;645;505;94;46;40;0;32;0;7;21;3;1;62;617;502;79;36;20;0;20;0;5;11;1;3;665;1256;1140;72;44;18;0;26;0;11;13;1;1
ALCOBACA;14;1819;4;222;1593;962;1;0;0;0;0;0;0;16;408;16;54;338;1721;63;774;47;0;632;95;0;39;518;26;74;418;1143;126;919;22;0;613;278;6;48;678;38;109;531;1000;127;811;9;4;536;254;8;36;1017;36;210;771;1034;116;815;11;46;585;156;17;67;1423;97;419;907;1206;96;944;4;72;734;124;10;86;2023;303;769;951;1152;65;730;0;88;539;95;8;97;2590;705;885;1000;996;43;525;0;60;395;57;13;122;2783;1140;760;883;837;6;413;0;38;317;49;9;170;2752;1549;544;659;599;0;332;0;54;231;39;8;260;2917;2202;288;427;359;0;289;0;65;189;25;10;242;2754;2256;187;311;185;0;207;0;71;115;15;6;1768;4916;4350;205;361;172;0;198;0;83;104;4;7
ALENQUER;16;1658;8;211;1439;823;3;7;7;0;0;0;0;34;475;12;55;408;1352;60;530;30;0;424;76;0;48;526;20;60;446;965;73;670;15;0;417;231;7;56;766;41;132;593;906;93;663;9;7;436;201;10;85;1029;46;221;762;1117;85;702;15;40;517;119;11;64;1318;120;363;835;1337;75;792;4;57;606;111;14;75;1688;309;572;807;1221;72;708;0;73;539;87;9;68;1773;484;610;679;840;40;440;0;49;316;58;17;91;1848;733;562;553;652;8;308;0;35;227;35;11;138;1865;951;479;435;415;0;213;0;33;151;25;4;134;1827;1406;182;239;234;0;147;0;33;96;12;6;200;1851;1552;111;188;117;0;98;0;26;60;6;6;1124;3064;2710;162;192;98;0;94;0;34;48;3;9
ARRUDA DOS VINHOS;6;579;2;99;478;268;0;0;0;0;0;0;0;9;119;3;10;106;414;15;237;9;0;194;33;1;13;96;2;18;76;192;29;263;6;0;163;92;2;8;154;5;25;124;182;29;230;5;4;132;82;7;16;236;9;51;176;313;26;337;2;13;226;92;4;7;294;24;78;192;421;33;453;0;28;356;66;3;23;461;68;169;224;384;28;395;0;42;295;48;10;17;522;126;182;214;261;19;237;0;26;177;27;7;16;545;189;182;174;206;2;163;0;17;121;21;4;23;495;236;149;110;135;0;74;0;13;42;16;3;34;556;412;60;84;71;0;52;0;12;38;2;0;40;552;457;30;65;28;0;39;0;7;26;5;1;337;943;822;51;70;31;0;31;0;7;20;2;2
BOMBARRAL;4;409;1;83;325;187;1;0;0;0;0;0;0;4;99;4;21;74;350;19;148;15;0;121;12;0;7;164;5;34;125;261;29;167;4;0;113;50;0;10;172;5;42;125;221;31;144;3;1;100;37;3;12;276;11;53;212;270;23;197;2;10;142;38;5;18;350;26;104;220;297;29;172;0;11;142;17;2;27;429;63;156;210;265;20;151;0;15;113;21;2;24;513;152;174;187;206;5;142;0;17;107;16;2;32;612;219;205;188;187;1;105;0;14;71;14;6;47;616;336;118;162;139;0;74;0;10;55;6;3;66;728;535;88;105;77;0;74;0;18;49;6;1;71;716;574;50;92;40;0;53;0;18;22;8;5;418;1178;1032;66;80;35;0;49;0;19;23;2;5
CADAVAL;13;425;2;63;360;204;0;1;1;0;0;0;0;10;148;4;18;126;355;16;136;9;0;116;11;0;10;142;1;24;117;203;25;154;3;0;114;36;1;14;189;12;46;131;188;21;127;2;1;79;44;1;7;298;21;69;208;236;22;156;1;6;114;34;1;23;358;38;107;213;284;21;189;0;15;149;22;3;23;483;89;159;235;303;15;154;0;24;111;17;2;38;569;161;206;202;246;12;102;0;10;79;12;1;46;615;271;170;174;166;1;67;0;10;44;8;5;55;728;378;159;191;144;0;66;0;11;47;6;2;70;785;553;98;134;116;0;59;0;14;42;1;2;73;753;595;63;95;50;0;52;0;16;31;3;2;493;1489;1315;68;106;50;0;39;0;16;20;3;0
CALDAS DA RAINHA;14;1776;6;238;1532;819;4;5;5;0;0;0;0;18;443;12;69;362;1555;55;666;34;0;544;88;0;28;443;25;58;360;995;111;863;27;0;531;303;2;56;561;27;118;416;878;121;804;12;5;517;261;9;59;848;56;154;638;1064;116;926;13;48;652;197;16;54;1114;79;296;739;1246;81;1040;5;87;785;143;20;74;1494;245;465;784;1196;70;918;0;97;668;131;22;85;1760;456;543;761;982;44;788;0;91;569;102;26;148;2088;817;539;732;914;6;605;0;68;425;85;27;191;2186;1141;385;660;750;0;591;0;74;415;89;13;246;2230;1504;286;440;511;0;480;0;116;304;42;18;231;2278;1681;216;381;229;0;287;0;77;172;30;8;1587;4427;3584;320;523;277;0;308;0;109;180;10;9
LOURINHA;7;925;11;140;774;396;1;2;2;0;0;0;0;19;288;10;47;231;692;43;277;27;0;227;23;0;20;244;9;60;175;520;56;345;10;0;205;127;3;34;377;22;65;290;462;57;324;9;2;224;86;3;26;585;38;108;439;582;59;405;8;17;283;85;12;46;756;51;223;482;647;52;457;1;35;357;57;7;58;982;185;387;410;560;38;405;0;43;300;54;8;76;1035;327;367;341;374;23;235;0;33;167;29;6;100;1230;583;358;289;308;2;190;0;28;124;32;6;103;1191;649;296;246;274;0;166;0;30;110;21;5;162;1386;1037;158;191;186;0;142;0;31;95;11;5;134;1287;1037;97;153;101;0;103;0;33;54;8;8;778;2204;1904;133;167;91;0;96;0;39;47;8;2
NAZARE;10;436;3;50;383;238;1;0;0;0;0;0;0;6;143;4;16;123;420;17;143;15;0;107;21;0;14;156;10;30;116;298;17;196;6;0;126;61;3;13;192;10;48;134;266;28;206;6;1;137;61;1;19;292;10;56;226;294;30;245;7;11;185;37;5;18;397;26;128;243;352;34;309;1;23;236;43;6;24;517;52;228;237;293;16;223;0;27;173;20;3;30;681;156;308;217;270;9;142;0;23;96;21;2;33;725;274;246;205;165;2;127;0;15;103;9;0;53;756;369;216;171;154;0;107;0;18;76;11;2;86;829;626;82;121;113;0;93;0;17;66;10;0;98;841;701;52;88;40;0;62;0;23;31;4;4;463;1205;1086;57;62;35;0;35;0;15;18;0;2
OBIDOS;3;366;1;51;314;205;0;1;1;0;0;0;0;7;82;0;20;62;338;17;138;8;0;113;16;1;10;79;1;11;67;222;30;157;5;0;102;49;1;11;153;8;28;117;212;22;143;2;2;95;42;2;10;212;11;48;153;255;25;194;3;10;135;41;5;19;308;25;99;184;251;15;226;3;16;170;27;10;14;399;47;162;190;253;20;193;0;20;138;28;7;32;538;131;239;168;219;5;125;0;22;75;23;5;43;539;222;161;156;171;1;107;0;15;69;18;5;56;555;322;108;125;171;0;115;0;20;68;21;6;84;590;452;65;73;123;0;88;0;19;55;9;5;74;642;503;55;84;44;0;57;0;16;29;7;5;364;1035;927;38;70;35;0;52;0;10;36;1;5
PENICHE;13;912;9;144;759;399;2;3;3;0;0;0;0;10;245;13;62;170;694;27;319;20;0;275;24;0;23;266;25;51;190;425;51;388;6;0;241;138;3;23;457;37;117;303;431;42;369;7;6;242;109;5;18;561;33;126;402;506;54;425;2;21;297;90;15;28;802;74;235;493;614;35;446;1;34;314;73;24;46;952;142;369;441;480;34;380;0;39;290;39;12;64;1078;291;411;376;427;13;224;0;26;167;24;7;59;1249;491;396;362;365;2;188;0;19;138;22;9;98;1324;659;327;338;264;0;179;0;32;115;27;5;130;1438;1103;136;199;189;0;178;0;40;121;12;5;130;1374;1135;84;155;96;0;72;0;30;38;1;3;797;2305;2013;111;181;95;0;86;0;35;43;6;2
SOBRAL DE MONTE AGRACO;3;409;3;54;352;192;0;0;0;0;0;0;0;5;121;2;25;94;293;18;122;4;0;97;21;0;6;120;5;24;91;189;22;150;5;0;96;48;1;10;193;9;41;143;169;13;135;2;1;83;45;4;10;258;18;65;175;209;33;190;2;7;138;43;0;9;339;36;104;199;303;18;224;1;9;172;39;3;21;455;98;168;189;256;18;175;0;15;137;19;4;20;433;122;158;153;198;11;94;0;10;72;11;1;22;467;217;127;123;113;1;71;0;9;48;12;2;28;473;223;151;99;96;0;63;0;7;50;4;2;38;428;317;48;63;57;0;45;0;11;30;3;1;46;439;360;33;46;27;0;27;0;10;9;3;5;297;722;650;26;46;27;0;16;0;8;7;0;1
TORRES VEDRAS;26;2821;14;345;2462;1583;1;11;11;0;0;0;0;62;772;14;111;647;2561;102;983;69;0;787;127;0;95;903;44;150;709;1701;210;1409;36;0;902;470;1;102;1253;67;272;914;1535;182;1384;33;13;878;446;14;93;1796;98;389;1309;1687;165;1556;17;75;1138;305;21;96;2381;217;704;1460;1937;160;1674;4;109;1326;204;31;133;3113;493;1161;1459;1894;136;1511;0;153;1144;178;36;144;3510;1003;1243;1264;1359;71;992;0;119;727;115;31;184;3801;1445;1155;1201;1037;15;757;0;88;554;94;21;205;3588;1834;857;897;858;0;608;0;97;426;61;24;263;3581;2629;375;577;545;0;493;0;117;329;33;14;331;3601;2821;286;494;270;0;287;0;74;188;18;7;2240;6700;5719;358;623;280;0;328;0;121;185;15;7
AGUEDA;22;1351;5;136;1210;806;4;6;6;0;0;0;0;22;338;14;25;299;1371;59;553;30;0;435;87;1;38;474;16;72;386;887;84;767;19;0;444;298;6;32;705;20;117;568;809;99;757;14;6;444;277;16;35;968;30;209;729;906;88;768;12;31;552;158;15;48;1285;116;432;737;964;92;770;3;75;575;104;13;67;1768;271;762;735;834;61;712;0;87;537;76;12;107;2109;537;896;676;711;45;435;0;56;322;47;10;101;2490;903;917;670;597;5;321;0;35;231;39;16;124;2405;1152;686;567;472;0;233;0;38;165;23;7;180;2607;1929;315;363;238;0;253;0;91;146;12;4;206;2401;1928;212;261;133;0;138;0;50;78;8;2;1194;4215;3732;198;285;124;0;169;0;86;73;6;4
ALBERGARIA-A-VELHA;10;762;0;100;662;460;5;2;2;0;0;0;0;13;219;2;28;189;818;28;311;22;0;246;43;0;25;303;5;40;258;546;38;386;16;0;211;159;0;32;420;18;69;333;442;51;325;7;4;194;119;1;31;555;20;123;412;530;43;397;9;16;274;88;10;41;801;66;279;456;536;45;426;2;52;309;55;8;40;964;145;425;394;502;23;400;0;47;299;44;10;52;1243;317;545;381;367;25;224;0;24;168;26;6;60;1322;436;549;337;272;1;153;0;16;115;18;4;74;1300;616;386;298;249;0;111;0;17;90;2;2;73;1235;899;156;180;134;0;110;0;27;76;4;3;82;1212;992;108;112;50;0;67;0;25;26;13;3;521;2050;1833;80;137;55;0;77;0;37;36;2;2
ANADIA;7;757;2;74;681;462;0;3;3;0;0;0;0;11;171;6;10;155;792;34;362;23;0;276;63;0;16;266;4;32;230;446;53;447;11;0;233;198;5;21;353;10;67;276;418;53;406;7;5;215;172;7;32;501;24;122;355;450;41;463;7;19;313;110;14;26;705;83;238;384;534;52;460;3;37;356;54;10;44;959;162;403;394;518;39;442;0;64;329;43;6;49;1140;338;463;339;426;19;351;0;31;272;38;10;70;1336;572;394;370;347;5;258;0;30;190;32;6;104;1497;888;296;313;299;0;214;0;28;163;19;4;131;1544;1165;162;217;184;0;168;0;48;111;8;1;166;1571;1284;115;172;73;0;120;0;48;62;6;4;1028;2880;2544;115;221;79;0;168;0;80;84;3;1
AVEIRO;21;2438;2;261;2175;1431;3;4;4;0;0;0;0;29;461;12;47;402;2688;63;1271;48;0;975;246;2;39;616;25;82;509;1644;126;2302;50;0;1028;1203;21;79;985;39;173;773;1341;135;2316;26;12;1030;1111;137;113;1279;72;265;942;1425;149;2570;15;94;1516;763;182;120;1641;144;492;1005;1719;102;2844;7;128;1974;508;227;135;2229;352;837;1040;1488;101;2413;0;181;1669;394;169;156;2672;617;1075;980;1314;73;1632;0;141;1068;281;142;140;2973;960;960;1053;1228;8;1364;0;93;929;199;143;190;3274;1442;890;942;1031;0;1076;0;110;748;132;86;225;3154;2137;370;647;622;0;790;0;160;522;57;51;222;3046;2187;282;577;364;0;549;0;167;318;34;30;1181;5704;4456;384;864;419;0;736;0;274;405;24;33
ESTARREJA;12;858;2;132;724;446;2;0;0;0;0;0;0;10;277;7;42;228;806;19;279;19;0;205;55;0;22;337;17;62;258;585;33;425;13;0;233;177;2;33;483;38;99;346;439;33;375;8;1;216;142;8;42;654;51;162;441;491;34;387;2;22;277;77;9;31;771;97;265;409;497;19;409;3;25;317;52;12;74;990;197;392;401;460;30;314;0;38;235;38;3;85;1274;317;524;433;384;9;223;0;27;167;24;5;86;1384;483;496;405;367;4;180;0;24;112;33;11;79;1345;638;387;320;280;0;147;0;17;115;13;2;86;1252;968;121;163;149;0;124;0;34;78;7;5;91;1284;1056;102;126;87;0;101;0;43;52;4;2;604;2465;2191;98;176;62;0;89;0;43;42;1;3
ILHAVO;26;1267;4;153;1110;689;2;4;4;0;0;0;0;23;346;4;55;287;1204;30;455;15;0;373;65;2;29;389;15;68;306;761;70;738;23;0;384;323;8;44;560;26;106;428;673;58;809;20;4;433;327;25;40;773;40;161;572;752;78;988;6;29;621;286;46;63;893;76;287;530;895;51;986;3;59;720;155;49;66;1289;180;528;581;768;56;909;0;91;657;118;43;84;1591;385;626;580;649;46;708;0;64;499;94;51;97;1801;647;552;602;569;7;482;0;35;342;61;44;108;1778;916;440;422;455;0;354;0;67;235;38;14;121;1765;1295;210;260;269;0;280;0;82;170;17;11;151;1698;1386;94;218;126;0;153;0;54;82;12;5;700;2866;2470;129;267;116;0;200;0;101;91;3;5
MURTOSA;6;399;4;90;305;157;1;1;1;0;0;0;0;4;145;2;25;118;280;5;77;1;0;63;13;0;4;209;6;42;161;198;8;134;3;0;74;56;1;7;223;19;61;143;156;10;142;3;1;86;51;1;7;337;25;79;233;150;9;154;2;5;115;22;10;25;371;55;153;163;185;8;142;0;8;112;18;4;37;443;102;185;156;143;6;139;0;12;104;19;4;37;484;196;167;121;119;11;98;0;13;69;15;1;36;533;253;164;116;105;0;72;0;6;53;9;4;39;489;279;149;61;83;0;62;0;6;42;11;3;36;521;430;53;38;35;0;49;0;15;29;5;0;46;517;455;26;36;26;0;32;0;10;20;1;1;258;1005;924;33;48;13;0;45;0;23;19;0;3
OLIVEIRA DO BAIRRO;6;725;7;85;633;434;3;2;2;0;0;0;0;13;155;3;28;124;762;26;285;18;0;210;57;0;26;221;7;25;189;500;34;420;18;0;241;159;2;27;298;18;66;214;419;52;357;4;3;216;127;7;34;461;13;102;346;460;52;474;3;26;322;114;9;33;715;55;244;416;515;36;502;5;43;384;57;13;52;899;138;373;388;490;38;459;0;52;340;58;9;49;1028;224;423;381;340;27;226;0;25;172;16;13;52;1012;336;394;282;264;2;155;0;14;119;19;3;62;939;451;292;196;214;0;108;0;12;85;9;2;95;1108;867;112;129;94;0;107;0;37;62;7;1;115;1013;849;71;93;63;0;76;0;41;31;2;2;581;2077;1915;83;79;41;0;78;0;33;42;0;3
OVAR;21;1732;9;207;1516;1055;3;3;3;0;0;0;0;26;464;11;69;384;1881;56;739;38;0;583;115;3;25;617;18;79;520;1105;81;1100;34;0;557;500;9;33;856;46;165;645;926;78;996;10;3;572;384;27;43;1112;66;304;742;1023;79;1100;6;41;765;261;27;75;1468;154;429;885;1249;67;1229;3;76;970;153;27;116;2127;377;789;961;1187;64;987;0;108;748;110;21;120;2615;721;1004;890;962;39;728;0;86;526;96;20;158;2777;976;1013;788;787;3;494;0;54;362;61;17;166;2823;1427;762;634;596;0;350;1;50;259;30;10;171;2663;1968;274;421;342;0;323;0;87;207;21;8;207;2430;1905;183;342;176;0;172;0;57;107;8;0;1104;3829;3360;178;291;164;0;219;0;94;115;6;4
SEVER DO VOUGA;6;329;1;36;292;192;2;1;1;0;0;0;0;6;66;1;6;59;349;8;142;9;0;108;25;0;8;86;1;10;75;191;21;186;3;0;96;87;0;7;117;3;20;94;161;24;142;2;1;79;55;5;6;168;3;35;130;212;24;178;1;8;137;29;3;17;286;11;118;157;224;22;187;0;14;144;24;5;19;408;41;189;178;204;18;144;0;20;96;24;4;15;536;77;253;206;140;4;105;0;10;83;12;0;13;634;177;287;170;125;0;72;0;6;55;11;0;23;686;316;221;149;123;0;43;0;11;27;5;0;30;709;532;90;87;43;0;55;0;18;35;1;1;47;615;497;61;57;20;0;28;0;12;14;2;0;427;1234;1124;68;42;22;0;29;0;15;13;1;0
VAGOS;4;721;1;86;634;419;0;1;1;0;0;0;0;15;184;4;24;156;675;24;292;13;0;223;56;0;17;222;10;24;188;526;32;388;4;0;216;166;2;38;367;13;69;285;424;43;400;3;3;212;174;8;33;518;25;115;378;498;33;399;4;17;262;101;15;41;665;46;259;360;489;33;379;2;29;288;47;13;40;894;149;419;326;380;22;340;0;38;240;40;22;53;1093;324;436;333;274;16;190;0;23;137;23;7;73;1176;521;392;263;224;0;151;0;12;102;29;8;84;1177;674;290;213;169;0;86;0;11;56;15;4;98;1143;946;92;105;74;0;100;0;29;64;4;3;154;1050;911;61;78;50;0;57;0;23;30;3;1;848;1848;1714;58;76;35;0;51;0;15;33;2;1
ARGANIL;1;271;1;20;250;154;0;0;0;0;0;0;0;10;58;0;8;50;284;10;91;5;0;72;14;0;6;84;3;12;69;206;19;129;2;0;70;56;1;4;135;6;26;103;191;13;119;2;3;64;47;3;9;226;13;47;166;212;18;130;4;11;85;29;1;21;276;26;95;155;208;12;121;1;10;92;15;3;22;374;77;149;148;177;4;77;0;6;58;10;3;47;516;188;148;180;147;6;62;0;4;40;16;2;48;613;321;135;157;147;1;55;0;4;42;6;3;63;670;408;98;164;160;0;61;0;8;41;10;2;53;650;514;37;99;83;0;52;0;14;29;7;2;70;640;526;36;78;55;0;26;0;8;15;2;1;570;1391;1268;42;81;45;0;47;0;11;33;2;1
CANTANHEDE;7;959;1;114;844;539;1;3;3;0;0;0;0;10;179;0;19;160;1011;36;431;26;0;336;69;0;13;195;5;14;176;586;44;554;5;0;306;237;6;16;365;8;60;297;526;64;543;7;5;321;203;7;34;536;19;105;412;619;58;665;6;14;457;162;26;38;837;53;278;506;721;56;716;1;42;548;98;27;53;1129;152;430;547;626;42;592;0;41;463;72;16;71;1422;360;561;501;448;16;348;0;35;252;52;9;104;1588;589;536;463;372;6;284;0;11;228;36;9;105;1842;1017;461;364;327;0;231;0;25;178;19;9;161;1990;1590;158;242;170;0;196;0;56;123;13;4;227;1942;1672;107;163;76;0;132;0;47;76;6;3;1587;3659;3378;106;175;92;0;138;0;60;74;2;2
COIMBRA;23;3919;17;415;3487;2440;1;10;10;0;0;0;0;50;618;22;71;525;4200;112;2512;49;0;1980;479;4;62;852;37;95;720;2279;210;4404;47;0;2124;2186;47;77;972;52;163;757;1885;222;4225;21;22;1834;2162;186;96;1510;83;263;1164;2210;221;4811;20;109;2664;1718;300;106;2024;145;514;1365;2496;184;5319;4;176;3642;1118;379;135;2961;407;1018;1536;2574;160;4487;0;237;3093;800;357;178;3820;815;1309;1696;2322;126;3621;0;198;2379;671;373;207;4595;1408;1300;1887;2273;20;3369;0;159;2291;562;357;261;4891;2215;1029;1647;1833;0;2879;0;225;2006;352;296;368;5336;3448;597;1291;1351;0;2428;0;300;1732;208;188;442;5816;4025;518;1273;771;0;1871;0;324;1287;125;135;2761;11078;8477;772;1829;846;0;2466;0;663;1542;99;162
CONDEIXA-A-NOVA;2;558;2;55;501;295;0;2;2;0;0;0;0;14;67;4;7;56;477;15;254;9;0;209;36;0;17;69;4;8;57;221;26;327;4;0;194;129;0;9;135;6;20;109;289;34;355;4;0;205;141;5;13;204;13;28;163;336;40;488;1;14;326;131;16;23;323;26;60;237;426;34;573;2;34;420;104;13;37;482;84;141;257;413;23;495;0;35;358;80;22;35;643;171;181;291;323;21;320;0;30;225;36;29;44;672;258;182;232;247;3;231;0;14;176;28;13;59;672;322;155;195;163;0;127;0;10;102;10;5;57;681;494;78;109;107;0;105;0;32;59;10;4;90;707;569;49;89;32;0;72;0;20;46;4;2;535;1300;1154;56;90;41;0;86;0;50;31;4;1
FIGUEIRA DA FOZ;21;1776;4;206;1566;1045;1;4;4;0;0;0;0;23;341;14;50;277;1637;44;727;42;0;570;114;1;26;397;18;67;312;1001;81;949;25;0;520;399;5;38;598;29;99;470;950;71;878;10;5;505;348;10;53;907;47;149;711;1115;81;1065;12;46;709;284;14;84;1291;103;294;894;1323;93;1303;6;85;1000;182;30;104;1742;249;543;950;1290;83;1230;0;112;939;140;39;125;2153;457;758;938;1056;41;864;0;82;630;123;29;131;2616;827;838;951;990;7;735;0;50;560;103;22;157;2934;1385;685;864;881;0;628;0;60;480;68;20;244;3035;2081;359;595;515;0;524;0;120;351;40;13;355;2969;2188;250;531;312;0;410;0;124;259;20;7;2028;5542;4569;346;627;296;0;441;0;166;252;13;10
GOIS;1;88;0;12;76;59;0;0;0;0;0;0;0;0;23;0;1;22;103;2;38;3;0;28;7;0;0;19;0;3;16;57;3;44;1;0;30;12;1;3;38;0;10;28;56;6;35;0;0;21;14;0;2;68;2;8;58;48;0;34;0;1;22;11;0;6;107;9;33;65;76;5;36;0;3;27;5;1;9;135;22;51;62;79;1;35;0;5;20;9;1;5;158;53;52;53;44;1;20;0;0;16;3;1;19;198;104;44;50;62;0;15;0;1;11;3;0;20;231;144;40;47;41;0;27;0;3;18;5;1;20;253;188;23;42;28;0;14;0;4;8;1;1;22;242;197;19;26;12;0;12;0;2;10;0;0;286;517;471;26;20;19;0;13;0;4;6;3;0
LOUSA;14;537;5;51;481;321;1;2;2;0;0;0;0;6;122;4;17;101;551;19;200;12;0;155;33;0;11;120;2;13;105;333;23;274;0;0;163;111;0;12;202;8;23;171;302;33;267;3;4;155;101;4;13;305;10;60;235;323;31;305;1;5;230;63;6;29;462;30;115;317;470;33;387;1;21;290;64;11;36;628;70;207;351;457;28;337;0;23;261;43;10;34;714;160;236;318;339;18;219;0;21;166;27;5;44;751;265;220;266;261;3;166;0;11;115;33;7;36;780;413;159;208;187;0;115;0;18;79;14;4;43;758;560;81;117;133;0;80;0;23;46;7;4;58;783;633;52;98;53;0;52;0;21;27;1;3;348;1477;1314;59;104;42;0;61;0;36;21;2;2
MEALHADA;3;587;1;73;513;354;0;2;2;0;0;0;0;4;121;3;10;108;566;17;251;12;0;204;34;1;5;158;1;20;137;353;45;353;11;0;189;150;3;7;207;7;34;166;321;49;320;6;2;177;128;7;16;313;8;63;242;348;37;388;3;15;276;89;5;11;512;45;148;319;468;40;451;0;17;377;50;7;19;661;80;270;311;401;32;367;0;32;290;38;7;29;787;182;295;310;341;22;254;0;18;191;35;10;34;987;362;316;309;264;1;177;0;11;135;20;11;58;963;500;204;259;257;0;138;0;16;107;13;2;61;996;754;100;142;113;0;101;0;29;65;5;2;83;945;775;57;113;51;0;77;0;27;46;3;1;655;1802;1614;73;115;50;0;94;0;49;41;2;2
MIRA;2;332;0;34;298;162;1;0;0;0;0;0;0;3;68;5;1;62;326;10;152;8;0;119;24;1;3;79;5;8;66;213;17;196;5;0;111;78;2;8;132;4;24;104;201;25;209;7;2;112;87;1;13;185;7;25;153;228;26;220;2;9;150;52;7;15;260;31;81;148;231;17;258;0;27;180;41;10;15;389;61;160;168;204;10;244;0;30;177;34;3;21;467;114;202;151;167;10;149;0;11;115;19;4;25;563;180;225;158;139;2;113;0;7;97;8;1;31;634;336;188;110;121;0;90;0;6;75;5;4;86;698;571;68;59;52;0;68;0;18;45;5;0;85;700;613;36;51;17;0;78;0;38;33;3;4;542;1310;1199;46;65;28;0;65;0;27;35;2;1
MIRANDA DO CORVO;4;384;4;52;328;214;2;0;0;0;0;0;0;6;56;0;1;55;387;20;173;4;0;138;31;0;5;91;2;10;79;195;22;194;5;0;122;66;1;11;123;3;20;100;188;25;175;0;0;100;73;2;4;191;8;27;156;211;21;185;4;10;131;37;3;11;279;20;92;167;283;21;194;1;6;155;28;4;18;440;62;169;209;269;7;167;0;19;129;17;2;24;601;155;238;208;230;15;108;0;10;82;11;5;37;763;283;236;244;168;0;86;0;4;67;13;2;36;643;374;123;146;141;0;54;0;7;38;6;3;60;618;482;58;78;63;0;54;0;18;32;1;3;65;605;504;42;59;32;0;35;0;9;23;3;0;459;1184;1065;47;72;21;0;36;0;15;17;4;0
MONTEMOR-O-VELHO;4;699;0;90;609;403;0;2;2;0;0;0;0;3;117;1;12;104;645;17;309;12;0;246;51;0;6;191;7;21;163;402;37;447;9;0;261;177;0;13;290;11;45;234;447;49;448;1;1;246;191;9;12;427;20;83;324;583;46;523;3;11;360;134;15;21;572;40;152;380;604;36;580;0;37;427;100;16;32;878;108;324;446;524;30;401;0;30;308;55;8;40;1136;260;382;494;420;15;211;0;16;162;29;4;55;1264;465;391;408;323;0;189;0;10;150;22;7;71;1279;641;328;310;245;0;120;0;16;90;11;3;90;1246;941;138;167;131;0;105;0;26;69;9;1;141;1207;1006;57;144;47;0;47;0;14;29;3;1;982;2284;2066;103;115;54;0;64;0;27;33;3;1
MORTAGUA;1;191;0;15;176;126;0;1;1;0;0;0;0;5;45;0;4;41;233;10;92;5;0;77;10;0;6;78;3;9;66;149;15;121;1;0;73;47;0;8;104;6;16;82;120;23;118;0;1;83;32;2;13;177;8;45;124;138;20;146;2;6;103;32;3;15;261;33;93;135;167;9;131;0;13;104;12;2;16;311;44;154;113;108;8;95;0;17;65;10;3;17;375;118;146;111;105;6;70;0;5;55;9;1;24;460;225;140;95;94;0;45;0;5;36;4;0;32;587;353;136;98;49;0;53;0;8;39;4;2;55;653;552;46;55;34;0;47;0;13;31;2;1;59;592;523;30;39;19;0;33;0;11;21;1;0;476;1122;1044;26;52;12;0;35;0;14;19;2;0
OLIVEIRA DO HOSPITAL;8;540;0;72;468;302;0;3;3;0;0;0;0;7;190;4;21;165;599;17;251;19;0;203;28;1;9;198;1;24;173;340;34;272;5;0;177;87;3;17;274;10;32;232;284;34;237;1;1;151;80;4;12;415;20;93;302;337;22;259;3;12;191;51;2;23;598;58;203;337;410;23;231;0;13;181;32;5;67;787;188;298;301;305;23;192;0;19;141;27;5;62;890;298;306;286;289;17;144;0;11;107;18;8;70;1080;536;265;279;257;4;136;0;14;104;13;5;90;1137;749;181;207;196;0;99;0;20;71;4;4;107;1059;878;72;109;99;0;109;0;34;69;5;1;115;1003;866;42;95;49;0;66;0;19;42;2;3;808;1967;1820;55;92;40;0;86;0;46;38;1;1
PAMPILHOSA DA SERRA;1;71;0;9;62;36;0;0;0;0;0;0;0;0;15;0;1;14;82;1;16;1;0;12;3;0;0;29;0;5;24;45;5;25;2;0;17;6;0;4;48;0;11;37;63;2;25;0;0;17;8;0;3;75;5;16;54;68;6;27;0;2;21;4;0;3;76;2;27;47;63;8;31;0;3;22;4;2;5;116;25;48;43;48;1;23;0;3;16;4;0;10;175;46;67;62;42;0;14;0;1;12;1;0;12;234;137;58;39;36;0;15;0;1;8;5;1;14;320;238;37;45;30;0;17;0;3;12;1;1;24;340;272;25;43;23;0;9;0;0;7;0;2;24;339;288;24;27;12;0;8;0;1;7;0;0;416;653;604;14;35;14;0;10;0;6;1;2;1
PENACOVA;8;371;0;42;329;208;0;1;1;0;0;0;0;4;54;0;3;51;391;17;150;7;0;124;19;0;3;84;0;7;77;220;19;180;3;0;115;62;0;9;124;1;17;106;175;15;157;2;0;83;70;2;5;200;4;35;161;193;20;163;2;4;117;35;5;13;354;20;110;224;253;25;191;1;9;153;25;3;26;588;77;237;274;235;13;161;0;14;124;19;4;18;698;197;280;221;174;5;86;0;12;63;6;5;33;815;369;232;214;132;2;48;0;5;40;3;0;43;869;551;172;146;95;0;38;0;8;27;3;0;56;865;746;57;62;48;0;28;0;9;15;3;1;109;893;811;34;48;24;0;23;0;10;11;1;1;639;1467;1382;35;50;25;0;32;0;12;14;3;3
PENELA;2;142;2;14;126;71;0;1;1;0;0;0;0;3;23;1;1;21;139;7;66;8;0;47;11;0;6;53;0;5;48;75;15;79;1;0;48;29;1;3;64;1;17;46;72;11;85;0;1;43;41;0;5;89;3;22;64;91;14;74;1;1;46;23;3;10;131;11;37;83;103;8;90;0;11;67;10;2;15;203;28;63;112;99;6;69;0;12;47;9;1;21;249;65;74;110;78;3;51;0;2;39;8;2;25;259;130;59;70;59;1;50;0;5;36;9;0;26;285;185;41;59;65;0;37;0;4;28;4;1;39;296;240;12;44;32;0;23;0;6;15;2;0;29;296;249;22;25;26;0;20;0;5;13;1;1;279;659;605;27;27;16;0;24;0;8;15;1;0
SOURE;1;481;0;54;427;250;2;1;1;0;0;0;0;1;93;1;5;87;444;11;211;14;0;166;31;0;6;85;0;6;79;288;26;254;4;0;153;94;3;10;142;6;17;119;252;33;219;1;2;126;89;1;9;222;7;28;187;309;24;263;0;6;198;57;2;22;365;33;75;257;415;24;302;3;13;233;49;4;22;576;109;163;304;459;17;210;0;19;156;34;1;35;643;157;182;304;314;17;127;0;5;100;18;4;37;874;323;223;328;257;3;88;0;6;66;15;1;57;905;470;146;289;229;0;87;0;15;63;4;5;105;1016;750;85;181;109;0;76;0;18;55;2;1;175;1039;836;66;137;64;0;54;0;20;28;5;1;1200;1840;1638;74;128;41;0;59;0;26;28;2;3
TABUA;2;356;0;49;307;187;0;0;0;0;0;0;0;6;79;1;12;66;309;10;111;5;0;93;13;0;3;138;2;10;126;178;16;137;1;0;87;49;0;9;216;7;42;167;180;12;112;0;0;68;43;1;5;233;8;59;166;201;16;109;3;3;82;21;0;16;343;44;108;191;222;14;143;0;14;110;18;1;33;443;86;173;184;201;8;88;0;7;69;10;2;38;525;176;178;171;139;7;65;0;10;41;14;0;52;598;324;126;148;125;2;63;0;13;36;12;2;52;618;392;108;118;119;0;55;0;10;37;8;0;67;595;494;42;59;79;0;49;0;18;19;10;2;75;593;498;33;62;30;0;33;0;10;17;6;0;488;1254;1142;48;64;35;0;25;0;9;14;1;1
VILA NOVA DE POIARES;1;217;0;24;193;104;0;0;0;0;0;0;0;0;63;2;3;58;229;7;76;6;0;60;10;0;1;69;1;8;60;145;9;87;2;0;50;34;1;5;95;1;17;77;131;8;67;3;0;35;29;0;9;151;8;25;118;144;3;85;0;4;64;16;1;11;221;20;55;146;174;9;95;2;5;74;9;5;15;277;57;88;132;147;5;81;0;11;56;9;5;27;339;90;111;138;102;8;53;0;4;44;4;1;23;373;179;78;116;83;0;48;0;1;29;15;3;31;370;200;75;95;53;0;42;0;2;29;11;0;24;374;275;39;60;36;0;32;0;4;20;5;3;33;314;257;18;39;11;0;26;0;7;17;1;1;237;636;577;22;37;17;0;15;0;7;3;2;3
ALVAIAZERE;0;148;0;14;134;87;1;1;1;0;0;0;0;2;31;0;2;29;178;5;65;3;0;54;8;0;4;41;0;6;35;76;17;81;1;0;49;30;1;13;68;3;16;49;86;15;64;0;0;43;21;0;7;82;5;22;55;79;7;58;0;3;35;15;5;11;141;19;44;78;117;8;77;0;4;65;7;1;15;217;58;75;84;104;5;47;0;4;42;1;0;20;258;85;89;84;81;3;36;0;7;23;4;2;32;357;189;67;101;73;0;34;0;3;24;4;3;38;365;189;76;100;78;0;37;0;7;23;4;3;46;389;300;34;55;45;0;33;0;6;26;0;1;57;426;350;24;52;31;0;15;0;2;11;1;1;443;794;728;29;37;17;0;16;0;7;7;1;1
ANSIAO;1;327;1;32;294;209;1;1;1;0;0;0;0;1;44;0;4;40;349;24;154;8;0;128;17;1;7;62;3;4;55;185;29;180;6;0;110;64;0;9;139;4;22;113;156;37;146;1;0;94;50;1;7;136;9;25;102;205;28;158;4;9;115;29;1;11;251;19;69;163;242;26;165;1;10;129;23;2;12;377;67;129;181;258;9;138;0;9;113;15;1;25;556;146;210;200;164;12;98;0;14;72;10;2;30;632;285;153;194;131;1;76;0;12;58;6;0;60;679;398;131;150;89;0;58;0;13;38;6;1;69;662;526;57;79;75;0;39;0;14;22;2;1;67;710;601;37;72;30;0;25;0;10;14;1;0;718;1324;1202;55;67;26;0;28;0;15;13;0;0
BATALHA;10;487;2;52;433;297;0;1;1;0;0;0;0;2;88;3;14;71;490;13;235;21;0;182;32;0;8;125;2;12;111;277;43;320;4;0;209;104;3;14;161;4;24;133;264;41;324;8;1;195;116;4;10;277;10;39;228;334;56;326;5;8;228;77;8;13;376;20;89;267;357;33;346;0;22;273;46;5;25;517;59;187;271;385;20;245;0;35;178;28;4;28;692;137;269;286;222;14;132;0;23;89;20;0;32;811;282;254;275;167;1;79;0;8;64;5;2;59;812;444;175;193;147;0;70;0;17;45;7;1;65;828;638;79;111;53;0;41;0;12;27;1;1;53;759;658;37;64;22;0;27;0;13;11;1;2;488;1184;1098;46;40;27;0;31;0;15;15;0;1
CASTANHEIRA DE PERA;0;74;0;14;60;39;0;0;0;0;0;0;0;3;13;0;0;13;64;5;24;4;0;17;3;0;2;20;1;1;18;47;1;27;0;0;15;11;1;4;32;1;8;23;50;6;13;0;0;10;3;0;7;32;1;8;23;42;3;11;0;0;10;0;1;4;52;14;18;20;38;4;19;0;2;16;0;1;7;80;22;20;38;47;2;23;0;4;15;3;1;12;129;34;48;47;30;1;17;0;2;13;2;0;15;160;62;52;46;31;0;21;0;1;20;0;0;15;166;101;22;43;34;0;6;0;0;5;1;0;16;214;176;15;23;18;0;7;0;2;4;0;1;27;187;153;9;25;7;0;9;0;5;4;0;0;142;373;338;13;22;5;0;8;0;5;2;1;0
FIGUEIRO DOS VINHOS;2;114;0;16;98;79;0;0;0;0;0;0;0;1;32;0;4;28;125;10;37;2;0;27;8;0;4;45;1;10;34;78;5;61;1;0;40;19;1;6;72;2;20;50;86;7;42;2;0;23;16;1;7;82;1;22;59;64;7;49;3;3;34;9;0;6;115;21;26;68;115;15;56;0;5;40;10;1;7;193;46;53;94;101;7;45;0;4;36;4;1;11;214;80;66;68;69;6;47;0;4;35;7;1;25;290;159;69;62;59;0;49;0;4;40;5;0;28;369;204;84;81;61;0;32;0;2;24;5;1;40;358;280;29;49;36;0;29;0;6;19;3;1;41;371;311;26;34;18;0;17;0;5;12;0;0;281;631;569;26;36;16;0;20;0;8;12;0;0
LEIRIA;44;4175;14;465;3696;2374;7;9;9;0;0;0;0;61;826;21;86;719;4137;158;2041;152;0;1581;308;0;102;972;21;86;865;2538;288;3111;92;0;1971;1032;16;123;1426;57;167;1202;2316;311;3074;52;13;2010;961;38;93;2028;63;333;1632;2549;307;3176;39;115;2259;717;46;176;2792;157;787;1848;2949;273;3478;10;192;2731;454;91;186;3826;521;1395;1910;2793;198;2872;0;269;2149;361;93;183;5102;1073;1888;2141;2259;122;1863;0;190;1360;245;68;246;5764;2021;1823;1920;1836;23;1307;0;96;982;189;40;333;5766;3096;1159;1511;1412;0;986;0;98;737;116;35;466;5694;4191;589;914;793;0;799;0;166;553;63;17;530;5534;4339;393;802;379;0;495;0;142;318;26;9;3520;9482;7971;541;970;395;0;548;0;227;298;12;11
MARINHA GRANDE;18;1240;6;119;1115;790;5;1;1;0;0;0;0;23;245;9;17;219;1210;37;499;37;0;405;56;1;43;370;8;38;324;850;85;658;21;0;425;211;1;57;482;20;71;391;777;69;588;8;5;404;164;7;60;695;24;137;534;907;93;645;7;27;490;113;8;56;953;52;224;677;1165;94;783;2;64;617;90;10;57;1230;160;368;702;1044;76;730;0;74;582;64;10;45;1549;306;483;760;829;46;457;0;59;344;44;10;65;1639;516;515;608;697;6;324;0;41;241;38;4;122;1749;830;370;549;500;0;218;0;30;157;25;6;124;1866;1295;228;343;272;0;185;0;43;125;11;6;162;1981;1521;172;288;166;0;108;0;38;62;5;3;955;2998;2527;181;290;140;0;135;0;61;69;4;1
PEDROGAO GRANDE;2;98;0;9;89;55;0;0;0;0;0;0;0;3;26;0;1;25;71;7;35;6;0;26;3;0;3;29;1;1;27;46;12;37;2;0;23;12;0;1;41;2;7;32;48;10;29;0;0;19;10;0;7;60;4;13;43;57;8;31;0;3;19;8;1;5;64;9;15;40;50;2;33;0;3;24;5;1;8;117;21;47;49;59;4;17;0;3;13;1;0;12;170;63;54;53;36;1;13;0;3;6;4;0;21;194;76;63;55;52;0;24;0;3;20;1;0;35;214;107;62;45;42;0;28;0;2;16;7;3;35;224;173;25;26;58;0;18;0;5;12;1;0;24;182;149;14;19;7;0;9;0;5;4;0;0;212;413;373;16;24;10;0;12;0;5;6;0;1
POMBAL;16;1543;3;160;1380;883;4;2;2;0;0;0;0;25;332;7;27;298;1552;54;676;61;0;528;86;1;30;386;9;32;345;979;110;705;29;0;439;233;4;50;503;18;76;409;898;105;776;14;3;491;257;11;56;836;47;147;642;1044;86;770;5;30;574;152;9;73;1286;111;368;807;1190;73;866;3;56;677;117;13;71;1758;280;605;873;1111;54;625;0;65;480;74;6;118;2269;609;813;847;758;22;350;0;21;271;51;7;138;2670;1229;696;745;562;3;260;0;31;197;26;6;221;2894;1827;431;636;420;0;185;0;26;143;13;3;290;2972;2421;214;337;202;0;169;0;34;129;5;1;382;2798;2421;143;234;98;0;102;0;42;54;4;2;3219;4404;4031;157;216;73;0;118;0;64;47;3;4
PORTO DE MOS;6;804;2;79;723;376;1;4;4;0;0;0;0;8;198;2;15;181;737;29;363;22;0;286;54;1;19;208;4;29;175;452;53;416;11;0;261;141;3;21;281;8;33;240;357;57;313;11;2;216;81;3;26;433;20;83;330;462;60;347;6;11;265;62;3;30;693;67;201;425;563;46;368;4;17;298;44;5;43;922;144;347;431;477;23;310;0;35;240;29;6;55;1106;288;394;424;344;18;194;0;20;149;24;1;61;1196;460;375;361;271;5;129;0;14;96;16;3;74;1199;665;241;293;249;0;125;0;14;100;7;4;96;1147;886;106;155;103;0;112;0;38;69;3;2;103;1124;944;63;117;48;0;54;0;19;30;3;2;859;2051;1861;88;102;38;0;59;0;23;33;0;3
AGUIAR DA BEIRA;1;123;1;12;110;67;1;0;0;0;0;0;0;2;18;1;2;15;150;4;48;1;0;41;6;0;5;31;0;2;29;84;3;79;1;0;47;29;2;4;54;5;11;38;58;8;58;0;0;38;19;1;3;72;6;23;43;74;2;58;0;0;45;13;0;10;132;17;49;66;99;2;46;0;2;40;3;1;13;175;44;65;66;71;4;34;0;4;26;4;0;25;237;91;80;66;45;0;18;0;1;15;2;0;35;338;211;62;65;40;0;11;0;0;8;3;0;31;377;289;55;33;23;0;11;0;2;9;0;0;39;399;345;29;25;16;0;15;0;7;8;0;0;63;362;331;17;14;6;0;8;0;3;5;0;0;459;629;567;38;24;2;0;14;0;8;6;0;0
CARREGAL DO SAL;6;293;0;27;266;160;0;1;1;0;0;0;0;1;77;0;7;70;213;9;103;7;0;74;22;0;4;97;0;11;86;171;13;108;3;0;61;42;2;2;145;2;26;117;132;11;77;1;1;50;24;1;16;208;11;57;140;178;11;85;1;5;65;11;3;20;274;33;95;146;163;9;105;1;11;80;10;3;30;313;58;128;127;141;2;93;0;10;71;10;2;19;380;121;141;118;109;5;73;0;8;56;8;1;19;467;197;153;117;93;0;58;0;6;45;6;1;28;547;308;149;90;67;0;35;0;1;29;4;1;60;561;449;58;54;40;0;41;0;6;30;4;1;90;559;483;35;41;20;0;26;0;4;20;1;1;440;980;895;37;48;20;0;25;0;15;9;0;1
CASTRO DAIRE;5;438;0;45;393;225;0;1;1;0;0;0;0;5;64;2;5;57;437;9;140;8;0;120;12;0;9;150;1;16;133;211;15;185;5;0;115;64;1;11;178;4;43;131;180;19;138;3;0;95;40;0;8;293;21;84;188;190;6;125;0;3;89;33;0;18;454;64;181;209;240;12;135;0;5;101;28;1;27;574;145;236;193;186;12;103;0;7;86;9;1;50;677;263;225;189;140;4;79;0;3;65;9;2;64;899;524;225;150;101;0;59;0;5;50;4;0;88;888;552;208;128;66;0;42;0;2;37;3;0;103;903;760;80;63;33;0;40;0;20;18;2;0;118;886;784;59;43;20;0;27;0;12;14;1;0;918;1339;1250;39;50;14;0;44;0;22;19;3;0
MANGUALDE;4;641;1;72;568;286;1;1;1;0;0;0;0;4;153;3;18;132;543;17;195;16;0;141;38;0;9;199;2;18;179;318;24;259;8;0;171;79;1;11;259;8;44;207;292;32;207;0;0;128;78;1;17;401;19;78;304;346;34;271;3;11;209;46;2;24;562;42;204;316;357;14;245;1;10;211;21;2;28;648;101;259;288;290;15;222;0;17;184;20;1;30;809;211;315;283;228;12;155;0;14;110;22;9;61;950;360;327;263;188;1;108;0;12;81;12;3;69;1047;544;284;219;168;0;123;0;11;98;10;4;92;1077;833;121;123;105;0;67;0;8;56;3;0;135;1043;873;73;97;49;0;63;0;22;35;6;0;720;1945;1789;66;90;33;0;70;0;30;37;2;1
NELAS;7;428;7;57;364;248;0;1;1;0;0;0;0;3;88;6;9;73;345;12;154;7;0;128;19;0;5;110;5;8;97;210;13;175;2;0;105;66;2;5;179;6;32;141;200;17;150;2;3;100;41;4;9;268;17;44;207;221;18;207;1;8;153;42;3;18;385;35;120;230;272;24;225;1;9;177;34;4;22;422;74;161;187;218;9;199;0;32;145;21;1;24;518;153;182;183;184;12;115;0;11;86;13;5;26;599;274;163;162;149;1;81;0;7;65;8;1;56;769;383;194;192;112;0;63;0;9;47;6;1;40;825;609;110;106;84;0;65;0;12;47;5;1;72;769;650;47;72;36;0;38;0;11;25;1;1;499;1491;1334;65;92;52;0;50;0;23;24;1;2
OLIVEIRA DE FRADES;5;326;0;47;279;167;4;1;1;0;0;0;0;2;74;0;4;70;319;13;116;9;0;87;19;1;6;101;3;10;88;198;12;131;0;0;70;61;0;9;179;6;32;141;209;27;104;3;0;65;34;2;13;218;13;44;161;238;16;117;1;8;89;19;0;9;322;42;111;169;186;20;120;0;7;92;18;3;18;396;61;175;160;161;6;122;0;13;96;13;0;15;482;149;209;124;128;8;55;0;8;41;5;1;22;549;257;176;116;80;2;45;0;3;36;6;0;24;507;283;136;88;64;0;33;0;2;27;2;2;30;504;406;55;43;32;0;41;0;12;25;2;2;32;470;385;37;48;19;0;17;0;2;14;1;0;318;855;786;29;40;21;0;27;0;20;7;0;0
PENALVA DO CASTELO;4;228;2;27;199;110;0;0;0;0;0;0;0;4;37;1;5;31;211;4;82;4;0;67;10;1;2;44;1;4;39;124;7;74;4;0;51;19;0;2;92;3;21;68;94;7;68;0;1;49;18;0;3;150;13;29;108;110;13;76;0;3;56;14;3;13;258;36;97;125;116;6;93;0;2;71;19;1;10;314;82;128;104;86;4;58;0;7;46;5;0;28;342;137;126;79;54;1;32;0;3;23;5;1;39;410;225;121;64;37;1;27;0;2;18;7;0;36;457;300;110;47;32;0;20;0;4;15;1;0;56;500;431;37;32;24;0;18;0;4;14;0;0;74;461;419;24;18;14;0;14;0;5;7;0;2;500;874;828;22;24;14;0;14;0;7;6;0;1
SANTA COMBA DAO;2;293;0;34;259;188;0;1;1;0;0;0;0;7;72;3;1;68;288;6;124;8;0;88;28;0;11;86;4;6;76;166;11;146;3;0;97;44;2;10;134;4;33;97;143;11;127;3;1;76;47;0;15;187;8;39;140;184;17;138;2;6;97;32;1;13;297;28;110;159;233;13;159;0;9;121;26;3;31;388;66;145;177;181;9;117;0;18;81;16;2;22;426;113;158;155;134;7;86;0;2;68;11;5;32;509;200;151;158;115;0;60;0;8;45;6;1;44;609;279;183;147;100;0;61;0;3;52;6;0;56;640;471;79;90;78;0;54;0;13;36;4;1;72;675;544;60;71;29;0;41;0;15;24;2;0;429;1318;1184;56;78;26;0;41;0;26;15;0;0
SAO PEDRO DO SUL;5;487;0;36;451;256;0;0;0;0;0;0;0;5;105;0;4;101;473;17;166;17;0;129;20;0;4;133;4;12;117;289;19;194;4;0;112;78;0;12;167;4;29;134;219;15;153;2;1;105;44;1;14;260;9;65;186;276;18;160;3;7;124;26;0;14;417;35;164;218;298;9;165;0;7;133;24;1;28;567;90;250;227;259;10;144;0;14;112;15;3;29;648;169;286;193;187;8;108;0;15;83;8;2;49;837;399;261;177;153;1;95;0;5;71;16;3;64;933;541;236;156;130;0;81;0;6;65;10;0;87;977;790;97;90;57;0;85;0;20;56;8;1;96;1018;883;62;73;29;0;61;0;25;31;3;2;780;1701;1556;77;68;25;0;51;0;33;17;1;0
SATAO;3;307;1;30;276;180;0;3;3;0;0;0;0;5;73;2;7;64;373;10;168;7;0;134;27;0;3;91;3;8;80;183;7;154;4;0;105;45;0;5;162;16;27;119;181;15;132;1;0;98;33;0;11;218;13;46;159;184;13;142;0;4;96;42;0;16;318;25;133;160;169;9;175;2;7;144;21;1;18;398;79;188;131;194;6;113;0;4;99;10;0;26;487;146;220;121;162;2;89;0;3;72;11;3;37;606;318;187;101;97;1;37;0;2;32;3;0;51;714;413;217;84;73;0;36;0;1;29;5;1;52;696;596;61;39;39;0;52;0;15;36;1;0;80;621;542;32;47;16;0;28;0;18;9;1;0;637;1094;1006;46;42;19;0;35;0;15;17;1;2
TONDELA;7;791;1;97;693;378;3;2;2;0;0;0;0;9;176;0;16;160;780;22;286;17;0;218;51;0;11;237;6;19;212;498;36;343;9;0;209;125;0;19;312;5;51;256;441;25;373;8;0;241;122;2;18;452;15;108;329;462;36;317;2;10;235;58;12;35;623;60;211;352;503;38;382;0;29;311;37;5;38;953;151;390;412;432;18;336;0;37;248;39;12;44;1076;254;470;352;341;21;225;0;11;179;32;3;85;1393;539;491;363;296;2;182;0;9;145;23;5;96;1499;826;415;258;241;0;147;0;7;121;15;4;147;1567;1289;121;157;106;0;92;0;18;68;4;2;194;1649;1419;94;136;55;0;64;0;18;40;6;0;1057;3193;2949;108;136;64;0;86;0;47;38;1;0
VILA NOVA DE PAIVA;4;120;1;20;99;92;1;0;0;0;0;0;0;3;16;0;1;15;129;7;69;6;0;53;10;0;1;66;0;11;55;83;7;70;2;0;49;18;1;4;63;1;17;45;48;6;67;2;0;47;18;0;4;97;4;29;64;57;6;53;0;4;40;9;0;3;133;14;62;57;75;2;58;0;4;46;8;0;4;169;38;68;63;63;2;47;0;7;37;2;1;17;191;66;68;57;70;1;25;0;1;18;4;2;25;272;138;71;63;48;0;12;0;0;12;0;0;23;299;144;86;69;30;0;23;0;2;19;2;0;42;291;225;42;24;21;0;27;0;4;22;1;0;39;261;232;14;15;10;0;16;0;8;6;2;0;343;458;429;11;18;13;0;9;0;4;4;1;0
VISEU;29;3364;20;362;2982;1822;4;11;11;0;0;0;0;37;501;18;57;426;3184;79;1595;66;0;1253;274;2;76;674;39;92;543;1763;150;2237;52;0;1344;831;10;78;982;46;156;780;1734;164;2125;34;7;1290;769;25;106;1455;72;268;1115;2027;181;2643;20;82;1906;588;47;128;2265;238;687;1340;2266;171;3021;13;152;2280;489;87;193;2869;465;1144;1260;2070;84;2553;0;211;1859;417;66;183;3323;771;1313;1239;1575;61;1904;0;141;1352;330;81;204;3852;1513;1231;1108;1257;6;1404;0;78;1018;235;73;301;4235;2271;1000;964;1001;0;1099;0;81;834;136;48;373;4478;3419;433;626;569;0;906;0;153;666;64;23;407;4364;3426;326;612;326;0;520;0;143;335;33;9;2663;7757;6503;470;784;384;0;733;0;331;355;30;17
VOUZELA;4;268;0;35;233;159;1;1;1;0;0;0;0;2;54;0;3;51;324;13;118;6;0;94;17;1;2;81;1;7;73;165;17;142;6;0;87;46;3;6;123;4;22;97;183;12;146;3;0;94;47;2;5;190;10;52;128;145;12;135;3;4;100;27;1;9;298;25;151;122;163;7;121;0;4;91;23;3;16;393;73;170;150;132;6;100;0;9;79;12;0;27;469;136;185;148;127;1;52;0;5;39;6;2;25;531;237;182;112;106;1;48;0;2;44;2;0;26;513;311;106;96;91;0;32;0;2;25;3;2;42;580;478;53;49;23;0;48;0;15;31;0;2;52;561;482;38;41;19;0;26;0;8;16;2;0;414;1193;1098;52;43;19;0;43;0;18;20;3;2
CASTELO BRANCO;29;1561;19;183;1359;769;1;2;2;0;0;0;0;38;291;15;49;227;1427;30;702;41;0;552;109;0;30;316;26;48;242;845;82;1013;24;0;653;331;5;50;452;40;66;346;857;86;947;14;7;602;313;11;73;678;46;106;526;1033;93;1157;14;40;857;225;21;70;976;99;193;684;1189;78;1379;6;112;1002;227;32;83;1303;201;341;761;1201;41;1123;0;165;778;146;34;88;1628;314;468;846;1090;48;871;0;93;621;130;27;106;2058;723;498;837;941;5;731;0;66;498;118;49;126;2300;1098;423;779;832;0;610;0;70;417;84;39;180;2522;1727;246;549;526;0;522;0;103;369;37;13;226;2684;1995;221;468;237;0;273;0;88;163;16;6;1902;5259;4504;286;469;230;0;313;0;137;153;18;5
IDANHA-A-NOVA;4;202;3;39;160;85;0;0;0;0;0;0;0;4;78;9;25;44;193;3;29;0;0;26;3;0;5;63;15;10;38;83;5;69;3;0;50;16;0;14;94;19;18;57;110;8;80;1;1;59;19;0;20;108;20;24;64;110;2;76;2;5;49;18;2;26;150;27;40;83;138;8;106;0;8;84;14;0;28;209;35;61;113;135;3;82;0;7;64;10;1;34;276;82;89;105;119;2;66;0;12;44;9;1;44;379;153;94;132;90;0;51;0;11;30;6;4;63;469;248;99;122;88;0;42;0;8;25;7;2;65;508;352;57;99;56;0;38;0;6;23;6;3;89;573;474;41;58;29;0;27;0;7;13;3;4;913;1207;1077;59;71;29;0;43;0;23;20;0;0
OLEIROS;0;60;0;2;58;64;0;1;1;0;0;0;0;1;21;1;2;18;107;5;33;1;0;28;4;0;2;28;2;2;24;59;2;58;2;0;34;22;0;4;30;3;8;19;53;7;55;2;1;36;16;0;5;58;1;14;43;68;9;54;4;2;35;13;0;7;107;20;25;62;64;8;49;0;5;34;9;1;9;117;28;45;44;72;1;33;0;1;27;5;0;13;203;61;76;66;53;2;21;0;0;18;2;1;20;294;159;56;79;57;0;23;0;2;13;3;5;24;349;254;44;51;51;0;18;0;3;12;2;1;20;392;333;34;25;37;0;31;0;7;22;1;1;36;407;345;23;39;19;0;19;0;5;12;1;1;449;802;749;20;33;10;0;16;0;11;2;3;0
PENAMACOR;0;93;2;23;68;36;0;0;0;0;0;0;0;3;21;2;5;14;93;4;38;1;0;33;4;0;7;30;4;3;23;61;5;42;1;0;33;8;0;6;43;3;12;28;54;4;54;1;0;33;20;0;3;64;1;14;49;76;3;32;1;2;23;4;2;4;83;13;24;46;69;5;37;1;2;26;6;2;11;133;19;52;62;71;2;35;0;7;19;8;1;11;188;66;57;65;92;1;27;0;6;16;4;1;25;256;104;75;77;65;0;27;0;4;18;5;0;19;299;158;65;76;71;0;26;0;2;22;2;0;28;295;217;32;46;43;0;30;0;2;24;2;2;48;311;251;20;40;14;0;18;0;9;8;1;0;582;693;615;28;50;29;0;27;0;18;8;1;0
PROENCA-A-NOVA;2;156;0;20;136;90;0;0;0;0;0;0;0;2;29;0;5;24;159;6;102;6;0;82;14;0;4;37;1;8;28;101;4;108;5;0;68;34;1;2;61;0;8;53;108;6;85;0;0;57;28;0;4;77;2;11;64;116;10;100;2;3;80;15;0;6;103;13;21;69;131;13;103;2;8;79;14;0;17;195;30;63;102;119;8;65;0;3;50;12;0;17;281;73;84;124;112;3;51;0;7;38;4;2;18;416;175;93;148;105;1;38;0;6;30;2;0;22;497;292;80;125;101;0;39;0;7;28;4;0;31;472;359;40;73;63;0;49;0;18;28;3;0;69;506;405;38;63;23;0;31;0;16;15;0;0;553;896;815;30;51;22;0;31;0;14;17;0;0
VILA VELHA DE RODAO;2;61;0;9;52;26;0;1;1;0;0;0;0;0;16;2;3;11;62;2;25;2;0;20;3;0;5;22;1;3;18;34;2;30;1;0;22;7;0;3;43;6;7;30;54;2;20;0;0;16;3;1;5;48;6;6;36;55;2;26;1;0;19;6;0;10;64;14;11;39;54;4;29;0;0;25;3;1;7;72;10;17;45;55;1;24;0;7;16;1;0;7;95;25;20;50;45;2;24;0;6;17;1;0;8;139;54;39;46;45;0;23;0;0;19;4;0;15;175;99;33;43;31;0;19;0;2;15;2;0;18;189;123;25;41;31;0;26;0;9;12;4;1;18;285;223;29;33;20;0;15;0;5;9;1;0;240;622;547;32;43;19;0;18;0;4;14;0;0
ABRANTES;19;1101;19;174;908;479;0;2;2;0;0;0;0;14;265;10;52;203;930;23;374;22;0;303;49;0;17;233;15;40;178;560;37;453;13;0;266;171;3;29;384;19;81;284;476;39;422;11;6;256;145;4;31;552;39;114;399;576;56;453;2;15;327;106;3;38;822;90;202;530;736;38;501;0;33;410;53;5;56;1094;180;368;546;729;37;540;0;53;426;57;4;88;1355;294;428;633;605;38;387;0;44;291;45;7;97;1688;514;517;657;587;5;371;0;31;293;39;8;126;1845;823;385;637;528;0;292;0;32;229;27;4;140;2027;1448;194;385;287;0;236;0;61;160;12;3;166;1886;1420;163;303;136;0;145;0;53;86;4;2;1367;3988;3402;230;356;141;0;168;0;84;78;4;2
ALCANENA;9;427;2;34;391;187;0;0;0;0;0;0;0;1;66;0;4;62;386;16;132;6;0;104;22;0;8;110;2;12;96;210;13;149;5;0;91;52;1;8;140;3;21;116;209;32;136;2;2;90;41;1;8;239;9;52;178;248;22;164;1;6;124;32;1;11;338;25;99;214;274;24;190;0;11;154;24;1;19;423;60;166;197;283;13;163;0;16;128;18;1;15;512;120;196;196;254;14;104;0;12;78;11;3;18;614;179;210;225;201;2;94;0;9;74;10;1;44;666;300;199;167;151;0;84;0;11;63;8;2;56;689;473;94;122;87;0;59;0;14;40;4;1;64;719;570;63;86;44;0;26;0;8;12;6;0;386;1348;1220;63;65;40;0;29;0;15;14;0;0
CONSTANCIA;1;154;1;18;135;66;0;1;1;0;0;0;0;1;21;0;2;19;109;0;34;1;0;31;2;0;3;31;0;2;29;78;4;57;2;0;29;26;0;2;41;1;4;36;66;9;38;2;0;24;11;1;5;66;1;9;56;73;9;50;1;3;35;11;0;1;85;5;11;69;100;8;79;0;6;65;7;1;9;109;23;35;51;111;6;55;0;3;40;11;1;9;150;27;56;67;89;9;45;0;6;33;6;0;11;181;77;44;60;62;1;49;0;3;37;8;1;9;190;86;51;53;28;0;25;0;2;22;0;1;20;196;147;19;30;23;0;18;0;4;12;2;0;18;186;137;17;32;11;0;10;0;3;6;1;0;114;369;327;21;21;14;0;9;0;4;5;0;0
ENTRONCAMENTO;12;723;7;108;608;380;0;0;0;0;0;0;0;8;154;14;23;117;603;17;278;10;0;217;51;0;27;167;11;23;133;367;35;366;12;0;216;136;2;21;226;24;40;162;377;53;341;9;3;203;121;5;35;324;25;50;249;472;51;451;6;26;323;93;3;20;369;40;70;259;503;56;497;0;33;406;54;4;27;476;55;135;286;562;39;479;0;47;388;41;3;30;586;97;174;315;512;20;395;0;49;296;43;7;28;706;157;186;363;500;2;368;0;24;286;54;4;36;687;208;167;312;326;0;257;0;31;181;38;7;49;652;347;116;189;188;0;138;0;40;86;11;1;50;728;474;96;158;72;0;76;0;33;41;1;1;356;1706;1363;132;211;114;0;87;0;51;34;1;1
FERREIRA DO ZEZERE;3;227;2;28;197;101;1;1;1;0;0;0;0;3;41;3;5;33;238;7;92;9;0;69;14;0;3;52;1;6;45;137;14;112;3;0;71;37;1;8;104;5;15;84;141;12;81;0;0;55;23;3;10;154;10;21;123;145;12;72;0;2;49;20;1;6;204;22;70;112;168;15;82;1;6;66;7;2;16;282;67;95;120;120;7;54;0;8;36;8;2;16;391;146;133;112;72;1;45;0;7;29;5;4;33;385;168;113;104;103;0;47;0;10;34;1;2;51;426;255;94;77;77;0;30;0;8;19;3;0;70;446;362;37;47;59;0;28;0;4;19;5;0;67;430;371;23;36;20;0;16;0;6;7;2;1;419;956;879;28;49;13;0;21;0;10;10;0;1
MACAO;1;142;0;26;116;77;0;2;2;0;0;0;0;2;25;0;5;20;158;4;56;1;0;50;5;0;3;47;2;9;36;89;11;60;4;0;33;22;1;4;58;3;18;37;68;9;64;1;1;43;18;1;7;73;3;16;54;95;11;70;0;2;54;14;0;5;125;5;28;92;108;4;69;0;2;56;9;2;11;150;21;40;89;101;2;65;0;6;51;7;1;9;261;46;92;123;106;6;41;0;5;32;4;0;15;370;107;111;152;81;1;41;0;5;29;7;0;28;370;187;72;111;78;0;34;0;6;25;3;0;20;406;274;48;84;49;0;42;0;12;28;2;0;45;425;307;45;73;23;0;31;0;8;20;2;1;466;1121;987;48;86;25;0;41;0;21;18;2;0
OUREM;36;1428;3;161;1264;768;2;1;1;0;0;0;0;46;299;9;28;262;1378;64;716;52;0;575;87;2;43;374;11;40;323;832;107;864;27;0;531;302;4;67;521;10;75;436;761;93;760;11;6;494;240;9;64;768;32;130;606;845;84;722;7;38;540;124;13;93;1068;94;314;660;972;59;763;6;45;611;89;12;91;1442;235;536;671;872;47;573;0;63;435;66;9;121;1974;533;722;719;692;37;410;0;42;306;51;11;138;2301;933;731;637;534;4;298;0;33;221;38;6;166;2309;1224;553;532;395;0;211;0;31;154;19;7;200;2277;1817;200;260;222;0;198;0;48;125;18;7;260;2068;1742;136;190;98;0;147;0;59;79;8;1;1965;4119;3602;208;309;127;0;265;0;98;151;7;9
SARDOAL;0;89;0;9;80;63;0;1;1;0;0;0;0;4;20;0;2;18;111;2;30;1;0;28;1;0;0;26;1;5;20;62;5;41;1;0;25;14;1;0;30;1;8;21;72;8;28;0;0;17;11;0;0;65;4;13;48;58;7;33;1;1;25;6;0;2;106;7;28;71;73;6;54;1;4;45;3;1;11;131;14;46;71;71;1;49;0;6;38;5;0;7;150;35;49;66;53;0;18;0;4;14;0;0;10;208;65;69;74;43;1;31;0;2;26;3;0;10;219;110;53;56;42;0;18;0;5;11;2;0;7;218;134;39;45;25;0;23;0;5;17;0;1;11;195;147;21;27;10;0;18;0;6;11;1;0;137;467;419;19;29;11;0;16;0;10;5;1;0
SERTA;5;448;0;44;404;258;1;3;3;0;0;0;0;2;94;2;7;85;398;16;189;18;0;142;29;0;5;100;2;13;85;297;30;193;6;0;115;72;0;13;152;7;19;126;243;28;153;3;2;103;42;3;13;214;14;31;169;311;35;149;1;9;102;36;1;16;338;39;86;213;352;29;140;1;14;106;18;1;31;471;104;152;215;292;18;141;0;27;97;16;1;35;678;201;214;263;245;11;92;0;10;69;12;1;57;855;387;191;277;203;1;70;0;4;62;4;0;89;865;532;135;198;147;0;65;0;10;46;9;0;83;878;679;86;113;81;0;56;0;16;38;1;1;94;815;692;35;88;46;0;42;0;24;18;0;0;803;1605;1458;65;82;35;0;56;0;23;28;3;2
TOMAR;16;1150;13;142;995;549;0;4;4;0;0;0;0;19;235;17;32;186;1058;32;491;24;0;397;69;1;21;256;13;41;202;614;71;633;20;0;392;219;2;28;339;9;75;255;544;69;515;5;2;316;186;6;42;463;37;90;336;567;67;623;4;20;446;144;9;42;648;64;178;406;726;56;638;2;43;487;93;13;64;1071;156;372;543;713;40;598;0;59;440;81;18;96;1461;337;539;585;696;29;456;0;41;343;63;9;90;1702;576;524;602;633;6;417;0;39;311;53;14;130;1810;887;375;548;598;0;357;0;46;262;32;17;143;1846;1251;215;380;371;0;348;0;79;235;26;8;184;2020;1510;177;333;167;0;187;0;60;106;15;6;1259;4187;3546;215;426;189;0;238;0;96;123;15;4
TORRES NOVAS;8;1112;5;132;975;538;1;1;1;0;0;0;0;10;244;13;31;200;961;25;434;22;0;355;57;0;13;223;9;27;187;539;57;489;11;0;309;166;3;16;351;16;53;282;551;76;486;4;4;306;167;5;28;492;24;87;381;703;108;633;8;16;481;120;8;23;637;40;150;447;755;61;808;3;51;643;95;16;27;954;111;338;505;767;43;676;0;63;532;71;10;47;1177;235;426;516;646;26;483;0;53;362;59;9;49;1503;409;506;588;588;6;431;0;39;320;62;10;93;1669;689;452;528;479;0;271;0;25;209;28;9;97;1763;1154;215;394;280;0;236;0;56;164;10;6;109;1809;1304;198;307;132;0;138;0;41;88;9;0;972;3793;3281;205;307;143;0;186;0;63;117;5;1
VILA DE REI;0;83;0;5;78;44;0;0;0;0;0;0;0;2;20;2;2;16;82;4;43;3;0;37;3;0;1;16;0;1;15;40;6;52;0;0;37;14;1;3;33;1;4;28;48;7;46;1;0;29;16;0;2;49;4;2;43;58;9;44;0;1;41;2;0;2;67;5;16;46;56;2;25;0;3;21;1;0;9;73;11;28;34;60;2;19;0;2;16;1;0;12;116;27;43;46;45;4;19;0;1;13;4;1;7;143;57;37;49;44;0;17;0;1;15;1;0;14;173;105;31;37;32;0;10;0;1;8;1;0;19;222;180;12;30;27;0;7;0;2;3;2;0;19;192;167;7;18;13;0;5;0;3;2;0;0;240;576;509;33;34;8;0;12;0;4;6;0;2
VILA NOVA DA BARQUINHA;1;210;2;19;189;117;1;1;1;0;0;0;0;0;55;0;14;41;207;4;70;5;0;53;12;0;3;57;4;10;43;113;8;121;4;0;72;44;1;5;80;7;9;64;116;11;136;2;2;77;55;0;3;116;7;16;93;139;17;138;1;4;108;22;3;5;129;9;26;94;162;25;126;0;8;102;16;0;5;182;23;63;96;174;16;129;0;10;98;19;2;3;232;44;93;95;139;10;110;0;15;78;17;0;14;298;77;98;123;128;3;72;0;6;52;12;2;19;328;118;100;110;85;0;51;0;7;36;7;1;25;321;219;43;59;47;0;32;0;9;21;2;0;27;376;265;39;72;28;0;24;0;9;14;0;1;195;801;652;77;72;25;0;36;0;19;17;0;0
ALMEIDA;1;104;1;14;89;72;1;1;1;0;0;0;0;5;26;0;5;21;121;3;78;4;0;67;7;0;4;39;5;3;31;67;7;63;0;0;41;21;1;2;57;5;4;48;56;9;64;0;0;47;15;2;11;81;2;8;71;86;4;54;0;2;48;4;0;9;115;12;29;74;79;3;47;1;5;31;10;0;17;132;17;49;66;83;2;41;0;11;25;5;0;13;235;53;89;93;107;2;55;0;8;36;9;2;15;303;116;90;97;81;1;35;0;4;28;3;0;17;403;227;61;115;84;0;34;0;6;24;3;1;22;401;297;45;59;38;0;45;0;13;30;2;0;41;432;344;35;53;21;0;25;0;12;12;1;0;439;1064;957;47;60;26;0;44;0;31;13;0;0
BELMONTE;4;134;1;22;111;91;0;0;0;0;0;0;0;1;31;3;8;20;174;8;66;5;0;46;15;0;4;46;6;6;34;108;6;81;1;0;49;30;1;3;81;7;16;58;86;7;70;5;0;38;26;1;6;112;10;22;80;110;10;81;0;2;60;18;1;5;135;18;36;81;156;8;87;0;6;72;8;1;9;217;50;81;86;127;5;65;0;11;44;9;1;8;231;74;86;71;98;3;52;0;6;37;6;3;13;311;127;83;101;105;0;40;0;1;30;5;4;32;396;217;80;99;84;0;44;0;11;28;3;2;44;389;313;37;39;47;0;34;0;12;20;1;1;41;278;233;21;24;15;0;12;0;6;6;0;0;388;724;662;32;30;7;0;18;0;9;9;0;0
CELORICO DA BEIRA;2;210;2;46;162;91;0;0;0;0;0;0;0;0;49;3;8;38;157;9;63;2;0;51;10;0;6;52;4;7;41;94;6;68;4;0;37;27;0;6;86;7;8;71;91;6;54;1;1;32;20;0;5;145;14;26;105;101;16;70;0;1;55;14;0;8;168;31;37;100;126;8;74;0;9;53;12;0;8;227;70;72;85;108;4;62;0;12;45;5;0;12;291;122;73;96;80;3;51;0;4;38;8;1;22;351;215;66;70;61;1;43;0;3;33;7;0;49;405;273;60;72;78;0;26;0;3;16;7;0;43;417;338;30;49;31;0;33;0;7;23;1;2;49;417;365;15;37;19;0;14;0;5;8;1;0;405;843;795;20;28;15;0;25;0;17;7;1;0
COVILHA;15;1275;13;142;1120;775;3;2;2;0;0;0;0;18;219;13;27;179;1348;32;715;19;0;578;117;1;25;280;24;47;209;718;70;897;17;0;482;384;14;26;395;26;76;293;723;87;924;11;3;445;428;37;40;585;44;125;416;845;68;975;13;34;581;302;45;46;912;86;239;587;998;70;1029;3;56;699;209;62;59;1297;189;410;698;994;37;889;0;96;569;148;76;76;1519;348;485;686;917;28;742;0;52;467;155;68;97;2054;691;603;760;773;5;511;0;34;338;76;63;156;2467;1205;591;671;645;0;408;0;46;255;60;47;187;2819;2087;251;481;365;0;326;0;67;208;31;20;213;2655;2100;186;369;199;0;173;0;65;79;17;12;1682;4835;4224;229;382;164;0;222;0;105;110;6;1
FIGUEIRA DE CASTELO RODRIGO;1;123;3;19;101;62;1;0;0;0;0;0;0;3;52;4;15;33;106;5;39;4;0;31;4;0;2;53;5;8;40;72;4;49;3;0;36;10;0;6;72;5;20;47;65;2;57;2;0;38;17;0;4;119;13;24;82;71;2;52;0;1;42;7;2;16;129;20;37;72;70;2;57;0;1;44;12;0;17;145;33;58;54;67;4;49;0;6;35;7;1;14;219;69;77;73;42;5;30;0;0;26;3;1;16;274;139;70;65;44;2;27;0;2;21;4;0;28;321;199;58;64;57;0;27;0;4;22;0;1;34;332;261;28;43;26;0;36;0;12;21;1;2;35;321;263;20;38;14;0;17;0;6;11;0;0;298;803;744;32;27;14;0;26;0;19;4;2;1
FORNOS DE ALGODRES;2;114;0;17;97;60;0;0;0;0;0;0;0;1;16;0;1;15;134;3;35;3;0;25;7;0;1;33;1;6;26;73;3;54;1;0;36;16;1;4;58;2;13;43;60;2;51;0;0;35;15;1;9;93;11;18;64;72;7;30;0;1;23;6;0;4;102;21;35;46;67;1;46;0;4;37;4;1;19;155;40;60;55;62;0;37;0;5;25;5;2;17;179;71;63;45;57;1;30;0;3;22;2;3;22;254;154;51;49;42;0;23;0;1;21;1;0;21;300;209;47;44;32;0;19;0;3;13;3;0;40;284;240;21;23;15;0;15;0;0;13;2;0;35;238;211;12;15;9;0;7;0;4;3;0;0;318;607;557;28;22;7;0;23;0;13;10;0;0
FUNDAO;13;713;16;102;595;407;4;5;5;0;0;0;0;12;144;16;19;109;727;20;283;27;0;204;52;0;22;158;15;23;120;415;45;426;10;0;253;160;3;22;267;17;39;211;398;50;426;5;3;269;143;6;22;429;38;77;314;487;46;449;7;22;306;106;8;30;634;72;181;381;502;36;411;2;34;286;78;11;46;806;150;244;412;431;22;362;0;53;248;47;14;51;1081;247;366;468;376;15;266;0;38;179;39;10;73;1333;516;384;433;346;3;221;0;19;161;30;11;110;1542;810;331;401;322;0;201;0;21;151;21;8;142;1628;1199;155;274;205;0;159;0;47;100;8;4;141;1516;1252;101;163;66;0;104;0;29;65;7;3;1605;2889;2598;122;169;56;0;103;0;46;53;2;2
GOUVEIA;1;268;2;36;230;186;0;0;0;0;0;0;0;2;71;3;6;62;305;8;136;8;0;112;16;0;8;89;8;10;71;156;10;151;5;0;92;51;3;11;130;16;25;89;153;16;117;3;0;67;41;6;14;176;17;40;119;143;19;135;3;3;102;24;3;16;286;34;97;155;218;18;169;2;7;132;26;2;23;372;67;139;166;156;9;133;0;15;102;15;1;40;466;154;153;159;149;9;122;0;8;89;21;4;37;646;315;167;164;135;0;100;0;9;76;12;3;59;732;430;166;136;130;0;105;0;8;91;5;1;67;849;674;88;87;89;0;68;0;14;51;2;1;92;844;711;62;71;38;0;54;0;19;32;3;0;645;1840;1683;78;79;27;0;56;0;30;24;0;2
GUARDA;16;1238;15;156;1067;698;3;1;1;0;0;0;0;16;214;15;35;164;1294;30;646;21;0;510;115;0;19;211;16;26;169;705;53;883;14;0;550;316;3;33;381;35;53;293;614;75;810;5;7;527;262;9;34;620;54;84;482;739;74;905;6;23;660;203;13;59;784;65;180;539;921;59;1039;1;77;796;151;14;50;1049;133;314;602;823;42;973;0;154;659;127;33;75;1410;302;378;730;726;41;829;0;141;534;116;38;103;1752;676;306;770;681;6;626;0;57;464;83;22;107;1930;926;274;730;593;0;507;0;45;403;42;17;146;1764;1177;159;428;290;0;416;0;123;262;22;9;143;1784;1312;117;355;149;0;228;0;83;122;15;8;1258;3567;3101;177;289;123;0;266;0;122;129;10;5
MANTEIGAS;1;74;1;14;59;36;0;0;0;0;0;0;0;1;5;0;0;5;76;3;44;1;0;36;7;0;2;12;0;3;9;55;6;50;4;0;30;16;0;0;23;0;3;20;36;3;39;4;0;29;6;0;0;37;1;4;32;52;4;32;0;1;23;8;0;4;58;8;11;39;56;0;35;0;5;26;4;0;3;79;12;29;38;38;2;38;0;8;29;1;0;9;108;35;38;35;34;5;25;0;2;21;2;0;4;181;97;42;42;30;0;9;0;1;8;0;0;17;226;141;43;42;28;0;15;0;3;12;0;0;20;253;201;30;22;15;0;15;0;1;12;1;1;16;225;199;12;14;3;0;2;0;1;1;0;0;141;392;361;20;11;7;0;11;0;5;6;0;0
MEDA;1;108;1;19;88;65;0;1;1;0;0;0;0;1;26;1;4;21;106;5;45;7;0;32;6;0;1;37;5;7;25;55;4;57;2;0;31;24;0;5;50;6;10;34;69;3;52;1;0;30;21;0;3;82;8;18;56;64;7;68;0;2;55;10;1;6;109;16;38;55;67;3;54;0;7;38;8;1;15;163;47;56;60;57;0;36;0;2;31;2;1;10;177;60;65;52;41;3;28;0;3;21;4;0;26;286;151;82;53;44;1;39;0;4;28;6;1;29;310;207;59;44;29;0;12;0;1;10;1;0;38;333;289;19;25;13;0;17;0;7;9;0;1;48;288;254;14;20;6;0;19;0;12;7;0;0;393;595;552;20;23;7;0;20;0;9;9;1;1
PINHEL;1;215;0;29;186;119;1;1;1;0;0;0;0;6;27;1;4;22;189;3;107;6;0;84;17;0;9;60;1;4;55;99;9;94;2;0;62;29;1;7;82;1;12;69;77;7;86;1;0;59;26;0;11;126;12;32;82;117;7;96;1;1;71;23;0;17;174;22;58;94;139;9;97;0;4;75;16;2;17;249;40;79;130;136;7;68;0;11;48;9;0;21;352;103;101;148;109;2;54;0;5;41;7;1;30;486;243;93;150;82;1;43;0;1;34;8;0;43;540;334;88;118;63;0;42;0;6;34;2;0;66;540;454;39;47;46;0;34;0;6;24;3;1;65;567;495;31;41;21;0;29;0;14;15;0;0;540;1170;1102;33;35;20;0;26;0;18;8;0;0
SABUGAL;5;201;9;22;170;142;0;0;0;0;0;0;0;2;44;9;5;30;230;11;95;8;0;80;7;0;6;68;8;12;48;146;12;117;3;0;67;44;3;6;103;12;13;78;128;15;122;3;0;82;36;1;11;173;20;31;122;151;12;132;2;3;102;24;1;12;203;25;51;127;152;2;119;0;8;93;16;2;25;285;60;87;138;136;5;89;0;12;60;16;1;28;438;133;122;183;151;7;58;0;7;39;11;1;47;542;240;105;197;149;0;48;0;7;35;4;2;45;722;437;124;161;144;0;57;0;6;49;2;0;74;778;605;68;105;86;0;76;0;15;59;0;2;107;793;666;57;70;41;0;48;0;13;31;4;0;1040;1933;1789;67;77;36;0;61;0;21;34;6;0
SEIA;4;541;3;72;466;308;0;2;2;0;0;0;0;6;140;8;17;115;556;13;226;16;0;177;32;1;8;151;3;19;129;352;19;271;9;0;164;95;3;18;208;9;37;162;342;31;248;3;1;165;78;1;20;332;24;60;248;392;28;312;4;9;231;67;1;24;537;53;141;343;430;23;284;0;21;221;41;1;33;711;123;264;324;365;13;265;0;34;187;39;5;63;913;278;332;303;274;11;212;0;20;156;32;4;81;1193;594;294;305;253;0;166;0;10;129;23;4;89;1385;835;240;310;183;0;142;0;16;103;21;2;123;1561;1264;135;162;118;0;118;0;32;74;8;4;171;1453;1245;100;108;54;0;70;0;28;38;2;2;1010;2674;2434;104;136;62;0;86;0;40;41;2;3
TRANCOSO;3;207;0;23;184;125;0;1;1;0;0;0;0;3;23;2;5;16;195;8;112;9;0;88;15;0;3;55;3;6;46;108;6;119;4;0;68;47;0;6;99;3;20;76;109;12;99;1;2;58;36;2;4;147;7;24;116;149;12;84;1;4;63;14;2;11;218;26;60;132;159;6;123;0;12;94;17;0;15;277;68;85;124;125;5;107;0;13;85;6;3;11;334;134;96;104;127;9;80;0;10;58;12;0;30;448;258;74;116;101;0;62;0;5;47;9;1;44;551;381;75;95;60;0;43;0;4;35;3;1;54;548;449;37;62;36;0;38;0;15;21;2;0;78;523;456;24;43;21;0;24;0;10;14;0;0;585;1069;985;36;48;20;0;38;0;20;16;1;1
ALCOCHETE;4;780;1;89;690;431;1;3;3;0;0;0;0;8;133;1;12;120;624;14;271;8;0;227;36;0;14;160;1;27;132;382;24;271;6;0;148;116;1;15;181;11;30;140;316;43;363;4;0;230;125;4;14;263;18;57;188;352;45;494;2;20;329;135;8;25;391;40;95;256;499;36;739;1;40;571;109;18;26;518;64;156;298;563;39;793;0;77;582;111;23;32;541;98;190;253;461;20;482;0;54;337;72;19;36;574;177;154;243;333;4;291;0;34;201;49;7;40;503;211;142;150;259;0;193;0;28;119;27;19;48;590;371;97;122;125;0;115;0;18;75;16;6;55;721;528;70;123;79;0;67;0;12;47;5;3;328;1143;942;69;132;64;0;72;0;30;38;1;3
ALMADA;62;5880;72;905;4903;3090;9;9;9;0;0;0;0;117;1742;68;315;1359;5297;176;2299;97;0;1782;414;6;197;1740;106;318;1316;3434;310;3815;66;0;2152;1567;30;258;1908;134;389;1385;3334;348;4196;43;49;2405;1606;93;270;2551;185;525;1841;3360;333;4581;51;277;2917;1194;142;294;3211;342;744;2125;4042;323;5122;10;360;3713;886;153;333;3939;561;1124;2254;4183;264;4880;0;450;3630;656;144;345;4537;949;1420;2168;3569;174;3232;0;357;2292;455;128;406;5267;1514;1399;2354;3299;28;2651;0;266;1841;397;147;469;5777;2324;1193;2260;2952;0;2221;0;328;1502;277;114;578;6409;3654;926;1829;2082;0;1718;0;292;1171;173;82;569;7321;4428;814;2079;1195;0;1164;0;247;771;82;64;2854;15724;11692;1312;2720;1278;0;1293;0;440;743;62;48
AMADORA;73;5636;70;910;4656;2715;9;8;8;0;0;0;0;148;1978;74;336;1568;5249;183;2059;81;0;1662;312;4;277;2068;153;378;1537;4206;324;4181;81;0;2476;1605;19;325;2444;222;512;1710;3827;348;4506;64;46;2597;1732;67;358;2957;255;647;2055;3796;349;4320;50;214;2853;1112;91;348;3509;470;846;2193;3967;331;4341;12;250;3252;724;103;375;4134;780;1189;2165;3998;262;3567;0;309;2710;466;82;416;4763;1141;1475;2147;3203;164;2405;0;256;1726;343;80;397;5205;1791;1367;2047;2852;27;2021;0;263;1404;253;101;561;5669;2543;1220;1906;2466;0;1691;0;241;1187;191;72;664;6270;3820;835;1615;1572;0;1249;0;228;860;109;52;622;7300;4817;717;1766;889;0;869;0;202;572;64;31;2579;13964;10591;1127;2246;1066;0;1043;0;314;643;55;31
BARREIRO;43;2702;29;396;2277;1377;3;12;12;0;0;0;0;51;736;33;112;591;2329;69;881;55;0;719;106;1;79;708;42;145;521;1640;119;1571;46;0;984;533;8;105;939;67;184;688;1500;156;1493;30;16;929;494;24;115;1238;99;226;913;1619;159;1505;25;85;1047;323;25;126;1529;131;343;1055;2082;155;1873;6;137;1446;259;25;121;1970;283;484;1203;2262;128;1822;0;156;1419;218;29;105;2195;403;633;1159;1691;61;1110;0;125;812;155;18;137;2390;663;643;1084;1437;15;891;0;87;630;142;32;170;2705;1059;595;1051;1228;0;645;0;83;454;93;15;225;3324;2029;462;833;779;0;478;0;97;334;37;10;287;4319;3041;417;861;428;0;309;0;82;199;21;7;1430;7675;5959;596;1120;445;0;326;0;130;173;9;14
CASCAIS;76;7491;30;693;6768;4488;17;11;11;0;0;0;0;115;1349;34;168;1147;6230;234;3504;97;0;2801;604;2;208;1452;70;246;1136;3470;326;4704;67;0;2755;1852;30;298;1679;99;297;1283;3171;353;4772;63;63;2692;1864;90;345;2221;121;421;1679;3544;406;5958;69;440;3637;1652;160;394;2887;252;588;2047;4695;429;7930;21;584;5660;1423;242;458;3776;514;1004;2258;5114;429;8160;0;842;5813;1274;231;413;4496;845;1385;2266;4543;324;5939;0;800;3877;1028;234;534;4943;1354;1342;2247;4278;63;5039;0;776;3117;871;275;631;5196;2036;1179;1981;3426;0;4107;0;595;2605;660;247;726;6054;3453;840;1761;2626;0;3350;0;624;2065;431;230;737;7496;4263;771;2462;1573;0;2521;0;560;1539;267;155;2807;14785;9755;1288;3742;2357;0;3429;0;792;2193;256;188
LISBOA;210;16394;279;2259;13856;8745;11;24;24;0;0;0;0;512;4490;267;925;3298;14685;343;9655;168;0;7492;1989;6;982;4679;388;942;3349;9135;671;21829;178;0;10476;11042;133;1161;5177;557;1097;3523;7897;747;23165;146;229;10250;11931;609;1045;5950;783;1354;3813;7535;681;22074;121;1057;11880;7998;1018;1028;6733;1039;1621;4073;8057;650;23385;29;1119;15446;5470;1321;976;7773;1602;2172;3999;7861;623;22087;1;1317;14984;4546;1239;1067;9413;2622;2780;4011;7282;437;16871;0;1467;10959;3263;1182;1172;10946;4166;2768;4012;7341;86;13983;0;1350;8903;2582;1148;1350;11674;5637;2276;3761;6528;0;11688;0;1253;7491;1981;963;1500;13172;8035;1647;3490;5008;0;9903;0;1189;6733;1231;750;1511;15800;9262;1595;4943;3602;0;8397;0;1153;5835;785;624;7621;42549;28329;3611;10609;6280;0;12425;0;2367;8473;799;786
LOURES;71;7096;71;1156;5869;3464;11;10;10;0;0;0;0;161;2115;103;326;1686;6144;235;2425;88;0;1993;343;1;259;2352;130;428;1794;4418;398;4126;68;0;2579;1458;21;273;2802;201;564;2037;4215;391;4541;68;30;2709;1670;64;288;3534;257;767;2510;4396;423;4962;59;213;3343;1233;114;327;4308;479;1092;2737;4798;389;5339;18;315;4076;790;140;338;5449;889;1630;2930;4848;290;4366;0;383;3328;544;111;376;6301;1470;2109;2722;3765;205;2808;0;332;2020;370;86;442;6920;2354;1937;2629;3210;30;1920;0;226;1376;250;68;593;7387;3416;1691;2280;2582;0;1560;0;226;1112;173;49;692;8057;5242;1056;1759;1659;0;1274;0;239;876;113;46;663;8634;6161;818;1655;888;0;1113;0;235;753;74;51;3349;15710;12521;1066;2123;1024;0;1243;0;341;802;62;38
MAFRA;23;3523;9;434;3080;1683;5;2;2;0;0;0;0;41;720;8;87;625;2548;103;1146;51;0;903;190;2;76;706;16;114;576;1543;158;1501;26;0;894;566;15;81;1008;42;190;776;1565;187;1700;17;27;991;640;25;92;1518;76;311;1131;1899;212;2404;24;125;1620;579;56;109;2095;159;580;1356;2503;202;2859;7;161;2199;440;52;117;2708;369;994;1345;2418;185;2662;0;282;1938;383;59;125;2923;715;1061;1147;1796;99;1514;0;188;1084;205;37;144;3047;1078;951;1018;1335;13;1022;0;128;700;158;36;175;2931;1415;757;759;892;1;644;0;97;423;95;29;199;2846;1955;356;535;595;0;529;0;111;337;58;23;223;2929;2149;249;531;297;0;366;0;88;229;36;13;1359;5317;4361;372;584;313;0;402;0;90;268;22;22
MOITA;32;2469;40;370;2059;1186;3;3;3;0;0;0;0;66;734;32;127;575;2171;62;644;46;0;520;75;3;66;820;47;147;626;1650;134;962;16;0;655;288;3;112;1069;77;202;790;1468;133;875;27;8;611;221;8;103;1402;101;259;1042;1491;128;961;13;60;710;167;11;103;1757;160;365;1232;1850;134;1170;4;87;920;140;19;134;2109;291;578;1240;1845;110;996;0;97;767;115;17;123;2312;475;714;1123;1311;56;600;0;73;424;87;16;174;2600;808;750;1042;1062;6;404;0;54;285;56;9;215;2902;1267;646;989;906;0;309;0;46;215;42;6;276;3208;2073;439;696;513;0;272;0;62;173;27;10;290;3096;2271;286;539;227;0;137;0;36;89;9;3;1297;4872;4110;325;437;196;0;130;0;44;76;4;6
MONTIJO;29;1925;8;226;1691;949;3;2;2;0;0;0;0;44;606;22;91;493;1608;40;604;24;0;493;87;0;80;675;54;130;491;1215;93;951;21;0;582;343;5;112;857;68;174;615;1244;129;1333;21;15;806;475;16;99;1060;77;244;739;1461;116;1593;18;76;1152;326;21;107;1280;147;320;813;1672;134;1800;5;126;1373;254;42;121;1523;246;481;796;1502;90;1369;0;127;1062;152;28;99;1609;400;493;716;1076;72;747;0;88;530;103;26;114;1768;594;484;690;862;9;528;0;64;369;80;15;134;1773;851;381;541;647;0;360;0;44;264;46;6;161;1893;1241;228;424;444;0;288;0;78;181;25;4;202;2019;1463;184;372;212;0;147;0;41;89;14;3;1179;3511;2895;212;404;201;0;188;0;67;96;13;12
ODIVELAS;71;4569;24;595;3950;2636;3;6;6;0;0;0;0;149;1312;42;188;1082;4472;195;1888;69;0;1527;290;2;229;1367;73;205;1089;3174;259;3622;67;0;2186;1351;18;268;1814;133;337;1344;2931;281;4276;41;33;2426;1692;84;283;2235;166;402;1667;3255;293;4690;33;189;3187;1178;103;270;2879;282;664;1933;3894;312;4888;11;249;3770;768;90;304;3692;529;1062;2101;3651;256;3544;0;260;2798;408;78;268;4262;941;1353;1968;2847;160;1947;0;178;1457;258;54;323;4775;1623;1280;1872;2278;26;1438;0;163;1036;190;49;336;5144;2437;1095;1612;1937;0;1077;0;142;753;131;51;432;5783;3742;776;1265;1244;0;877;0;177;612;62;26;480;6518;4537;645;1336;669;0;564;0;148;367;36;13;2084;10980;8719;842;1419;707;0;574;0;209;316;30;19
OEIRAS;43;5900;35;589;5276;3248;8;10;10;0;0;0;0;48;987;28;136;823;4660;170;2790;59;0;2223;505;3;132;1023;47;173;803;2541;267;4728;63;0;2539;2095;31;185;1155;76;223;856;2401;264;5221;36;47;2643;2370;125;203;1605;104;302;1199;2470;269;5980;52;284;3681;1755;208;191;1874;161;397;1316;3263;313;7428;15;381;5394;1411;227;204;2331;320;596;1415;3615;280;7901;0;570;5813;1243;275;254;2619;486;809;1324;3215;208;5464;0;580;3674;934;276;258;3179;902;759;1518;3021;28;4157;0;468;2730;694;265;346;3583;1386;721;1476;2722;0;3331;0;491;2143;486;211;480;4603;2415;597;1591;2270;0;2813;0;477;1860;318;158;445;6240;3136;693;2411;1621;0;2532;0;511;1664;227;130;1852;12903;7920;1270;3713;2114;0;3375;0;817;2176;205;177
PALMELA;25;2625;16;356;2253;1345;5;6;6;0;0;0;0;56;628;11;90;527;2123;83;835;32;0;684;117;2;75;673;28;117;528;1309;139;1142;29;0;695;413;5;103;850;48;147;655;1207;145;1172;18;10;745;390;9;85;1177;69;250;858;1551;161;1451;26;68;1030;299;28;123;1595;154;387;1054;1934;135;1844;8;116;1400;276;44;94;2023;287;558;1178;1948;123;1785;0;148;1382;216;39;115;2193;450;706;1037;1394;72;1135;0;133;826;142;34;121;2560;774;783;1003;1115;13;785;0;101;529;116;39;195;2569;1179;512;878;857;0;595;0;74;407;82;32;238;2567;1647;352;568;477;0;344;0;61;235;31;17;294;2821;2081;285;455;248;0;238;0;54;150;21;13;1952;4918;4000;403;515;219;0;248;0;91;137;10;10
SEIXAL;65;5750;60;812;4878;2932;8;6;6;0;0;0;0;97;1621;54;232;1335;5267;194;2127;125;0;1677;322;3;121;1566;90;260;1216;3693;349;3322;84;0;2024;1191;23;182;1969;115;362;1492;3506;431;3660;67;21;2293;1224;55;214;2592;167;471;1954;3942;393;3891;50;196;2722;857;66;250;3533;297;749;2487;4681;362;4257;22;309;3282;569;75;247;4399;606;1152;2641;4536;269;3617;0;365;2730;473;49;251;4928;880;1513;2535;3566;178;2179;0;222;1621;270;66;283;5522;1553;1474;2495;3073;25;1669;0;179;1213;231;46;414;6163;2398;1385;2380;2540;0;1336;0;170;935;184;47;548;7072;4092;1081;1899;1703;0;1043;0;205;724;84;30;517;7418;4963;830;1625;863;0;712;0;185;443;62;22;2329;12284;9565;1000;1719;740;0;608;0;229;327;24;28
SESIMBRA;16;1930;8;220;1702;1000;6;3;3;0;0;0;0;27;437;9;51;377;1627;80;634;48;0;493;92;1;41;437;12;69;356;1054;103;866;26;0;533;307;0;42;676;24;122;530;1077;140;880;23;5;554;289;9;53;1013;31;163;819;1245;142;1081;12;42;764;238;25;71;1262;68;283;911;1624;129;1272;9;86;953;204;20;76;1611;183;422;1006;1600;105;1101;0;109;833;135;24;96;1880;351;674;855;1081;49;658;0;70;481;95;12;95;1981;585;600;796;857;10;508;0;59;357;69;23;131;2004;870;482;652;690;0;368;0;58;247;52;11;161;2071;1314;307;450;412;0;306;0;62;205;33;6;201;2147;1578;182;387;224;0;210;0;49;125;23;13;955;3592;2980;227;385;198;0;209;0;50;137;15;7
SETUBAL;55;4515;75;703;3737;2178;6;7;7;0;0;0;0;71;1287;56;255;976;3815;109;1461;80;0;1188;193;0;106;1282;89;282;911;2367;216;2065;59;0;1290;701;15;138;1576;95;317;1164;2279;218;2149;35;20;1366;701;27;170;2006;134;407;1465;2630;226;2426;36;117;1683;554;36;207;2595;229;589;1777;3273;228;3145;15;182;2360;525;63;227;3310;419;915;1976;3311;225;3186;0;271;2430;409;76;220;3439;694;1006;1739;2525;105;2164;0;182;1629;282;71;246;3956;1126;1024;1806;2045;17;1633;0;160;1176;231;66;381;4520;1859;979;1682;1800;0;1371;0;156;1004;159;52;460;4981;2949;710;1322;1175;0;1066;0;194;734;99;39;513;5569;3724;542;1303;689;0;666;0;163;430;44;29;2427;9332;7010;755;1567;760;0;855;0;284;500;50;21
SINTRA;194;14266;83;1743;12440;7915;21;27;27;0;0;0;0;301;3896;78;493;3325;14105;525;5373;210;0;4400;754;9;420;4176;157;646;3373;9936;868;8531;190;0;5382;2919;40;580;5195;230;929;4036;9086;939;8005;138;73;5128;2560;106;629;6976;428;1229;5319;9001;825;7641;111;458;5215;1712;145;724;9015;831;2001;6183;10590;836;8071;26;573;6154;1149;169;674;11351;1551;3315;6485;11146;752;7802;0;815;5832;978;177;786;13666;2770;4418;6478;9363;526;5812;0;750;4119;779;164;810;13598;4237;3708;5653;7743;86;4455;0;589;3086;616;164;873;12717;5460;2858;4399;5546;0;3445;0;504;2367;444;130;1102;12840;7607;1826;3407;3245;0;2384;0;501;1551;222;110;1069;13227;8569;1368;3290;1746;0;1619;0;396;1027;128;68;4619;23415;17571;1973;3871;1824;0;1795;0;572;1059;102;62
VILA FRANCA DE XIRA;52;5071;27;604;4440;2609;11;9;9;0;0;0;0;72;1256;29;177;1050;4218;173;1756;78;0;1414;261;3;110;1361;54;209;1098;2959;259;2787;40;0;1755;975;17;136;1775;101;350;1324;3029;317;2927;38;25;1843;985;36;172;2392;133;429;1830;3552;360;3242;34;150;2321;680;57;199;3169;238;683;2248;4354;320;3740;7;222;2948;490;73;171;3974;498;1146;2330;4370;250;3009;0;288;2308;350;63;172;4412;808;1429;2175;3101;138;1847;0;224;1338;235;50;237;4789;1380;1400;2009;2570;31;1274;0;155;894;181;44;323;5251;2305;1151;1795;1946;0;933;0;140;685;83;25;380;5634;3519;751;1364;1102;0;641;0;148;444;38;11;395;5266;3643;519;1104;526;0;415;0;124;256;25;10;1937;8249;6605;519;1125;454;0;425;0;158;231;24;12
ALCACER DO SAL;7;341;4;56;281;174;1;0;0;0;0;0;0;3;110;4;17;89;269;8;83;8;0;62;13;0;8;105;7;13;85;185;12;106;1;0;72;33;0;14;154;14;43;97;168;20;102;1;0;65;35;1;11;234;12;65;157;219;17;129;0;5;106;17;1;18;359;29;121;209;222;12;127;1;6;95;22;3;25;408;65;144;199;246;7;112;0;5;91;15;1;25;399;114;160;125;156;6;90;0;12;65;10;3;34;531;223;176;132;134;1;77;0;8;59;9;1;41;717;429;176;112;127;0;67;0;5;55;4;3;74;725;561;95;69;45;0;43;0;10;29;4;0;103;705;608;46;51;27;0;25;0;5;16;4;0;673;985;880;49;56;18;0;34;0;19;14;0;1
GRANDOLA;2;466;1;75;390;211;0;0;0;0;0;0;0;8;126;3;30;93;358;14;97;6;0;82;9;0;12;176;7;42;127;255;15;135;9;0;89;37;0;6;263;14;72;177;275;34;144;1;3;100;39;1;16;351;28;107;216;323;27;159;3;5;118;32;1;22;446;36;156;254;362;29;197;2;11;155;24;5;24;524;92;190;242;289;21;177;0;19;133;21;4;23;476;130;176;170;241;11;107;0;9;86;9;3;36;584;245;157;182;219;1;95;0;5;76;13;1;47;672;339;171;162;163;0;83;0;11;59;11;2;58;666;492;94;80;113;0;60;0;12;38;8;2;98;721;578;65;78;41;0;36;0;12;20;4;0;777;1185;1048;64;73;25;0;37;0;13;21;2;1
ODEMIRA;16;677;5;87;585;351;0;1;1;0;0;0;0;180;353;60;66;227;909;40;209;10;0;186;13;0;351;593;90;103;400;965;43;369;15;0;270;81;3;300;720;87;142;491;928;57;394;4;16;267;103;4;227;765;79;161;525;900;38;402;3;57;249;84;9;201;920;106;246;568;848;41;386;1;36;277;64;8;155;1010;157;317;536;538;27;291;0;49;191;46;5;127;1137;293;310;534;395;9;208;0;35;134;32;7;100;1265;549;294;422;356;5;190;0;25;128;26;11;134;1361;770;274;317;262;0;140;0;21;93;21;5;172;1217;891;131;195;157;0;124;0;35;68;17;4;236;1044;836;75;133;65;0;73;0;18;43;8;4;1835;1653;1475;58;120;52;0;61;0;18;31;5;7
SANTIAGO DO CACEM;5;786;4;107;675;373;1;1;1;0;0;0;0;9;210;4;30;176;658;25;227;18;0;176;33;0;14;231;7;26;198;494;42;320;6;0;216;97;1;17;331;21;48;262;533;73;378;6;3;260;105;4;22;479;19;103;357;705;75;517;11;22;382;100;2;38;673;46;157;470;776;55;483;3;26;379;68;7;40;732;110;237;385;626;41;431;0;27;344;51;9;47;809;164;267;378;462;18;295;0;29;218;44;4;48;1215;388;369;458;434;2;232;0;20;182;29;1;78;1399;639;309;451;544;0;277;0;31;207;35;4;126;1505;958;219;328;336;0;217;0;62;135;15;5;181;1435;1056;132;247;152;0;126;0;45;74;4;3;1370;2443;2047;156;240;86;0;100;0;51;46;1;2
SINES;7;479;8;64;407;205;1;1;1;0;0;0;0;2;153;6;34;113;370;18;112;2;0;97;13;0;15;196;16;29;151;284;32;169;5;0;108;56;0;20;217;18;38;161;332;38;205;4;2;113;83;3;20;244;18;50;176;372;37;283;7;10;193;69;4;28;385;29;82;274;420;30;297;1;17;237;39;3;22;458;69;141;248;333;27;204;0;15;150;32;7;25;503;116;169;218;255;5;144;0;10;108;23;3;35;624;229;185;210;265;2;115;0;12;85;12;6;42;647;295;144;208;222;0;98;0;11;69;18;0;52;611;392;81;138;123;0;75;0;13;47;10;5;55;656;504;64;88;48;0;52;0;17;31;4;0;391;1049;926;49;74;32;0;49;0;15;30;3;1
ALJUSTREL;6;252;8;44;200;111;0;0;0;0;0;0;0;5;97;4;18;75;217;10;76;3;0;65;8;0;15;98;8;18;72;166;10;98;3;0;73;22;0;14;159;7;43;109;168;18;103;0;1;72;29;1;11;210;22;46;142;164;5;120;2;2;86;27;3;13;240;17;79;144;179;12;119;0;11;88;18;2;19;317;58;97;162;161;3;92;0;9;73;9;1;19;393;110;116;167;127;4;75;0;10;59;6;0;28;429;144;136;149;139;0;48;0;2;40;5;1;43;524;234;140;150;108;0;49;0;5;41;3;0;36;578;396;76;106;40;0;52;0;12;34;6;0;46;502;415;29;58;18;0;29;0;13;13;1;2;449;748;695;31;22;10;0;33;0;19;13;1;0
ALMODOVAR;2;195;1;28;166;93;1;0;0;0;0;0;0;3;33;0;7;26;194;2;53;2;0;39;11;1;8;42;0;5;37;133;8;68;1;0;51;15;1;9;88;1;6;81;139;11;55;0;0;42;13;0;12;136;5;19;112;148;8;69;0;4;58;7;0;10;199;19;38;142;141;11;74;1;3;61;9;0;10;214;34;58;122;130;5;60;0;9;42;9;0;24;306;103;72;131;112;1;35;0;1;28;6;0;21;316;140;64;112;78;0;41;0;2;31;6;2;26;376;208;57;111;52;0;39;0;3;32;4;0;46;396;279;49;68;30;0;27;0;8;17;1;1;56;434;339;34;61;13;0;9;0;5;4;0;0;540;611;556;39;16;16;0;12;0;6;5;1;0
ALVITO;2;92;1;18;73;34;0;0;0;0;0;0;0;1;28;1;5;22;57;2;18;6;0;10;2;0;3;18;2;1;15;25;4;29;0;0;19;10;0;2;38;5;7;26;48;3;25;0;0;17;6;2;5;44;5;11;28;46;6;28;1;1;18;7;1;5;58;3;17;38;61;4;21;1;0;16;2;2;10;71;17;25;29;37;5;29;0;3;22;4;0;5;89;17;35;37;25;1;12;0;0;12;0;0;14;88;22;31;35;25;0;19;0;1;17;1;0;7;112;48;36;28;29;0;17;0;1;12;3;1;16;118;73;19;26;14;0;17;0;3;9;5;0;21;97;71;10;16;7;0;6;0;1;5;0;0;182;193;178;6;9;6;0;8;0;5;3;0;0
BARRANCOS;0;56;0;6;50;25;0;0;0;0;0;0;0;0;9;0;3;6;43;0;13;1;0;11;1;0;0;7;1;4;2;29;1;10;0;0;6;4;0;0;7;0;1;6;40;3;11;0;0;6;5;0;2;19;2;3;14;36;4;14;0;1;12;1;0;1;32;2;9;21;30;2;5;0;1;3;1;0;0;46;3;17;26;47;1;17;0;1;14;1;1;4;91;7;42;42;45;1;10;0;1;8;1;0;2;84;28;30;26;22;0;5;0;0;4;0;1;5;74;31;23;20;11;0;3;0;1;1;1;0;4;80;62;9;9;6;0;5;0;0;5;0;0;9;58;47;6;5;4;0;5;0;0;5;0;0;83;135;119;9;7;2;0;4;0;1;2;0;1
BEJA;14;1215;39;218;958;517;3;1;1;0;0;0;0;26;367;50;75;242;949;21;393;24;0;320;49;0;32;344;70;59;215;570;40;576;18;0;389;169;0;36;486;74;102;310;528;61;591;8;3;401;172;7;63;631;52;136;443;630;45;689;3;19;513;146;8;67;754;85;181;488;802;41;843;2;43;666;118;14;68;894;121;249;524;714;22;767;0;48;565;132;22;84;1083;221;338;524;605;32;579;0;45;438;73;23;84;1163;310;348;505;578;1;558;0;35;422;75;26;98;1260;483;312;465;476;0;410;0;45;292;60;13;95;1324;790;182;352;274;0;332;0;52;242;32;6;144;1336;908;130;298;146;0;188;0;60;114;11;3;1138;2572;2082;179;311;129;0;184;0;75;99;6;4
CASTRO VERDE;1;216;3;26;187;119;0;3;3;0;0;0;0;4;45;3;2;40;200;7;70;5;0;52;13;0;9;62;4;9;49;121;5;95;1;0;67;27;0;4;77;4;15;58;113;15;104;1;1;72;28;2;10;108;4;17;87;162;17;119;0;2;95;22;0;9;154;18;36;100;136;15;125;0;6;95;21;3;11;222;31;81;110;132;5;126;0;6;98;20;2;14;269;76;75;118;117;5;87;0;7;69;10;1;15;357;117;114;126;118;0;77;0;1;59;17;0;21;373;181;84;108;76;0;36;0;4;28;4;0;26;385;260;55;70;43;0;31;0;4;24;3;0;32;329;274;23;32;17;0;12;0;2;9;1;0;317;639;587;33;19;12;0;11;0;5;6;0;0
CUBA;1;152;2;22;128;52;0;1;1;0;0;0;0;2;46;1;7;38;128;1;37;4;0;29;4;0;3;44;4;8;32;61;4;72;3;0;46;22;1;3;71;2;20;49;80;9;66;0;0;55;11;0;6;80;7;21;52;100;6;81;0;3;66;11;1;9;103;6;31;66;109;7;70;1;2;56;7;4;11;124;28;30;66;86;5;48;0;2;40;5;1;13;185;45;52;88;61;3;60;0;3;42;14;1;17;222;71;65;86;73;0;23;0;2;20;1;0;5;219;85;57;77;48;0;21;0;1;17;3;0;14;209;148;31;30;23;0;21;0;2;13;4;2;25;220;177;18;25;8;0;11;0;3;7;1;0;237;384;343;16;25;11;0;5;0;2;2;1;0
FERREIRA DO ALENTEJO;3;226;4;48;174;100;0;0;0;0;0;0;0;9;82;3;14;65;192;11;59;7;0;44;8;0;12;135;7;30;98;152;12;73;2;0;56;14;1;23;168;15;55;98;158;9;74;4;1;55;13;1;23;178;16;52;110;134;14;98;0;4;78;16;0;21;228;22;75;131;190;9;104;1;4;88;10;1;14;259;44;85;130;127;5;73;0;7;56;10;0;26;287;65;108;114;103;4;66;0;4;49;11;2;18;376;138;117;121;87;0;47;0;3;32;6;6;27;404;226;83;95;76;0;45;0;3;37;2;3;56;458;335;59;64;39;0;28;0;3;21;2;2;70;434;363;24;47;15;0;17;0;5;10;2;0;441;650;581;34;35;18;0;12;0;5;7;0;0
MERTOLA;4;139;1;21;117;67;0;0;0;0;0;0;0;1;25;0;5;20;147;3;52;2;0;44;6;0;2;38;3;7;28;105;3;51;3;0;25;23;0;4;83;4;23;56;103;10;59;1;1;44;13;0;2;96;7;14;75;95;12;61;2;1;43;15;0;8;121;15;33;73;131;4;68;0;1;53;14;0;13;227;35;87;105;112;1;60;0;6;49;3;2;15;292;69;134;89;94;3;35;0;1;28;5;1;20;373;154;119;100;87;0;36;0;2;27;3;4;18;407;244;94;69;63;0;26;0;5;17;4;0;20;431;341;48;42;33;0;19;0;7;9;1;2;38;452;365;28;59;19;0;17;0;3;13;0;1;412;800;735;30;35;18;0;25;0;11;10;1;3
MOURA;10;523;23;117;383;229;0;0;0;0;0;0;0;5;198;14;46;138;378;10;119;6;0;93;20;0;19;170;21;46;103;207;21;124;5;0;95;24;0;40;190;35;36;119;199;15;116;0;1;87;27;1;37;243;39;64;140;249;12;141;0;1;124;16;0;54;386;50;121;215;245;11;141;0;6;106;28;1;54;453;81;149;223;236;7;120;0;8;87;25;0;61;580;157;208;215;196;10;88;0;10;66;12;0;65;612;216;195;201;165;1;92;0;6;72;12;2;91;660;297;176;187;151;0;81;0;6;70;3;2;121;683;474;94;115;69;0;60;0;12;44;2;2;118;560;450;44;66;28;0;29;0;7;20;1;1;708;1041;915;50;76;25;0;36;0;16;19;1;0
OURIQUE;3;148;2;24;122;65;0;0;0;0;0;0;0;2;24;1;6;17;123;3;42;2;0;31;9;0;1;35;1;4;30;75;5;49;1;0;32;16;0;4;70;3;16;51;83;1;46;0;0;34;12;0;5;87;5;14;68;83;6;44;0;1;33;9;1;12;117;5;35;77;114;13;53;0;2;38;11;2;8;171;29;52;90;110;4;38;0;5;31;2;0;13;215;71;61;83;76;3;31;0;4;25;2;0;24;258;110;74;74;68;2;32;0;2;22;5;3;31;235;133;54;48;37;0;19;0;2;17;0;0;40;263;196;32;35;40;0;20;0;4;13;1;2;53;288;228;24;36;16;0;12;0;2;6;2;2;438;464;403;23;38;17;0;14;0;6;8;0;0
SERPA;8;424;17;55;352;190;0;2;2;0;0;0;0;13;139;18;29;92;381;9;131;9;0;107;14;1;17;161;18;22;121;272;10;168;4;0;120;43;1;18;214;28;42;144;225;14;131;2;1;88;38;2;21;243;25;51;167;236;13;166;3;3;133;25;2;35;360;39;124;197;254;16;178;1;6;153;18;0;34;497;98;149;250;234;9;123;0;8;98;14;3;44;706;157;290;259;207;3;121;0;10;92;14;5;52;750;253;259;238;201;3;107;0;9;81;14;3;67;825;398;211;216;149;0;98;0;17;71;7;3;102;773;578;85;110;79;0;71;0;26;38;1;6;131;651;558;41;52;31;0;32;0;8;18;5;1;906;1044;932;57;55;24;0;46;0;26;17;2;1
VIDIGUEIRA;1;173;9;31;133;69;2;0;0;0;0;0;0;3;68;7;15;46;151;6;38;6;0;29;3;0;2;60;10;14;36;98;7;60;1;0;42;17;0;2;84;7;25;52;87;9;66;2;0;48;16;0;7;110;13;22;75;92;11;88;1;3;70;14;0;12;123;17;36;70;94;6;73;0;3;59;11;0;8;194;35;58;101;98;3;51;0;6;39;4;2;16;240;62;93;85;59;2;37;0;3;29;4;1;18;244;82;77;85;86;1;38;0;3;28;7;0;9;277;127;73;77;60;0;25;0;2;21;2;0;23;249;192;29;28;29;0;36;0;7;25;2;2;28;270;217;19;34;17;0;22;0;8;12;2;0;245;496;450;17;29;9;0;20;0;6;13;1;0
ALMEIRIM;9;766;13;100;653;360;0;2;2;0;0;0;0;28;232;8;24;200;602;25;229;17;0;191;21;0;29;209;12;44;153;393;25;302;12;0;199;88;3;46;283;20;54;209;379;34;288;14;2;203;68;1;35;462;42;100;320;430;47;344;8;12;254;66;4;31;610;72;160;378;549;29;453;1;23;381;44;4;34;796;133;278;385;483;28;354;0;33;276;38;7;51;875;260;283;332;374;17;255;0;30;197;28;0;52;972;387;297;288;292;3;172;0;14;135;20;3;68;1019;506;244;269;202;0;129;0;23;91;11;4;97;1000;791;95;114;137;0;121;0;32;79;10;0;151;1120;923;67;130;63;0;59;0;19;34;5;1;977;1806;1647;64;95;59;0;85;0;32;49;1;3
ALPIARCA;1;217;0;25;192;130;0;1;1;0;0;0;0;2;62;0;9;53;201;4;79;3;0;65;10;1;3;62;0;7;55;120;14;83;5;0;49;28;1;7;67;0;12;55;103;14;79;0;0;55;23;1;4;118;5;37;76;117;14;110;1;2;85;20;2;6;211;21;58;132;159;14;122;0;11;89;21;1;11;232;39;73;120;137;7;105;0;11;79;15;0;14;273;64;94;115;114;8;82;0;8;68;5;1;17;312;109;105;98;104;0;47;0;5;36;3;3;16;332;178;72;82;83;0;47;0;6;29;8;4;39;390;291;32;67;39;0;40;0;8;30;0;2;52;404;353;16;35;24;0;18;0;8;9;1;0;330;687;642;18;27;15;0;17;0;8;4;3;2
AZAMBUJA;6;756;10;97;649;318;2;0;0;0;0;0;0;14;264;11;44;209;635;35;204;13;0;161;30;0;23;286;22;64;200;425;41;267;5;0;171;91;0;28;420;32;115;273;404;36;263;0;1;171;90;1;43;540;39;131;370;489;47;298;3;12;215;62;6;47;654;73;156;425;626;37;346;4;21;273;43;5;47;725;125;247;353;571;30;309;0;29;243;31;6;35;846;238;280;328;415;25;196;0;26;144;22;4;50;930;362;252;316;355;4;129;0;15;94;13;7;44;947;490;196;261;240;0;121;0;14;84;19;4;79;998;700;110;188;124;0;95;0;25;64;5;1;96;966;753;65;148;71;0;59;0;18;37;3;1;649;1792;1593;77;122;65;0;53;0;23;25;2;3
BENAVENTE;17;1160;9;178;973;525;1;1;1;0;0;0;0;22;371;17;65;289;964;39;316;15;0;258;43;0;44;351;17;84;250;622;54;424;16;0;273;131;4;43;514;44;108;362;577;54;377;7;1;264;100;5;64;640;53;153;434;666;66;510;6;25;392;82;5;45;909;103;240;566;793;58;567;4;30;472;55;6;58;1055;134;371;550;782;53;486;0;50;377;56;3;58;1194;239;439;516;611;33;338;0;54;245;35;4;76;1225;403;377;445;501;5;256;0;25;175;51;5;63;1183;520;276;387;336;0;198;0;28;139;22;9;91;1143;779;144;220;173;0;113;0;26;74;8;5;127;1160;909;89;162;88;0;93;0;36;51;3;3;765;1960;1687;111;162;75;0;73;0;24;45;3;1
CARTAXO;12;782;3;92;687;407;3;3;3;0;0;0;0;14;204;4;32;168;666;19;259;19;0;211;28;1;18;234;10;35;189;410;39;320;7;0;209;103;1;27;283;15;55;213;435;50;311;5;2;227;76;1;22;442;17;99;326;512;45;395;7;27;286;70;5;33;605;54;173;378;567;31;447;1;24;346;68;8;53;783;120;233;430;607;36;409;0;45;310;44;10;43;865;179;280;406;443;23;304;0;35;213;48;8;52;1091;344;322;425;364;1;180;0;20;127;25;8;47;1051;468;272;311;299;0;165;0;27;119;14;5;71;1101;721;161;219;191;0;126;0;32;83;9;2;84;1151;879;106;166;81;0;98;0;27;61;7;3;605;2124;1808;126;190;97;0;129;0;51;73;4;1
CHAMUSCA;0;244;4;30;210;113;1;2;2;0;0;0;0;7;79;1;8;70;210;8;73;5;0;56;12;0;2;98;6;13;79;113;7;89;1;0;61;27;0;2;129;14;24;91;135;13;79;0;0;59;20;0;10;201;21;44;136;159;11;87;3;2;70;11;1;15;261;30;84;147;151;6;98;0;7;82;9;0;11;349;76;129;144;145;7;83;0;9;68;5;1;17;407;127;140;140;90;3;53;0;2;42;7;2;27;499;239;130;130;99;1;47;0;3;39;5;0;44;512;327;105;80;95;0;29;0;3;21;3;2;67;494;390;51;53;38;0;21;0;7;13;1;0;67;512;432;37;43;27;0;31;0;13;16;2;0;503;889;796;36;57;18;0;21;0;13;8;0;0
CORUCHE;6;523;13;81;429;252;1;0;0;0;0;0;0;9;164;9;28;127;380;14;190;5;0;163;22;0;14;140;16;28;96;197;24;207;8;0;124;74;1;18;212;32;51;129;237;25;166;2;2;97;63;2;19;303;32;66;205;242;25;186;2;9;147;26;2;30;483;71;138;274;308;25;211;0;11;169;27;4;45;620;118;222;280;318;20;188;0;21;152;13;2;43;778;192;258;328;259;6;156;0;15;119;19;3;57;868;360;233;275;244;1;114;0;15;84;11;4;68;1056;618;194;244;185;0;105;0;11;81;10;3;108;1097;880;101;116;94;0;87;0;28;51;5;3;115;976;854;37;85;52;0;47;0;13;28;5;1;1401;1705;1555;66;84;34;0;40;0;21;16;3;0
GOLEGA;3;185;0;24;161;89;0;1;1;0;0;0;0;0;43;1;5;37;157;11;50;2;0;42;6;0;2;52;2;6;44;110;9;75;1;0;52;21;1;2;72;6;8;58;88;12;72;0;0;47;23;2;0;87;6;22;59;133;11;92;1;0;70;19;2;7;137;5;46;86;128;10;75;2;5;59;9;0;3;174;26;50;98;128;6;75;0;10;56;9;0;5;217;38;77;102;98;2;58;0;10;42;6;0;10;231;61;84;86;75;1;51;0;4;40;7;0;13;244;92;74;78;67;0;38;0;4;29;4;1;25;312;219;38;55;33;0;23;0;6;13;3;1;27;296;244;18;34;20;0;17;0;4;13;0;0;226;548;468;38;42;20;0;36;0;10;23;2;1
RIO MAIOR;19;701;5;89;607;351;1;2;2;0;0;0;0;24;197;6;30;161;662;21;259;18;0;202;39;0;32;250;7;30;213;464;40;303;6;0;219;78;0;34;359;13;71;275;407;54;282;2;4;195;76;5;29;473;30;100;343;487;58;274;3;11;217;39;4;32;598;47;195;356;502;30;300;0;22;239;31;8;38;785;144;247;394;476;28;297;0;37;219;33;8;37;880;224;299;357;337;15;215;0;15;178;16;6;49;980;395;294;291;292;2;152;0;8;114;27;3;65;972;494;250;228;200;0;110;0;13;85;10;2;69;1003;731;111;161;131;0;92;0;24;57;8;3;106;959;766;80;113;64;0;56;0;9;42;4;1;710;1732;1518;96;118;53;0;53;0;24;26;2;1
SALVATERRA DE MAGOS;9;740;8;108;624;376;2;3;3;0;0;0;0;6;214;8;31;175;624;30;220;22;0;176;22;0;9;210;10;37;163;408;42;248;10;0;159;78;1;13;281;18;71;192;363;46;232;6;1;158;62;5;29;467;41;107;319;397;36;282;4;9;211;54;4;35;650;78;197;375;477;36;302;5;12;245;35;5;34;867;133;309;425;502;34;260;0;25;210;23;2;45;977;241;369;367;362;11;169;0;21;121;22;5;59;1095;428;331;336;277;2;125;0;15;91;13;6;76;1105;592;288;225;209;0;115;0;20;79;12;4;119;1093;827;117;149;135;0;85;0;18;62;2;3;137;1157;970;73;114;55;0;57;0;14;36;2;5;1184;1677;1472;95;110;53;0;54;0;20;30;3;1
SANTAREM;28;2063;25;285;1753;981;4;4;4;0;0;0;0;32;472;14;95;363;1690;42;751;56;0;598;94;3;45;451;23;70;358;935;90;1053;24;0;708;318;3;82;590;40;112;438;861;122;1063;17;5;707;328;6;74;948;56;201;691;1040;116;1194;15;42;859;263;15;77;1326;117;325;884;1267;87;1407;9;64;1121;185;28;100;1777;245;613;919;1284;58;1338;0;103;1013;194;28;103;1893;395;645;853;1075;46;995;0;96;742;125;32;132;2166;682;664;820;985;17;859;0;82;633;114;30;158;2381;1119;544;718;801;0;679;0;87;490;83;19;190;2539;1742;266;531;491;0;508;0;109;348;34;17;223;2762;2076;201;485;265;0;349;0;92;220;29;8;1797;5580;4620;351;609;308;0;386;0;153;207;17;9
ALTER DO CHAO;2;93;2;9;82;38;0;0;0;0;0;0;0;0;24;7;0;17;83;3;16;1;0;13;2;0;6;30;4;9;17;40;5;29;0;0;20;9;0;3;32;2;13;17;40;6;28;2;0;18;7;1;5;55;2;8;45;47;4;36;0;3;23;9;1;8;64;8;19;37;60;4;39;0;1;32;4;2;9;78;16;20;42;48;1;30;0;4;20;5;1;5;110;27;51;32;42;2;23;0;3;17;3;0;5;161;44;61;56;50;2;26;0;1;22;3;0;10;169;74;53;42;33;0;16;0;6;9;1;0;18;175;128;27;20;15;0;17;0;8;8;1;0;19;176;137;11;28;9;0;8;0;2;6;0;0;214;412;369;16;27;11;0;14;0;7;6;1;0
ARRONCHES;0;68;1;10;57;37;0;2;2;0;0;0;0;0;22;0;1;21;79;2;27;6;0;18;3;0;2;23;2;3;18;56;4;27;1;0;17;8;1;5;34;2;2;30;48;3;37;0;0;24;12;1;1;56;3;10;43;62;3;39;0;1;32;6;0;5;74;2;24;48;48;2;32;0;3;26;3;0;3;108;28;34;46;51;0;31;0;3;22;6;0;13;139;37;46;56;41;2;22;0;3;16;3;0;11;161;68;60;33;27;0;10;0;1;8;1;0;9;149;91;28;30;22;0;15;0;3;8;4;0;8;129;100;9;20;19;0;13;0;6;6;0;1;20;116;91;9;16;4;0;17;0;5;10;2;0;237;302;280;9;13;5;0;9;0;1;8;0;0
AVIS;2;100;5;19;76;53;1;0;0;0;0;0;0;2;48;8;11;29;95;4;25;2;0;16;7;0;5;43;10;7;26;67;8;31;0;0;24;7;0;3;51;5;8;38;68;6;33;2;0;25;6;0;6;66;12;10;44;60;2;39;2;0;29;8;0;10;101;12;30;59;77;0;40;0;2;27;11;0;15;136;25;45;66;60;4;53;0;5;37;7;4;15;148;39;56;53;56;2;27;0;0;23;4;0;12;171;66;53;52;48;0;23;0;2;17;4;0;16;229;112;59;58;51;0;22;0;6;15;1;0;15;237;171;28;38;26;0;14;0;4;7;1;2;39;199;151;21;27;22;0;15;0;5;8;1;1;287;369;327;26;16;17;0;10;0;3;7;0;0
CAMPO MAIOR;3;303;21;51;231;150;0;1;1;0;0;0;0;4;94;13;24;57;233;6;103;4;0;92;6;1;14;95;10;21;64;175;6;87;3;0;60;24;0;15;122;15;20;87;169;7;91;0;2;64;24;1;22;163;17;47;99;181;12;117;1;6;91;17;2;20;220;22;48;150;205;15;117;1;9;91;14;2;15;281;48;87;146;186;8;126;0;24;90;12;0;18;332;92;91;149;144;6;66;0;7;48;6;5;20;340;125;97;118;110;2;44;0;4;38;2;0;32;329;166;86;77;88;0;36;0;7;28;1;0;32;400;306;47;47;43;0;44;0;9;34;1;0;56;331;279;24;28;15;0;21;0;5;14;2;0;329;625;561;23;41;13;0;18;0;8;8;2;0
CASTELO DE VIDE;1;83;1;9;73;30;0;0;0;0;0;0;0;0;14;0;3;11;84;0;34;3;0;28;3;0;0;36;0;4;32;40;6;40;1;0;33;6;0;2;34;1;5;28;35;0;31;0;0;25;6;0;3;52;1;12;39;46;3;46;0;0;33;12;1;0;69;4;21;44;52;3;52;1;2;42;7;0;7;97;13;26;58;65;3;36;0;5;25;4;2;8;122;24;33;65;75;1;38;0;0;25;12;1;4;139;47;43;49;50;1;37;0;5;22;6;4;12;137;67;35;35;46;0;35;0;1;26;6;2;8;168;114;24;30;32;0;32;0;6;22;2;2;23;157;115;18;24;13;0;17;0;2;13;2;0;185;430;359;38;33;11;0;36;0;5;31;0;0
CRATO;3;85;0;10;75;27;0;0;0;0;0;0;0;2;22;2;1;19;63;2;30;0;0;27;3;0;3;21;3;3;15;37;2;33;1;0;21;11;0;0;24;2;5;17;42;4;26;0;0;20;6;0;3;41;5;10;26;37;2;42;1;0;36;5;0;8;65;6;16;43;63;5;41;0;1;35;5;0;11;95;13;35;47;59;2;36;0;7;27;2;0;11;127;41;44;42;51;3;25;0;0;25;0;0;14;179;62;47;70;38;2;24;0;1;22;1;0;15;174;85;54;35;33;0;16;0;2;12;2;0;17;204;148;31;25;20;0;10;0;2;7;1;0;21;254;211;23;20;14;0;5;0;3;2;0;0;220;502;444;23;35;14;0;8;0;5;3;0;0
ELVAS;18;710;17;114;579;372;1;3;3;0;0;0;0;22;185;14;44;127;611;10;236;17;0;180;39;0;15;217;19;34;164;466;34;269;6;0;181;81;1;29;281;37;61;183;419;29;261;3;0;174;78;6;45;368;48;88;232;429;31;283;2;11;202;68;0;38;509;84;127;298;460;22;311;2;21;221;54;13;46;646;116;244;286;427;23;294;0;29;222;32;11;49;836;195;302;339;424;12;232;0;27;165;31;9;69;953;350;303;300;367;0;179;0;18;132;18;11;71;967;450;231;286;330;0;175;0;20;138;10;7;72;844;574;114;156;184;0;120;0;30;81;7;2;105;877;656;77;144;92;0;100;0;42;51;2;5;794;1672;1358;126;188;97;0;97;0;42;49;2;4
FRONTEIRA;1;92;0;18;74;36;0;0;0;0;0;0;0;1;13;0;1;12;79;2;21;1;0;19;1;0;1;18;2;6;10;37;7;29;0;0;22;7;0;0;30;2;3;25;64;8;18;1;0;14;3;0;2;41;1;9;31;56;6;38;0;0;31;7;0;3;81;11;16;54;63;2;45;0;2;32;11;0;3;93;15;27;51;43;2;28;0;1;23;2;2;5;109;22;49;38;37;3;27;0;5;19;3;0;7;145;43;50;52;52;0;18;0;0;14;3;1;6;174;80;54;40;31;0;26;0;4;17;4;1;14;188;135;31;22;14;0;21;0;10;10;0;1;18;167;127;16;24;4;0;8;0;3;5;0;0;197;302;265;15;22;9;0;15;0;4;9;0;2
GAVIAO;2;77;0;6;71;40;0;0;0;0;0;0;0;0;21;0;0;21;77;0;17;1;0;10;6;0;0;28;0;8;20;42;2;32;2;0;20;10;0;2;23;2;4;17;46;1;16;0;0;14;2;0;1;50;7;7;36;52;3;30;1;0;21;8;0;3;76;10;19;47;60;2;20;0;0;16;4;0;4;129;26;44;59;59;3;31;0;4;25;1;1;3;162;33;56;73;31;2;12;0;1;9;2;0;8;179;56;57;66;49;0;17;0;3;11;2;1;13;230;104;65;61;27;0;19;0;4;14;1;0;11;216;167;19;30;20;0;15;0;4;11;0;0;18;214;174;15;25;10;0;12;0;6;4;2;0;235;654;602;18;34;11;0;12;0;4;7;1;0
MARVAO;1;85;1;8;76;25;0;0;0;0;0;0;0;2;18;0;3;15;59;2;34;4;0;25;5;0;0;25;2;2;21;37;1;40;0;0;23;17;0;6;38;2;6;30;36;1;35;0;1;24;10;0;3;50;4;5;41;52;2;36;0;3;23;9;1;6;72;8;14;50;43;2;44;0;2;36;5;1;6;109;12;46;51;50;2;34;0;3;26;1;4;5;137;24;63;50;53;1;22;0;2;14;6;0;11;167;64;48;55;39;0;31;0;5;22;4;0;15;177;88;54;35;30;0;15;0;1;9;3;2;11;182;138;26;18;20;0;23;0;9;10;1;3;20;175;136;21;18;13;0;20;0;6;8;5;1;215;380;317;31;32;4;0;11;0;4;5;2;0
MONFORTE;5;121;12;27;82;54;0;0;0;0;0;0;0;3;57;11;8;38;50;1;33;1;0;29;3;0;6;65;21;13;31;42;0;34;0;0;25;9;0;7;49;14;9;26;43;0;36;1;1;23;10;1;11;57;13;8;36;40;1;27;1;0;18;8;0;13;78;24;20;34;69;4;24;1;1;21;1;0;24;84;16;25;43;51;0;32;0;4;23;4;1;20;120;23;44;53;27;2;18;0;4;9;5;0;18;131;43;54;34;45;0;19;0;2;13;3;1;22;143;78;33;32;21;0;10;0;1;7;2;0;7;145;95;22;28;14;0;9;0;2;4;1;2;21;129;107;12;10;7;0;7;0;2;5;0;0;195;314;278;20;16;4;0;9;0;2;6;1;0
NISA;2;155;0;24;131;74;0;0;0;0;0;0;0;1;43;2;8;33;137;3;56;3;0;49;4;0;1;37;2;5;30;66;6;57;2;0;36;19;0;4;60;8;13;39;57;7;69;0;0;57;12;0;8;63;5;12;46;81;5;64;0;0;52;12;0;6;134;13;37;84;117;7;76;1;8;60;7;0;8;180;33;46;101;103;7;59;0;9;42;7;1;14;243;61;74;108;95;1;56;0;6;45;3;2;16;304;107;87;110;98;0;57;0;8;47;1;1;21;305;134;82;89;65;0;44;0;4;37;3;0;27;378;272;49;57;49;0;26;0;7;16;2;1;39;427;363;28;36;24;0;23;0;5;17;1;0;462;917;832;30;55;17;0;36;0;14;21;0;1
PONTE DE SOR;4;468;1;64;403;213;0;1;1;0;0;0;0;4;110;3;15;92;426;6;151;8;0;119;24;0;12;148;6;28;114;296;14;196;9;0;129;57;1;9;212;13;50;149;267;14;172;1;0;123;47;1;21;280;24;60;196;264;18;194;1;7;143;38;5;19;410;55;105;250;325;14;189;1;15;149;21;3;25;555;119;170;266;311;16;174;0;21;144;9;0;32;682;231;235;216;240;6;127;0;10;100;16;1;48;834;376;244;214;215;1;101;0;9;83;6;3;61;889;489;212;188;188;0;105;0;8;85;10;2;85;846;607;106;133;83;0;83;0;20;56;7;0;106;755;627;68;60;39;0;45;0;18;24;3;0;924;1414;1258;80;76;42;0;41;0;18;21;1;1
PORTALEGRE;7;715;2;104;609;379;2;1;1;0;0;0;0;3;155;6;27;122;646;12;285;8;0;242;35;0;7;146;9;17;120;340;17;370;6;0;254;110;0;15;224;7;36;181;290;39;369;4;0;254;108;3;24;335;12;54;269;426;20;504;4;14;377;104;5;21;474;35;102;337;490;20;584;0;42;452;76;14;28;637;89;190;358;472;22;530;0;65;366;81;18;38;755;157;268;330;350;14;391;0;30;290;57;14;37;934;299;264;371;359;1;305;0;20;241;32;12;55;1029;498;220;311;323;0;279;0;26;214;34;5;85;1085;725;120;240;178;0;226;0;42;152;24;8;79;1110;814;82;214;110;0;130;0;30;90;4;6;933;1947;1610;104;233;89;0;156;0;74;75;4;3
SOUSEL;0;124;2;11;111;57;0;0;0;0;0;0;0;2;46;3;4;39;118;2;43;4;0;34;5;0;4;32;3;4;25;71;9;45;2;0;25;18;0;5;60;9;8;43;50;5;36;0;0;27;9;0;5;71;4;12;55;89;9;45;0;1;33;10;1;7;133;20;25;88;89;9;55;0;2;46;6;1;3;170;33;42;95;71;4;50;0;8;34;7;1;4;187;48;54;85;71;3;40;0;5;32;3;0;10;201;64;60;77;62;1;31;0;3;22;3;3;15;219;100;49;70;44;0;24;0;0;19;3;2;11;230;152;36;42;22;0;14;0;2;11;0;1;28;246;196;22;28;11;0;14;0;3;8;2;1;342;502;457;20;25;6;0;17;0;3;10;3;1
ALANDROAL;0;122;1;19;102;61;1;0;0;0;0;0;0;0;34;2;5;27;143;5;31;2;0;28;1;0;2;46;1;9;36;91;4;37;0;0;31;6;0;1;68;4;13;51;98;8;36;0;0;26;10;0;4;136;15;41;80;78;15;42;0;1;33;7;1;3;152;23;46;83;97;8;44;0;1;33;10;0;9;201;40;92;69;78;8;46;0;4;37;5;0;15;274;99;92;83;64;4;24;0;5;15;3;1;18;318;147;101;70;52;0;20;0;2;11;6;1;20;309;181;68;60;47;0;22;0;3;12;6;1;29;273;214;30;29;16;0;21;0;2;13;4;2;30;259;212;26;21;12;0;7;0;3;3;0;1;400;545;508;13;24;8;0;8;0;5;2;0;1
ARRAIOLOS;2;192;0;29;163;106;0;0;0;0;0;0;0;2;38;1;3;34;169;3;95;5;0;76;14;0;0;45;1;8;36;125;14;80;1;0;58;20;1;2;65;4;11;50;118;11;82;2;0;55;23;2;5;148;11;33;104;140;20;86;2;4;59;18;3;5;170;13;52;105;180;7;97;2;1;72;17;5;13;257;46;84;127;150;9;98;0;8;74;11;5;14;271;61;102;108;100;3;51;0;2;34;13;2;12;391;140;122;129;96;0;49;0;5;32;10;2;13;330;160;84;86;66;0;37;0;1;29;4;3;29;359;265;42;52;37;0;33;0;7;21;2;3;42;332;267;21;44;24;0;23;0;7;12;3;1;378;612;551;26;35;15;0;19;0;6;9;2;2
BORBA;1;163;8;21;134;97;2;0;0;0;0;0;0;10;37;8;9;20;176;12;54;3;0;43;8;0;10;53;9;6;38;103;6;73;2;0;50;21;0;13;93;13;24;56;100;12;67;0;0;53;11;3;9;103;9;32;62;112;7;63;0;0;55;8;0;12;144;23;35;86;164;5;85;0;3;70;11;1;14;247;48;75;124;153;4;76;0;4;64;6;2;27;317;87;115;115;122;3;50;0;7;33;9;1;24;392;135;132;125;105;0;29;0;1;24;4;0;28;344;173;96;75;54;0;37;0;2;33;2;0;18;337;252;43;42;28;0;18;0;2;14;1;1;47;331;275;21;35;17;0;13;0;4;7;1;1;400;631;580;18;33;10;0;16;0;6;10;0;0
ESTREMOZ;10;358;7;63;288;191;0;0;0;0;0;0;0;11;96;4;28;64;327;17;126;4;0;99;23;0;13;90;16;16;58;244;20;161;2;0;108;50;1;20;164;21;31;112;235;19;165;1;1;119;44;0;16;183;10;41;132;248;20;185;2;10;130;41;2;25;269;32;71;166;279;16;206;1;12;163;25;5;26;404;57;140;207;265;15;185;0;12;145;24;4;41;575;130;202;243;270;9;136;0;11;101;21;3;42;653;200;187;266;219;1;124;0;10;96;15;3;26;556;270;115;171;194;0;94;0;10;69;11;4;48;568;402;69;97;94;0;101;0;19;69;10;3;65;530;403;52;75;52;0;34;0;8;22;3;1;801;1270;1101;85;84;59;0;61;0;25;30;4;2
EVORA;13;1807;7;250;1550;923;2;3;3;0;0;0;0;17;336;4;44;288;1630;42;843;19;0;711;113;0;25;399;24;64;311;987;94;1131;15;0;671;438;7;38;638;39;123;476;955;99;1095;16;4;625;422;28;39;786;64;170;552;1120;129;1299;9;28;879;339;44;57;1077;123;291;663;1388;112;1480;2;70;1066;286;56;73;1307;227;368;712;1219;75;1303;0;73;952;206;72;91;1587;370;534;683;986;65;1124;0;67;766;189;102;73;1860;573;565;722;927;9;944;0;52;640;156;96;112;1989;875;485;629;807;0;749;0;72;481;113;83;142;2235;1352;355;528;485;0;652;0;118;428;61;45;177;2145;1477;230;438;278;0;388;0;110;234;30;14;1448;4007;3132;334;541;260;0;412;0;153;211;23;25
MONTEMOR-O-NOVO;6;499;1;74;424;210;1;1;1;0;0;0;0;4;119;2;19;98;411;14;146;3;0;122;21;0;11;131;7;20;104;234;28;238;5;0;149;82;2;17;203;15;36;152;243;25;232;3;1;157;69;2;14;321;27;92;202;325;28;250;2;4;183;53;8;23;424;35;140;249;359;19;272;0;18;199;49;6;28;538;109;185;244;311;18;240;0;23;180;30;7;32;595;142;229;224;269;7;151;0;12;119;16;4;34;690;300;195;195;223;0;119;0;10;87;15;7;52;794;442;167;185;182;0;111;0;12;76;17;6;62;782;579;87;116;92;0;110;0;27;67;9;7;88;824;673;56;95;49;0;66;0;16;41;4;5;941;1656;1499;58;99;44;0;65;0;30;25;4;6
MORA;2;103;0;15;88;48;0;0;0;0;0;0;0;3;27;0;3;24;100;4;30;1;0;28;1;0;3;29;2;4;23;71;0;37;1;0;24;12;0;2;42;3;7;32;50;8;37;1;1;26;8;1;2;85;12;20;53;72;4;26;0;0;20;5;1;4;105;9;31;65;74;3;44;0;3;32;6;3;7;122;20;35;67;53;1;44;0;2;37;5;0;5;167;47;56;64;46;1;39;0;4;27;7;1;9;207;82;53;72;53;0;24;0;1;20;3;0;18;284;137;70;77;33;0;36;0;9;25;1;1;17;314;227;41;46;27;0;26;0;5;17;1;3;33;275;234;12;29;9;0;14;0;6;7;0;1;309;555;525;9;21;6;0;18;0;5;12;1;0
MOURAO;0;99;6;31;62;24;1;0;0;0;0;0;0;0;50;4;10;36;51;0;13;3;0;9;1;0;2;39;5;10;24;40;3;22;1;0;16;5;0;11;44;3;8;33;39;3;13;0;0;11;2;0;7;45;12;13;20;39;3;21;0;1;18;2;0;7;61;14;16;31;48;2;15;0;0;14;1;0;8;87;22;22;43;36;0;18;0;3;12;3;0;11;104;34;30;40;43;1;17;0;2;9;6;0;14;101;40;23;38;46;0;12;0;0;11;1;0;11;126;72;27;27;23;0;12;0;2;8;1;1;22;130;90;21;19;16;0;10;0;3;5;1;1;10;113;90;9;14;4;0;4;0;1;2;1;0;136;200;181;4;15;4;0;9;0;4;2;0;3
PORTEL;0;163;2;24;137;83;1;0;0;0;0;0;0;2;39;5;10;24;231;5;32;4;0;26;1;1;2;54;3;6;45;116;8;59;3;0;39;16;1;2;91;10;13;68;114;8;69;1;0;53;15;0;13;119;12;29;78;119;8;66;1;1;44;18;2;7;161;25;54;82;133;6;54;0;1;43;8;2;15;246;60;71;115;103;3;50;0;6;41;2;1;13;305;104;103;98;71;1;39;0;2;34;1;2;17;305;127;101;77;64;0;24;0;1;18;3;2;15;320;185;87;48;52;0;16;0;2;12;2;0;20;336;281;29;26;23;0;21;0;10;9;1;1;41;330;285;23;22;4;0;11;0;5;5;1;0;301;554;529;12;13;4;0;12;0;4;6;1;1
REDONDO;1;200;3;35;162;103;0;0;0;0;0;0;0;1;53;2;14;37;179;6;65;6;0;53;6;0;4;54;0;16;38;150;10;61;1;0;36;23;1;6;118;12;33;73;114;11;64;2;0;39;23;0;5;163;20;41;102;123;7;56;1;2;39;13;1;8;210;36;55;119;146;6;86;0;5;67;10;4;14;249;55;88;106;115;9;66;0;7;49;9;1;23;287;100;90;97;105;2;60;0;5;44;7;4;16;337;145;125;67;73;1;27;0;0;22;5;0;30;331;174;79;78;61;0;28;0;3;22;2;1;35;321;243;36;42;30;0;33;0;9;21;2;1;28;301;248;25;28;13;0;16;0;4;10;2;0;353;570;528;23;19;13;0;21;0;10;10;0;1
REGUENGOS DE MONSARAZ;4;354;2;60;292;138;0;0;0;0;0;0;0;5;110;6;16;88;269;9;91;3;0;78;10;0;17;103;12;24;67;174;18;125;1;0;85;39;0;12;150;19;37;94;176;17;123;2;0;88;31;2;18;200;23;53;124;197;11;124;0;4;88;31;1;18;225;37;63;125;245;14;173;2;8;131;29;3;34;359;70;125;164;209;6;141;0;8;104;26;3;33;402;118;145;139;176;3;90;0;10;58;19;3;32;474;190;142;142;142;1;61;0;9;46;6;0;39;528;300;131;97;117;0;62;0;8;49;4;1;54;473;360;47;66;70;0;45;0;7;32;5;1;59;445;370;36;39;22;0;28;0;16;9;3;0;487;900;799;51;50;15;0;29;0;11;16;0;2
VENDAS NOVAS;2;378;3;42;333;200;0;1;1;0;0;0;0;9;86;2;14;70;339;17;120;8;0;95;17;0;13;95;6;18;71;219;22;139;4;0;85;50;0;11;147;9;25;113;188;19;109;1;0;69;38;1;15;198;11;44;143;224;20;149;2;6;98;39;4;22;309;28;74;207;278;29;169;1;12;139;14;3;19;377;39;124;214;301;12;190;0;17;141;27;5;28;406;82;144;180;208;10;125;0;13;86;23;3;22;423;150;132;141;149;2;95;0;11;64;16;4;25;470;246;101;123;104;0;66;0;7;54;3;2;42;536;388;65;83;56;0;44;0;5;36;2;1;74;675;554;52;69;36;0;31;0;9;21;1;0;490;1257;1092;78;87;28;0;51;0;25;26;0;0
VIANA DO ALENTEJO;0;183;0;22;161;94;0;0;0;0;0;0;0;0;50;2;7;41;147;6;56;2;0;50;4;0;2;46;1;12;33;103;5;66;0;0;44;22;0;7;84;5;21;58;114;8;67;2;0;46;18;1;6;109;8;24;77;117;8;72;0;1;51;17;3;12;146;13;43;90;116;7;64;0;4;48;11;1;10;200;36;48;116;114;4;71;0;7;48;11;5;11;224;61;77;86;85;4;37;0;3;31;2;1;25;279;109;89;81;60;0;33;0;3;23;6;1;14;300;160;84;56;57;0;21;0;6;11;2;2;30;211;147;34;30;25;0;28;0;6;20;2;0;36;226;188;19;19;9;0;12;0;1;9;0;2;337;448;387;33;28;9;0;19;0;3;14;1;1
VILA VICOSA;1;222;0;35;187;131;0;0;0;0;0;0;0;2;53;0;6;47;207;11;79;6;0;72;1;0;3;60;2;9;49;133;10;113;1;0;81;31;0;8;99;3;25;71;128;14;74;1;1;50;21;1;4;157;10;43;104;166;16;87;0;2;65;18;2;7;177;20;48;109;184;8;97;0;7;70;17;3;14;288;53;92;143;156;11;82;0;9;62;10;1;23;344;110;118;116;148;5;60;0;2;51;6;1;15;428;160;156;112;129;0;60;0;5;48;6;1;24;427;195;130;102;112;0;56;0;7;38;10;1;32;366;279;50;37;43;0;63;0;21;34;5;3;37;333;267;25;41;20;0;24;0;4;17;1;2;372;604;532;29;43;18;0;34;0;14;16;2;2
ALBUFEIRA;30;1499;21;204;1274;721;1;3;3;0;0;0;0;85;553;24;69;460;1310;38;399;19;0;322;58;0;150;636;45;68;523;1155;82;677;16;0;484;176;1;207;751;39;134;578;1082;88;682;13;15;480;171;3;179;870;54;149;667;1113;101;782;6;74;554;138;10;189;1158;103;272;783;1247;103;905;5;101;664;118;17;193;1436;201;440;795;1175;77;697;0;101;490;90;16;193;1664;371;568;725;1002;49;483;0;74;329;66;14;216;1810;583;537;690;892;7;379;0;67;249;50;13;276;1732;812;381;539;688;0;281;0;46;170;48;17;339;1500;984;194;322;443;0;278;0;61;165;36;16;273;1409;953;139;317;182;0;198;0;50;98;32;18;837;2215;1802;133;280;177;0;166;0;51;84;19;12
ALCOUTIM;0;59;0;5;54;21;0;0;0;0;0;0;0;0;8;0;0;8;55;1;24;2;0;19;3;0;0;19;0;1;18;28;4;21;0;0;17;4;0;0;12;0;2;10;27;5;22;0;1;17;4;0;0;35;2;4;29;25;1;15;0;1;11;3;0;1;57;1;15;41;42;0;23;0;0;19;4;0;2;73;13;28;32;46;1;14;0;0;12;2;0;3;88;17;44;27;46;1;17;0;1;13;3;0;7;129;49;42;38;27;0;15;0;2;12;1;0;9;141;79;33;29;30;0;12;0;2;8;2;0;21;179;121;31;27;19;0;14;0;5;5;3;1;21;212;164;26;22;11;0;16;0;7;9;0;0;280;402;354;28;20;13;0;11;0;4;6;1;0
ALJEZUR;2;161;2;16;143;72;0;0;0;0;0;0;0;4;56;1;4;51;133;5;48;3;0;41;4;0;15;62;4;11;47;122;10;67;3;0;47;17;0;12;79;4;21;54;136;2;95;2;2;59;31;1;15;112;5;27;80;148;6;97;1;12;57;26;1;24;138;5;29;104;136;15;125;0;13;79;30;3;18;175;18;62;95;152;8;124;0;17;76;29;2;27;206;31;86;89;102;5;78;0;10;54;13;1;30;250;94;61;95;88;0;46;0;5;27;12;2;50;251;138;41;72;71;0;67;0;12;45;8;2;59;233;169;22;42;68;0;38;0;9;16;10;3;64;254;183;18;53;40;0;22;0;3;11;7;1;323;452;383;25;44;39;0;34;0;10;13;6;5
CASTRO MARIM;4;166;1;19;146;87;0;0;0;0;0;0;0;2;60;4;9;47;161;7;58;2;0;49;7;0;2;67;3;11;53;96;15;67;0;0;56;11;0;5;95;7;10;78;116;12;63;1;0;52;10;0;5;134;8;28;98;101;5;79;2;2;60;15;0;10;129;7;34;88;124;10;74;1;10;54;9;0;13;228;27;93;108;129;6;70;0;3;54;12;1;19;261;55;113;93;108;9;68;0;4;53;11;0;24;301;104;73;124;84;0;47;0;7;34;4;2;33;331;186;71;74;103;0;53;0;6;36;8;3;38;348;241;50;57;78;0;56;0;16;31;6;3;44;404;311;31;62;30;0;36;0;13;17;5;1;343;635;545;34;56;32;0;49;0;16;32;0;1
FARO;21;2275;21;346;1908;1069;0;1;1;0;0;0;0;57;686;36;111;539;2025;55;835;16;0;700;119;0;96;689;69;102;518;1385;98;1454;22;0;1001;422;9;112;809;82;157;570;1269;120;1552;15;9;993;502;33;129;1094;86;229;779;1352;112;1956;18;100;1336;441;61;136;1307;141;291;875;1512;109;2145;6;137;1588;320;94;132;1633;273;445;915;1530;112;1948;0;185;1408;266;89;156;1976;480;567;929;1357;81;1290;0;141;869;169;111;193;2024;687;479;858;1235;8;957;0;89;633;144;91;260;2252;997;452;803;1104;0;885;0;117;591;108;69;215;2404;1485;311;608;747;0;731;0;129;496;69;37;280;2544;1601;241;702;410;0;444;0;111;259;43;31;1283;4773;3606;322;845;437;0;568;0;177;339;25;27
LAGOA;10;827;4;104;719;403;0;0;0;0;0;0;0;21;305;7;40;258;684;15;212;12;0;173;27;0;25;288;13;45;230;459;36;295;9;0;208;77;1;25;401;34;82;285;431;46;330;7;4;232;82;5;35;507;38;96;373;452;42;363;7;37;241;74;4;31;570;63;131;376;573;39;404;2;49;297;52;4;55;847;102;294;451;556;30;376;0;59;264;45;8;79;1003;219;321;463;424;28;257;0;38;173;40;6;129;1034;336;313;385;432;1;185;0;34;122;26;3;166;955;442;196;317;367;0;199;0;43;110;34;12;202;1012;671;142;199;267;0;179;0;30;110;30;9;222;979;689;63;227;132;0;122;0;27;73;12;10;571;1628;1291;90;247;119;0;120;0;29;69;14;8
LAGOS;20;1134;6;139;989;483;0;1;1;0;0;0;0;35;386;8;45;333;918;28;273;17;0;215;41;0;66;408;14;46;348;614;59;420;4;0;298;115;3;78;481;22;87;372;633;66;478;5;10;320;136;7;67;576;35;89;452;654;54;545;5;51;372;105;12;84;801;52;166;583;821;57;639;2;72;466;89;10;105;936;122;289;525;758;62;625;0;85;461;68;11;116;1080;212;364;504;725;44;420;0;58;287;61;14;221;1267;371;380;516;668;8;408;0;62;263;70;13;373;1176;515;257;404;612;0;425;0;88;229;97;11;435;1217;769;162;286;465;0;408;0;103;208;72;25;359;1249;764;121;364;225;0;265;0;52;152;40;21;934;2253;1721;137;395;257;0;222;0;62;115;28;17
LOULE;41;2341;13;335;1993;1129;1;6;6;0;0;0;0;73;720;20;73;627;2025;70;638;28;0;533;77;0;116;848;33;95;720;1620;116;926;26;0;650;247;3;115;1038;42;149;847;1525;115;1147;19;18;794;306;10;151;1410;106;240;1064;1647;125;1386;20;98;973;277;18;181;1824;162;412;1250;1850;128;1413;8;138;1039;199;29;228;2280;332;645;1303;1788;115;1252;0;150;906;166;30;232;2624;600;836;1188;1387;80;844;0;124;555;116;49;325;2775;1024;732;1019;1284;13;730;0;112;483;105;30;427;2939;1458;613;868;1044;0;556;0;102;373;63;18;522;2891;1993;358;540;742;0;529;0;97;338;57;37;539;2866;2113;234;519;327;0;378;0;107;191;48;32;1945;5508;4666;313;529;315;0;348;0;108;167;44;29
MONCHIQUE;4;142;1;18;123;39;0;0;0;0;0;0;0;0;38;1;9;28;135;5;42;1;0;36;5;0;0;47;2;4;41;83;3;74;0;0;52;22;0;6;45;2;8;35;111;5;64;1;0;45;18;0;2;87;7;19;61;87;7;64;0;6;48;9;1;11;121;10;18;93;101;2;69;1;3;52;12;1;19;160;19;45;96;101;5;57;0;7;39;11;0;27;236;52;84;100;92;7;26;0;3;19;3;1;40;295;139;69;87;89;0;55;0;12;35;6;2;41;313;205;44;64;78;0;38;0;9;22;6;1;63;280;212;30;38;47;0;40;0;7;23;9;1;73;279;213;17;49;19;0;34;0;13;14;2;5;396;562;503;20;39;18;0;28;0;9;15;1;3
OLHAO;20;1632;14;265;1353;748;1;4;4;0;0;0;0;33;501;10;66;425;1187;31;397;12;0;340;45;0;43;617;28;102;487;895;53;551;12;0;390;144;5;72;738;55;143;540;868;67;579;11;5;393;165;5;83;1050;93;227;730;978;91;733;6;41;514;151;21;87;1296;162;328;806;1151;61;899;1;60;685;129;24;120;1583;286;456;841;1074;62;812;0;89;606;97;20;110;1637;409;568;660;839;34;483;0;48;346;63;26;186;1745;650;491;604;641;4;377;0;50;254;56;17;202;1746;847;379;520;599;0;281;0;39;185;40;17;280;1862;1239;255;368;423;0;282;0;56;169;36;21;293;2011;1482;172;357;232;0;212;0;64;92;36;20;1003;3236;2675;190;371;208;0;189;0;76;94;11;8
PORTIMAO;23;2079;18;291;1770;993;3;6;6;0;0;0;0;59;629;21;89;519;1677;45;524;20;0;436;68;0;84;673;38;104;531;1260;89;925;20;0;685;216;4;119;873;51;162;660;1271;95;1093;19;14;730;319;11;141;1138;75;182;881;1326;113;1408;14;99;1009;268;18;142;1400;117;262;1021;1463;126;1416;4;132;1069;187;24;181;1767;232;448;1087;1426;117;1320;0;175;948;164;33;182;1942;376;601;965;1212;67;762;0;94;534;106;28;236;1959;594;593;772;1032;9;616;0;88;446;66;16;266;2108;947;453;708;878;0;574;0;89;390;83;12;366;2254;1387;291;576;690;0;577;0;118;368;64;27;345;2396;1574;232;590;322;0;345;0;72;221;37;15;1337;4147;3216;311;620;340;0;312;0;100;173;21;18
SAO BRAS DE ALPORTEL;2;335;3;43;289;188;0;0;0;0;0;0;0;1;108;2;11;95;291;7;98;3;0;81;13;1;3;113;4;13;96;212;21;151;4;0;110;37;0;13;139;5;17;117;242;18;177;1;0;121;53;2;13;185;10;31;144;237;18;230;4;12;160;52;2;22;241;22;61;158;261;15;266;2;13;204;40;7;25;324;57;92;175;283;11;276;0;28;209;31;8;43;382;93;125;164;215;19;148;0;13;99;28;8;34;402;135;122;145;207;1;114;0;14;78;17;5;67;434;220;94;120;142;0;85;0;10;55;13;7;94;477;329;52;96;112;0;97;0;12;69;12;4;104;458;331;38;89;58;0;68;0;15;37;10;6;355;965;836;51;78;68;0;70;0;21;39;4;6
SILVES;20;1178;9;181;988;533;1;2;2;0;0;0;0;23;430;16;47;367;934;25;284;16;0;232;35;1;43;470;18;53;399;794;62;408;14;0;280;114;0;44;601;35;102;464;753;61;502;8;8;356;127;3;66;920;62;167;691;834;73;611;4;49;443;107;8;82;1079;109;270;700;948;73;707;1;57;546;91;12;88;1206;170;379;657;904;42;536;0;52;424;49;11;129;1444;368;499;577;643;29;306;0;40;227;35;4;179;1625;606;445;574;643;5;265;0;41;179;36;9;263;1562;769;297;496;567;0;226;0;44;152;24;6;328;1599;1054;186;359;445;0;218;0;48;129;27;14;339;1595;1110;141;344;193;0;135;0;36;77;14;8;1393;2879;2402;163;314;181;0;131;0;39;68;11;13
TAVIRA;11;827;6;92;729;383;3;2;2;0;0;0;0;21;254;10;20;224;627;20;241;4;0;205;32;0;40;275;7;33;235;466;29;298;9;0;196;92;1;43;373;29;60;284;508;50;311;8;5;213;80;5;57;515;41;106;368;534;58;427;8;29;319;65;6;53;656;51;165;440;597;49;519;5;38;392;73;11;62;784;128;269;387;597;31;493;0;66;339;76;12;100;941;259;318;364;553;22;339;0;31;246;48;14;153;1069;417;335;317;495;2;267;0;40;173;42;12;263;1089;548;222;319;456;0;297;0;52;181;52;12;379;1141;737;174;230;438;0;312;0;64;159;65;24;349;1294;882;125;287;193;0;233;0;46;114;48;25;1108;2220;1783;165;272;192;0;205;0;50;118;23;14
VILA DO BISPO;3;162;0;14;148;79;0;0;0;0;0;0;0;4;45;0;3;42;125;3;31;2;0;27;2;0;7;48;0;6;42;111;11;58;3;0;40;15;0;9;83;1;16;66;131;5;95;1;3;63;26;2;13;97;1;18;78;120;6;96;1;14;56;25;0;16;148;10;29;109;166;9;86;0;15;54;17;0;16;151;20;67;64;146;8;89;0;10;69;10;0;25;218;38;86;94;122;3;56;0;15;34;5;2;29;241;79;82;80;93;2;44;0;5;29;9;1;39;230;107;56;67;86;0;45;0;6;24;13;2;59;259;189;27;43;69;0;54;0;14;27;10;3;75;242;179;20;43;31;0;22;0;6;12;3;1;243;477;404;20;53;22;0;25;0;9;9;3;4
VILA REAL DE SANTO ANTONIO;4;688;5;115;568;319;0;0;0;0;0;0;0;4;240;6;26;208;452;17;151;5;0;128;18;0;16;252;11;30;211;368;35;190;4;0;135;49;2;16;321;21;63;237;345;48;188;3;1;135;46;3;48;441;39;89;313;366;32;224;2;12;160;46;4;47;542;56;120;366;413;31;270;2;14;219;33;2;46;611;129;209;273;437;26;264;0;29;208;23;4;41;703;187;226;290;341;15;182;0;18;133;23;8;64;793;290;222;281;286;2;119;0;16;89;13;1;95;852;390;204;258;293;0;143;0;19;100;19;5;161;918;595;123;200;204;0;148;0;42;90;10;6;148;969;691;87;191;106;0;111;0;40;59;6;6;432;1524;1255;97;172;101;0;99;0;36;49;6;8
ANGRA DO HEROISMO;25;1300;37;262;1001;508;4;3;3;0;0;0;0;15;493;30;105;358;1005;64;345;17;0;281;47;0;27;590;40;139;411;641;100;549;12;0;334;200;3;34;844;86;207;551;640;112;600;12;1;348;233;6;45;1097;98;314;685;579;64;647;3;13;468;148;15;65;1256;148;466;642;580;38;660;0;16;547;80;17;90;1451;279;665;507;457;38;570;0;28;457;66;19;107;1537;508;637;392;401;18;388;0;13;309;50;16;123;1675;947;373;355;338;2;347;0;19;268;43;17;126;1563;1097;193;273;309;0;296;0;25;219;33;19;188;1444;1157;90;197;189;0;264;0;67;170;17;10;140;1191;929;90;172;109;0;130;0;48;68;6;8;498;2071;1757;104;210;105;0;182;0;81;89;9;3
CALHETA;3;122;0;17;105;57;2;1;1;0;0;0;0;0;41;1;5;35;82;1;35;3;0;28;4;0;2;46;0;11;35;77;9;38;1;0;31;6;0;1;95;3;23;69;46;5;41;0;0;29;12;0;7;131;13;41;77;64;8;36;0;1;27;5;3;6;150;19;73;58;49;4;43;0;2;36;5;0;6;167;36;84;47;45;0;35;0;1;30;3;1;13;189;79;66;44;30;2;20;0;1;15;4;0;18;192;133;35;24;17;0;11;0;1;8;2;0;14;208;161;26;21;15;0;13;0;5;8;0;0;17;181;166;5;10;4;0;11;0;6;4;1;0;16;170;156;6;8;3;0;6;0;2;4;0;0;106;291;272;7;12;4;0;4;0;2;2;0;0
CORVO;0;17;0;3;14;6;0;0;0;0;0;0;0;1;9;0;3;6;11;0;1;0;0;1;0;0;0;7;0;1;6;7;0;1;0;0;1;0;0;0;10;1;0;9;7;1;5;0;1;3;1;0;0;19;1;3;15;8;1;7;0;0;4;3;0;1;21;2;9;10;15;0;5;0;0;4;1;0;2;21;2;15;4;11;0;5;0;1;3;1;0;0;15;2;8;5;5;0;2;0;0;2;0;0;0;22;8;11;3;2;0;4;0;0;3;1;0;4;17;14;2;1;2;0;4;0;0;4;0;0;3;16;15;1;0;0;0;1;0;0;1;0;0;1;14;14;0;0;0;0;1;0;0;0;1;0;4;18;16;0;2;0;0;1;0;0;0;1;0
HORTA;15;536;6;87;443;193;0;0;0;0;0;0;0;8;198;5;38;155;402;21;145;5;0;121;19;0;10;171;4;37;130;286;37;214;6;0;121;86;1;19;261;17;47;197;270;61;223;3;0;131;85;4;9;369;20;95;254;304;54;255;2;1;183;58;11;18;527;51;189;287;350;32;296;0;5;236;40;15;37;599;116;253;230;281;14;234;0;11;177;29;17;40;701;200;290;211;194;6;145;0;12;107;16;10;61;706;328;218;160;176;1;126;0;6;97;16;7;52;630;396;113;121;142;0;116;0;18;76;13;9;76;573;412;71;90;112;0;98;0;32;57;6;3;54;591;461;43;87;47;0;62;0;22;34;3;3;133;992;843;50;99;47;0;72;0;39;30;1;2
LAGOA;17;690;14;130;546;284;0;0;0;0;0;0;0;22;340;17;83;240;419;18;137;7;0;115;15;0;21;356;24;72;260;287;28;188;1;0;108;79;0;30;501;71;162;268;262;33;178;4;0;105;69;0;35;545;84;183;278;220;21;190;2;3;135;47;3;79;711;159;275;277;242;20;218;0;5;182;27;4;68;804;239;354;211;151;9;161;0;7;137;14;3;63;730;297;292;141;116;3;111;0;5;83;16;7;75;698;359;218;121;98;1;89;0;2;64;19;4;73;552;305;168;79;79;0;51;0;4;32;8;7;50;452;383;21;48;40;0;56;0;8;36;8;4;46;365;311;19;35;21;0;46;0;15;30;1;0;195;502;453;18;31;19;0;28;0;6;17;2;3
LAJES DAS FLORES;2;52;0;16;36;16;0;0;0;0;0;0;0;0;29;1;6;22;43;1;10;0;0;10;0;0;1;29;1;8;20;23;4;16;0;0;12;4;0;1;30;1;9;20;23;1;27;0;1;20;6;0;7;33;2;7;24;21;4;22;0;0;17;4;1;2;51;10;20;21;44;0;15;0;0;12;3;0;4;83;24;28;31;11;1;16;0;3;11;2;0;5;80;29;38;13;20;1;7;0;0;6;1;0;3;86;54;18;14;13;0;7;0;0;6;0;1;7;89;58;14;17;13;0;6;0;1;5;0;0;4;68;58;3;7;7;0;6;0;3;1;2;0;2;61;51;3;7;2;0;3;0;1;1;1;0;26;107;97;4;6;2;0;4;0;0;3;0;1
LAJES DO PICO;3;140;0;21;119;55;0;0;0;0;0;0;0;0;39;0;6;33;132;6;41;3;0;33;5;0;0;47;0;4;43;91;11;54;1;0;32;21;0;1;69;1;13;55;81;13;53;2;0;36;14;1;3;119;10;33;76;69;9;68;0;1;56;10;1;9;169;19;65;85;86;8;52;1;2;43;6;0;16;198;26;102;70;59;6;46;0;3;38;4;1;13;240;59;115;66;41;1;38;0;4;30;4;0;14;268;148;61;59;36;2;25;0;1;22;2;0;16;229;151;41;37;27;0;24;0;1;18;5;0;14;239;195;19;25;14;0;28;0;7;18;2;1;12;219;187;13;19;15;0;11;0;3;7;1;0;92;418;391;12;15;5;0;12;0;6;4;0;2
MADALENA;3;213;1;38;174;106;0;1;1;0;0;0;0;2;81;3;12;66;174;14;59;4;0;47;8;0;3;107;4;16;87;124;12;85;1;0;54;29;1;13;152;6;25;121;131;20;104;3;1;70;30;0;10;158;17;24;117;128;18;112;2;3;88;17;2;7;223;28;55;140;161;7;114;0;5;94;14;1;16;293;48;126;119;112;8;88;0;5;74;8;1;19;288;99;112;77;90;2;35;0;0;31;3;1;18;364;208;85;71;69;1;37;0;4;30;2;1;27;289;197;46;46;50;0;26;0;5;19;1;1;21;304;255;20;29;15;0;16;0;3;12;1;0;25;254;219;16;19;11;0;16;0;9;7;0;0;112;469;439;13;17;7;0;12;0;7;3;2;0
NORDESTE;1;183;4;34;145;70;0;0;0;0;0;0;0;3;79;6;22;51;131;6;42;2;0;38;2;0;7;80;7;13;60;102;10;42;0;0;33;9;0;4;119;10;24;85;68;11;38;1;0;26;10;1;7;140;12;42;86;77;3;30;1;1;19;8;1;11;190;14;77;99;75;8;28;0;1;25;1;1;8;230;32;105;93;56;2;32;0;1;27;4;0;15;268;62;125;81;27;2;25;0;1;20;4;0;17;266;106;107;53;28;0;16;0;2;13;1;0;24;255;154;76;25;16;0;16;0;3;10;3;0;15;233;202;17;14;14;0;12;0;4;8;0;0;16;173;149;6;18;11;0;16;0;7;7;2;0;125;293;278;9;6;6;0;10;0;6;4;0;0
PONTA DELGADA;60;2720;59;467;2194;1180;3;6;6;0;0;0;0;45;1309;54;280;975;2132;89;736;21;0;591;123;1;69;1319;78;251;990;1488;164;1234;23;0;719;486;6;102;1612;198;408;1006;1311;204;1280;25;1;728;513;13;111;2041;214;601;1226;1315;186;1497;22;21;1068;364;22;164;2480;398;969;1113;1393;113;1598;3;37;1270;236;52;171;2919;644;1350;925;997;71;1300;0;44;1055;168;33;189;2926;849;1299;778;835;36;916;0;44;722;108;42;295;2914;1043;1205;666;821;2;802;0;47;615;104;36;260;2774;1249;907;618;697;0;611;0;67;437;72;35;218;2220;1636;208;376;397;0;431;0;114;258;34;25;189;1839;1374;123;342;239;0;329;0;123;175;16;15;781;2796;2174;184;438;274;0;389;0;207;154;15;13
POVOACAO;7;262;9;53;200;88;0;0;0;0;0;0;0;6;131;4;39;88;187;5;38;2;0;32;4;0;5;124;7;35;82;130;14;62;3;0;42;17;0;6;173;25;55;93;132;13;50;1;0;34;15;0;6;168;24;64;80;113;11;61;2;0;47;11;1;9;259;64;99;96;102;6;61;0;1;51;9;0;19;308;91;135;82;62;1;60;0;2;52;5;1;39;352;152;133;67;43;0;32;0;1;27;3;1;25;380;178;131;71;41;0;24;0;3;17;4;0;24;331;224;69;38;27;0;16;0;1;14;1;0;20;243;208;13;22;12;0;20;0;4;14;1;1;29;212;194;12;6;7;0;7;0;3;3;0;1;122;308;284;10;14;11;0;10;0;2;6;1;1
RIBEIRA GRANDE;60;1589;90;369;1130;608;1;5;5;0;0;0;0;45;863;106;248;509;968;42;284;9;0;237;38;0;60;906;111;225;570;684;60;354;8;0;210;133;3;102;1161;228;334;599;561;83;346;7;4;207;124;4;138;1431;282;498;651;523;54;388;5;3;279;100;1;171;1586;373;596;617;495;39;431;1;10;343;68;9;167;1589;538;659;392;340;24;328;0;10;278;38;2;138;1504;550;674;280;231;2;177;0;9;142;18;8;165;1415;662;502;251;189;1;157;0;13;121;19;4;159;1301;779;379;143;134;0;83;0;3;62;13;5;125;930;777;68;85;63;0;71;0;17;46;5;3;62;634;546;37;51;25;0;43;0;17;19;5;2;385;930;835;31;64;29;0;44;0;18;22;3;1
SANTA CRUZ DA GRACIOSA;1;138;1;32;105;59;0;1;1;0;0;0;0;2;68;5;25;38;110;7;38;4;0;26;8;0;2;86;5;13;68;64;2;63;1;0;39;21;2;4;119;14;34;71;72;5;54;1;0;40;11;2;1;129;14;29;86;71;7;51;0;0;44;7;0;11;188;19;91;78;70;4;46;1;2;39;3;1;8;189;39;98;52;30;3;37;0;2;32;3;0;19;194;77;87;30;19;2;21;0;0;18;3;0;19;232;155;38;39;37;0;30;0;3;24;3;0;17;228;184;15;29;34;0;17;0;2;12;2;1;23;198;167;14;17;10;0;22;0;8;13;1;0;16;176;157;8;11;11;0;6;0;4;2;0;0;96;314;297;6;11;8;0;10;0;7;2;0;1
SANTA CRUZ DAS FLORES;0;59;0;8;51;22;0;0;0;0;0;0;0;1;37;0;9;28;60;1;7;0;0;4;3;0;0;38;4;6;28;26;4;31;0;0;20;11;0;1;68;1;14;53;39;2;30;2;0;16;11;1;4;59;4;15;40;40;7;34;1;1;26;6;0;4;80;8;28;44;50;1;41;0;3;35;3;0;5;105;16;43;46;22;1;21;0;2;17;2;0;4;104;33;36;35;22;0;12;0;0;12;0;0;4;130;66;33;31;23;0;10;0;1;7;2;0;12;109;75;13;21;12;0;13;0;1;10;0;2;9;95;75;5;15;11;0;6;0;2;2;1;1;16;65;53;3;9;3;0;3;0;1;2;0;0;35;138;114;4;20;5;0;1;0;0;1;0;0
SAO ROQUE DO PICO;2;89;0;13;76;51;1;0;0;0;0;0;0;3;37;0;10;27;64;4;21;0;0;12;9;0;1;58;1;9;48;57;11;36;3;0;24;9;0;5;82;2;23;57;85;9;46;1;0;35;9;1;4;86;7;19;60;70;8;38;2;1;28;6;1;4;93;15;23;55;84;6;62;0;4;48;9;1;8;138;21;67;50;65;3;42;0;5;35;2;0;20;126;36;65;25;39;1;42;0;3;34;4;1;14;192;104;43;45;38;0;21;0;0;19;1;1;14;187;130;34;23;26;0;18;0;1;16;1;0;11;139;117;11;11;11;0;19;0;4;10;3;2;10;146;123;10;13;13;0;10;0;4;5;1;0;51;257;224;7;26;4;0;13;0;11;2;0;0
VELAS;4;151;1;20;130;74;0;2;2;0;0;0;0;0;63;1;14;48;137;5;46;2;0;36;8;0;8;87;0;14;73;101;15;53;2;0;34;17;0;8;121;12;29;80;85;8;74;3;0;51;20;0;11;142;10;44;88;103;9;56;2;1;39;13;1;21;201;23;70;108;109;6;83;0;7;64;12;0;14;241;54;97;90;69;6;58;0;5;47;6;0;24;255;106;94;55;54;2;37;0;4;28;5;0;30;278;171;63;44;46;1;34;0;5;25;2;2;25;269;185;35;49;37;0;24;0;7;15;2;0;26;221;178;17;26;23;0;18;0;6;11;1;0;23;194;163;12;19;6;0;15;0;6;9;0;0;89;392;372;10;10;12;0;12;0;6;4;1;1
VILA DA PRAIA DA VITORIA;15;643;18;102;523;363;3;3;3;0;0;0;0;13;269;13;71;185;587;32;205;10;0;163;32;0;17;304;20;65;219;441;58;259;10;0;158;89;2;27;479;41;138;300;384;47;293;8;0;187;97;1;34;697;50;207;440;424;34;287;5;3;214;62;3;32;796;109;284;403;359;24;332;2;11;270;43;6;46;857;188;400;269;254;13;221;0;12;188;19;2;68;984;329;438;217;185;9;146;0;10;116;19;1;88;1196;692;288;216;169;0;91;0;12;70;6;3;93;1153;867;122;164;141;0;84;0;15;62;5;2;115;945;792;68;85;67;0;73;0;17;51;3;2;89;724;642;35;47;33;0;43;0;7;31;2;3;349;1080;976;37;67;22;0;32;0;13;14;2;3
VILA DO PORTO;2;185;1;31;153;110;1;0;0;0;0;0;0;4;80;5;20;55;196;5;36;0;0;32;4;0;4;112;6;17;89;116;8;93;2;0;53;38;0;4;104;13;16;75;117;5;87;2;0;55;30;0;3;196;28;47;121;105;14;65;1;2;44;16;2;12;232;26;86;120;127;5;78;0;2;68;8;0;6;246;67;103;76;83;2;59;0;5;47;6;1;13;259;106;98;55;67;3;54;0;5;45;4;0;18;263;133;73;57;73;0;37;0;6;29;2;0;22;301;197;62;42;56;0;21;0;3;16;2;0;17;247;184;29;34;26;0;25;0;6;15;3;1;19;187;148;17;22;9;0;12;0;3;7;2;0;79;292;253;11;28;17;0;15;0;6;7;2;0
VILA FRANCA DO CAMPO;5;442;10;103;329;155;5;0;0;0;0;0;0;7;234;21;66;147;347;19;106;6;0;85;15;0;20;253;31;76;146;264;33;145;6;0;95;43;1;23;341;58;118;165;194;28;93;1;0;61;30;1;39;380;65;126;189;157;12;118;1;0;96;18;3;45;496;129;184;183;139;9;134;0;2;114;17;1;65;580;204;224;152;87;5;83;0;1;74;8;0;59;587;262;189;136;66;1;52;0;3;48;1;0;91;563;292;214;57;64;0;39;0;1;32;5;1;76;523;299;179;45;42;0;27;0;1;21;5;0;62;411;376;20;15;22;0;30;0;9;18;2;1;63;303;279;11;13;8;0;18;0;6;9;2;1;195;385;350;10;25;11;0;31;0;17;11;1;2
CALHETA;7;392;1;74;317;190;1;1;1;0;0;0;0;4;114;1;20;93;322;7;104;9;0;66;29;0;19;100;9;21;70;170;11;134;3;0;67;62;2;18;155;11;41;103;183;10;141;3;1;95;39;3;24;237;36;72;129;210;12;144;1;9;105;28;1;35;331;70;110;151;194;10;168;1;9;129;28;1;38;420;134;178;108;224;10;156;0;13;124;15;4;67;565;234;226;105;139;5;91;0;12;62;13;4;85;651;417;148;86;97;0;56;0;7;41;7;1;101;571;425;90;56;93;0;51;0;10;34;4;3;88;513;459;29;25;46;0;38;0;7;17;11;3;112;517;453;27;37;24;0;28;0;8;14;4;2;581;791;742;17;32;15;0;15;0;5;8;2;0
CAMARA DE LOBOS;15;1383;7;220;1156;723;1;4;4;0;0;0;0;24;524;22;130;372;1274;34;372;27;0;306;39;0;35;632;58;175;399;770;69;452;20;0;285;145;2;51;845;114;283;448;565;56;370;9;2;229;127;3;78;1121;151;406;564;544;46;364;6;9;271;71;7;112;1407;374;521;512;536;29;334;2;17;274;39;2;180;1872;718;694;460;400;22;225;0;14;186;22;3;266;1857;1082;535;240;253;14;152;0;20;115;15;2;292;1902;1306;385;211;197;2;99;0;5;84;9;1;302;1455;1181;156;118;127;0;82;0;10;62;8;2;331;1172;1073;55;44;50;0;26;0;2;21;1;2;330;890;818;31;41;21;0;20;0;5;12;0;3;1000;974;900;34;40;16;0;19;0;6;7;3;3
FUNCHAL;55;3397;24;451;2922;2075;5;8;8;0;0;0;0;75;814;31;134;649;3238;67;1391;65;0;1113;208;5;132;942;55;219;668;1990;171;1886;57;0;1101;711;17;128;1375;148;363;864;1626;182;1986;28;14;1154;766;24;136;2032;168;517;1347;1901;216;2418;30;75;1692;576;45;190;2343;296;736;1311;2067;227;2940;14;127;2326;390;83;284;3327;719;1294;1314;2109;172;2609;0;131;2113;310;55;402;4270;1430;1641;1199;1834;98;1922;0;163;1471;233;55;496;5298;2268;1634;1396;1821;17;1526;0;118;1167;183;58;521;4960;2837;984;1139;1429;0;1164;0;126;869;125;44;553;4708;3312;613;783;774;0;808;0;144;561;66;37;576;4273;3199;377;697;432;0;491;0;118;318;36;19;2241;6776;5345;507;924;530;0;701;0;272;386;31;12
MACHICO;14;737;9;110;618;395;0;1;1;0;0;0;0;11;201;9;39;153;694;18;221;12;0;174;35;0;18;226;12;56;158;349;42;301;8;0;187;105;1;25;312;35;96;181;322;49;249;4;1;159;84;1;28;474;51;146;277;373;37;245;3;3;191;44;4;39;657;102;205;350;365;28;334;0;11;283;36;4;67;975;232;400;343;339;19;270;0;12;234;20;4;109;1162;530;425;207;219;16;149;0;13;117;19;0;117;1349;823;329;197;165;0;102;0;10;80;11;1;129;1235;900;215;120;111;0;58;0;5;44;7;2;140;1104;951;85;68;57;0;35;0;5;28;2;0;163;729;662;34;33;21;0;17;0;10;5;1;1;712;976;906;35;35;32;0;35;0;10;22;1;2
PONTA DO SOL;1;339;1;43;295;190;0;4;4;0;0;0;0;6;118;1;19;98;285;8;79;5;0;65;9;0;10;109;7;29;73;165;13;123;5;0;76;42;0;16;144;14;37;93;130;8;96;1;1;56;36;2;9;196;24;64;108;127;12;95;2;5;69;19;0;27;290;55;98;137;160;5;152;1;9;125;15;2;38;386;118;165;103;129;4;97;0;3;81;12;1;51;473;212;192;69;100;5;64;0;3;56;3;2;72;483;299;136;48;74;0;54;0;3;41;7;3;61;415;286;92;37;50;0;31;0;3;22;4;2;75;374;330;28;16;27;0;17;0;6;8;1;2;83;316;280;18;18;12;0;9;0;3;5;0;1;345;537;506;17;14;8;0;13;0;5;7;1;0
PORTO MONIZ;1;95;1;15;79;29;0;1;1;0;0;0;0;0;19;2;2;15;80;1;33;0;0;26;7;0;1;24;3;7;14;36;2;33;0;0;22;11;0;4;43;7;12;24;34;6;28;0;0;19;9;0;9;53;7;13;33;43;4;30;0;0;18;12;0;7;74;15;29;30;42;2;35;0;2;29;4;0;12;98;24;51;23;26;2;30;0;3;25;1;1;14;129;54;61;14;24;2;16;0;2;12;1;1;24;172;110;49;13;14;0;9;0;2;6;0;1;21;144;115;21;8;20;0;11;0;1;9;0;1;23;160;146;9;5;8;0;6;0;1;5;0;0;47;138;132;2;4;3;0;5;0;3;2;0;0;171;175;164;3;8;4;0;6;0;5;1;0;0
PORTO SANTO;3;187;0;22;165;83;0;0;0;0;0;0;0;0;58;0;5;53;161;5;50;2;0;42;6;0;3;58;2;9;47;114;10;70;2;0;49;19;0;6;76;4;11;61;107;14;48;3;0;30;14;1;7;143;6;36;101;147;14;61;0;2;47;10;2;5;156;19;46;91;116;5;91;0;4;75;11;1;11;229;49;86;94;115;5;72;0;8;54;10;0;17;259;66;96;97;108;5;46;0;2;33;8;3;23;335;138;100;97;82;1;50;0;9;30;10;1;25;321;188;69;64;65;0;31;0;4;24;3;0;26;231;185;22;24;40;0;30;0;8;19;2;1;27;180;140;14;26;17;0;17;0;5;11;0;1;124;255;222;11;22;10;0;12;0;2;6;2;2
RIBEIRA BRAVA;7;556;0;89;467;259;0;1;1;0;0;0;0;8;135;4;28;103;446;10;160;9;0;129;22;0;8;161;2;49;110;264;16;180;5;0;105;70;0;19;204;22;62;120;194;19;184;3;1;118;59;3;24;355;51;105;199;219;11;167;1;2;132;32;0;34;431;81;167;183;248;15;178;0;14;149;14;1;50;577;201;237;139;211;15;184;0;6;156;18;4;98;656;344;209;103;148;7;112;0;9;88;12;3;128;697;461;149;87;103;0;80;0;7;63;9;1;112;630;462;111;57;61;0;48;0;5;33;9;1;119;562;503;32;27;33;0;29;0;10;17;2;0;148;468;426;23;19;8;0;15;0;5;8;0;2;632;602;568;22;12;11;0;11;0;3;6;2;0
SANTA CRUZ;23;1546;3;204;1339;906;0;1;1;0;0;0;0;17;298;9;38;251;1379;26;514;19;0;428;67;0;38;422;17;79;326;863;88;719;17;0;427;269;6;36;690;46;174;470;839;129;711;15;3;439;243;11;59;1003;78;215;710;1036;130;900;9;27;693;159;12;85;1351;104;434;813;1315;127;1173;3;61;962;135;12;93;1645;266;698;681;1200;109;931;0;63;752;102;14;133;1958;555;857;546;829;57;561;0;35;457;54;15;186;2020;910;635;475;595;7;397;0;38;305;38;16;155;1714;1041;353;320;378;0;273;0;31;209;28;5;182;1527;1218;163;146;181;0;157;0;29;101;22;5;183;1178;974;91;113;78;0;80;0;20;48;7;5;837;1660;1460;87;113;65;0;61;0;26;30;3;2
SANTANA;4;202;0;20;182;119;0;0;0;0;0;0;0;1;44;0;3;41;203;3;81;1;0;69;11;0;3;56;2;5;49;109;5;82;2;0;45;34;1;4;89;7;16;66;103;6;91;2;0;56;31;2;5;122;10;30;82;135;12;67;1;3;53;10;0;19;193;41;68;84;108;15;88;0;2;76;9;1;17;251;67;105;79;87;4;79;0;7;60;8;4;23;332;143;123;66;69;3;38;0;2;29;6;1;51;486;323;120;43;58;1;36;0;0;29;4;3;37;430;325;65;40;40;0;20;0;3;14;1;2;45;411;373;22;16;17;0;19;0;3;15;1;0;49;346;308;17;21;10;0;9;0;2;6;1;0;432;510;482;13;15;12;0;10;0;4;5;1;0
SAO VICENTE;1;156;2;24;130;96;0;2;2;0;0;0;0;2;48;2;9;37;132;2;52;1;0;47;4;0;2;60;4;12;44;90;5;70;2;0;47;20;1;6;78;8;31;39;79;5;57;3;0;34;19;1;10;109;18;29;62;74;7;59;0;1;44;14;0;11;139;25;60;54;84;8;71;0;8;51;8;4;17;184;46;84;54;65;4;51;0;2;44;5;0;30;237;113;85;39;39;0;36;0;1;31;3;1;43;301;204;68;29;42;1;30;0;3;26;0;1;50;319;234;46;39;33;0;19;0;1;16;2;0;50;299;256;18;25;11;0;14;0;3;11;0;0;58;236;208;12;16;5;0;10;0;4;5;1;0;267;364;341;14;9;7;0;10;0;5;5;0;0
